location_id,date,rainfall_mm,temp_max_c,temp_min_c,humidity_pct,wind_speed_ms,wind_dir_deg,olr_wm2,zonal_wind_850hpa_ms,soil_moisture_pct,enso_nino34,iod_dmi,mjo_amplitude,data_source_id
tel_wgl_dharmasagar,2023-05-01,0.0,33.8,22.1,57.8,5.8,93.1,245.8,5.0,23.4,0.33,-0.18,0.86,synthetic_demo_feed
tel_wgl_dharmasagar,2023-05-02,0.0,33.2,23.2,53.0,4.1,128.6,220.9,3.6,30.7,0.33,-0.18,0.86,synthetic_demo_feed
tel_wgl_dharmasagar,2023-05-03,4.0,32.9,22.2,43.1,4.6,85.8,244.4,4.0,37.3,0.33,-0.18,0.86,synthetic_demo_feed
tel_wgl_dharmasagar,2023-05-04,0.0,35.4,22.8,54.6,6.2,113.1,241.1,5.4,30.6,0.33,-0.18,0.86,synthetic_demo_feed
tel_wgl_dharmasagar,2023-05-05,0.0,32.6,22.5,51.5,6.4,97.4,241.6,5.6,33.3,0.33,-0.18,0.86,synthetic_demo_feed
tel_wgl_dharmasagar,2023-05-06,1.2,33.4,22.4,52.7,4.4,96.0,223.5,3.8,27.8,0.33,-0.18,0.86,synthetic_demo_feed
tel_wgl_dharmasagar,2023-05-07,0.0,33.0,22.8,43.4,5.5,139.4,242.7,4.8,33.7,0.33,-0.18,0.86,synthetic_demo_feed
tel_wgl_dharmasagar,2023-05-08,0.0,33.2,22.1,56.9,5.9,98.9,239.5,5.1,34.4,0.33,-0.18,0.86,synthetic_demo_feed
tel_wgl_dharmasagar,2023-05-09,0.0,34.5,22.8,57.5,6.7,134.9,227.4,5.8,27.0,0.33,-0.18,0.86,synthetic_demo_feed
tel_wgl_dharmasagar,2023-05-10,0.0,34.3,23.8,51.2,4.3,104.0,229.3,3.7,26.2,0.33,-0.18,0.86,synthetic_demo_feed
tel_wgl_dharmasagar,2023-05-11,0.0,32.8,23.3,41.8,5.2,127.5,254.9,4.5,22.8,0.33,-0.18,0.86,synthetic_demo_feed
tel_wgl_dharmasagar,2023-05-12,0.0,35.4,23.7,59.9,4.7,80.7,222.2,4.1,30.5,0.33,-0.18,0.86,synthetic_demo_feed
tel_wgl_dharmasagar,2023-05-13,0.0,32.8,22.9,45.3,5.3,107.2,243.9,4.6,32.3,0.33,-0.18,0.86,synthetic_demo_feed
tel_wgl_dharmasagar,2023-05-14,0.0,35.2,23.7,50.0,4.4,97.9,250.7,3.8,24.9,0.33,-0.18,0.86,synthetic_demo_feed
tel_wgl_dharmasagar,2023-05-15,0.0,34.8,23.1,55.3,4.0,80.0,241.3,3.5,30.6,0.33,-0.18,0.86,synthetic_demo_feed
tel_wgl_dharmasagar,2023-05-16,0.0,33.4,22.1,57.6,6.7,132.7,220.7,5.8,35.3,0.33,-0.18,0.86,synthetic_demo_feed
tel_wgl_dharmasagar,2023-05-17,0.0,34.8,22.3,41.4,5.2,108.5,223.0,4.5,34.2,0.33,-0.18,0.86,synthetic_demo_feed
tel_wgl_dharmasagar,2023-05-18,0.0,34.1,23.5,48.5,6.4,92.1,229.3,5.6,25.4,0.33,-0.18,0.86,synthetic_demo_feed
tel_wgl_dharmasagar,2023-05-19,0.0,32.9,22.4,48.8,5.6,100.3,254.8,4.9,30.3,0.33,-0.18,0.86,synthetic_demo_feed
tel_wgl_dharmasagar,2023-05-20,0.0,33.2,23.8,41.4,4.3,131.6,228.1,3.7,32.1,0.33,-0.18,0.86,synthetic_demo_feed
tel_wgl_dharmasagar,2023-05-21,1.2,34.0,22.9,42.6,4.1,127.1,243.4,3.6,37.0,0.33,-0.18,0.86,synthetic_demo_feed
tel_wgl_dharmasagar,2023-05-22,0.0,33.9,23.5,48.6,3.8,120.4,226.7,3.3,28.8,0.33,-0.18,0.86,synthetic_demo_feed
tel_wgl_dharmasagar,2023-05-23,0.0,33.2,22.4,46.8,4.8,106.9,223.4,4.2,35.8,0.33,-0.18,0.86,synthetic_demo_feed
tel_wgl_dharmasagar,2023-05-24,0.0,35.1,23.1,58.5,4.3,83.0,229.7,3.7,29.1,0.33,-0.18,0.86,synthetic_demo_feed
tel_wgl_dharmasagar,2023-05-25,0.0,33.0,23.0,58.5,6.8,92.8,249.3,5.9,35.6,0.33,-0.18,0.86,synthetic_demo_feed
tel_wgl_dharmasagar,2023-05-26,0.0,34.9,22.9,59.7,4.7,105.4,222.1,4.1,26.2,0.33,-0.18,0.86,synthetic_demo_feed
tel_wgl_dharmasagar,2023-05-27,0.0,33.4,23.9,54.4,5.4,114.8,254.8,4.7,24.5,0.33,-0.18,0.86,synthetic_demo_feed
tel_wgl_dharmasagar,2023-05-28,0.0,35.1,22.3,51.7,3.7,137.6,246.2,3.2,30.0,0.33,-0.18,0.86,synthetic_demo_feed
tel_wgl_dharmasagar,2023-05-29,0.9,35.0,22.5,44.7,5.8,115.7,240.8,5.0,23.9,0.33,-0.18,0.86,synthetic_demo_feed
tel_wgl_dharmasagar,2023-05-30,0.0,33.1,23.4,50.5,5.5,94.3,234.7,4.8,37.0,0.33,-0.18,0.86,synthetic_demo_feed
tel_wgl_dharmasagar,2023-05-31,0.0,32.7,22.9,46.3,4.5,139.9,243.5,3.9,34.0,0.33,-0.18,0.86,synthetic_demo_feed
tel_wgl_dharmasagar,2023-06-01,0.0,35.1,23.8,71.1,8.6,224.8,182.9,7.5,73.0,0.33,-0.18,0.86,synthetic_demo_feed
tel_wgl_dharmasagar,2023-06-02,21.3,29.3,23.6,87.7,10.7,222.0,208.1,9.3,64.6,0.33,-0.18,0.86,synthetic_demo_feed
tel_wgl_dharmasagar,2023-06-03,0.0,34.2,22.5,67.7,8.2,234.2,217.6,7.1,48.2,0.33,-0.18,0.86,synthetic_demo_feed
tel_wgl_dharmasagar,2023-06-04,0.0,35.2,23.7,71.1,10.8,213.7,188.1,9.4,59.7,0.33,-0.18,0.86,synthetic_demo_feed
tel_wgl_dharmasagar,2023-06-05,8.7,33.4,23.1,79.7,11.5,227.1,180.1,10.0,52.9,0.33,-0.18,0.86,synthetic_demo_feed
tel_wgl_dharmasagar,2023-06-06,4.2,33.6,22.3,77.5,12.2,215.1,215.3,10.6,70.0,0.33,-0.18,0.86,synthetic_demo_feed
tel_wgl_dharmasagar,2023-06-07,22.7,29.8,22.2,85.7,12.0,241.2,211.8,10.4,51.3,0.33,-0.18,0.86,synthetic_demo_feed
tel_wgl_dharmasagar,2023-06-08,35.0,30.0,23.7,82.3,13.7,249.0,174.2,11.9,56.0,0.33,-0.18,0.86,synthetic_demo_feed
tel_wgl_dharmasagar,2023-06-09,33.1,28.5,23.9,91.0,9.9,242.1,190.8,8.6,62.0,0.33,-0.18,0.86,synthetic_demo_feed
tel_wgl_dharmasagar,2023-06-10,34.5,27.6,23.7,91.8,11.5,244.3,188.4,10.0,68.0,0.33,-0.18,0.86,synthetic_demo_feed
tel_wgl_dharmasagar,2023-06-11,17.8,32.2,22.5,84.6,12.6,210.9,188.6,11.0,74.0,0.33,-0.18,0.86,synthetic_demo_feed
tel_wgl_dharmasagar,2023-06-12,17.0,30.8,23.3,94.5,15.3,226.0,171.5,13.3,80.0,0.33,-0.18,0.86,synthetic_demo_feed
tel_wgl_dharmasagar,2023-06-13,0.0,33.0,23.9,67.7,12.3,220.6,201.4,10.7,74.1,0.33,-0.18,0.86,synthetic_demo_feed
tel_wgl_dharmasagar,2023-06-14,12.3,31.8,23.2,78.9,9.1,220.2,209.1,7.9,60.3,0.33,-0.18,0.86,synthetic_demo_feed
tel_wgl_dharmasagar,2023-06-15,0.0,34.7,23.3,77.4,12.3,224.6,180.1,10.7,66.6,0.33,-0.18,0.86,synthetic_demo_feed
tel_wgl_dharmasagar,2023-06-16,17.4,30.8,22.6,84.5,9.1,226.3,193.2,7.9,66.6,0.33,-0.18,0.86,synthetic_demo_feed
tel_wgl_dharmasagar,2023-06-17,9.2,33.8,23.2,86.6,9.7,222.0,185.1,8.4,65.3,0.33,-0.18,0.86,synthetic_demo_feed
tel_wgl_dharmasagar,2023-06-18,0.0,34.5,22.9,74.9,9.0,227.7,180.0,7.8,62.4,0.33,-0.18,0.86,synthetic_demo_feed
tel_wgl_dharmasagar,2023-06-19,13.1,32.1,23.3,68.9,11.6,223.4,216.0,10.1,47.5,0.33,-0.18,0.86,synthetic_demo_feed
tel_wgl_dharmasagar,2023-06-20,0.0,32.6,22.5,70.2,10.9,229.0,210.0,9.5,51.0,0.33,-0.18,0.86,synthetic_demo_feed
tel_wgl_dharmasagar,2023-06-21,0.0,34.6,23.0,79.5,9.7,219.8,182.9,8.4,50.8,0.33,-0.18,0.86,synthetic_demo_feed
tel_wgl_dharmasagar,2023-06-22,0.0,33.8,22.4,82.7,11.4,248.3,180.2,9.9,48.2,0.33,-0.18,0.86,synthetic_demo_feed
tel_wgl_dharmasagar,2023-06-23,0.0,34.9,23.3,84.5,8.7,249.5,182.0,7.6,58.7,0.33,-0.18,0.86,synthetic_demo_feed
tel_wgl_dharmasagar,2023-06-24,0.0,34.0,23.7,79.1,12.1,231.9,218.0,10.5,66.6,0.33,-0.18,0.86,synthetic_demo_feed
tel_wgl_dharmasagar,2023-06-25,0.0,34.4,23.5,71.0,9.9,230.9,209.7,8.6,52.4,0.33,-0.18,0.86,synthetic_demo_feed
tel_wgl_dharmasagar,2023-06-26,0.0,33.5,23.1,71.6,7.8,215.5,191.0,6.8,53.2,0.33,-0.18,0.86,synthetic_demo_feed
tel_wgl_dharmasagar,2023-06-27,18.1,31.0,22.4,74.4,7.8,226.8,208.3,6.8,61.3,0.33,-0.18,0.86,synthetic_demo_feed
tel_wgl_dharmasagar,2023-06-28,0.0,33.6,22.0,84.7,11.0,224.1,203.4,9.6,68.0,0.33,-0.18,0.86,synthetic_demo_feed
tel_wgl_dharmasagar,2023-06-29,0.0,34.1,23.2,74.6,12.4,218.8,214.1,10.8,67.4,0.33,-0.18,0.86,synthetic_demo_feed
tel_wgl_dharmasagar,2023-06-30,12.3,31.2,22.9,80.6,9.2,215.1,181.2,8.0,57.1,0.33,-0.18,0.86,synthetic_demo_feed
tel_wgl_dharmasagar,2023-07-01,0.0,34.4,22.3,78.0,9.5,228.5,181.1,8.3,45.8,0.33,-0.18,0.86,synthetic_demo_feed
tel_wgl_dharmasagar,2023-07-02,11.0,33.1,23.7,82.5,9.2,220.1,188.5,8.0,56.4,0.33,-0.18,0.86,synthetic_demo_feed
tel_wgl_dharmasagar,2023-07-03,2.9,34.4,23.3,73.0,12.6,240.2,201.6,11.0,64.5,0.33,-0.18,0.86,synthetic_demo_feed
tel_wgl_dharmasagar,2023-07-04,0.0,34.5,23.1,68.5,7.6,218.7,188.0,6.6,48.8,0.33,-0.18,0.86,synthetic_demo_feed
tel_wgl_dharmasagar,2023-07-05,0.0,32.8,23.6,79.0,8.4,248.6,210.7,7.3,67.4,0.33,-0.18,0.86,synthetic_demo_feed
tel_wgl_dharmasagar,2023-07-06,3.1,34.2,22.2,87.0,10.9,237.6,192.5,9.5,56.9,0.33,-0.18,0.86,synthetic_demo_feed
tel_wgl_dharmasagar,2023-07-07,0.0,32.9,24.0,84.6,11.5,241.3,184.1,10.0,63.0,0.33,-0.18,0.86,synthetic_demo_feed
tel_wgl_dharmasagar,2023-07-08,12.1,33.2,22.2,72.8,10.1,248.4,194.8,8.8,70.5,0.33,-0.18,0.86,synthetic_demo_feed
tel_wgl_dharmasagar,2023-07-09,0.0,35.4,22.5,75.0,11.2,242.3,213.1,9.7,67.0,0.33,-0.18,0.86,synthetic_demo_feed
tel_wgl_dharmasagar,2023-07-10,0.0,35.1,23.7,81.8,9.8,213.5,199.3,8.5,53.1,0.33,-0.18,0.86,synthetic_demo_feed
tel_wgl_dharmasagar,2023-07-11,0.0,32.6,23.7,79.0,9.9,217.3,189.8,8.6,56.4,0.33,-0.18,0.86,synthetic_demo_feed
tel_wgl_dharmasagar,2023-07-12,20.5,29.5,23.9,81.1,12.1,213.4,193.6,10.5,53.3,0.33,-0.18,0.86,synthetic_demo_feed
tel_wgl_dharmasagar,2023-07-13,0.0,34.0,23.6,80.9,11.4,213.7,199.5,9.9,64.4,0.33,-0.18,0.86,synthetic_demo_feed
tel_wgl_dharmasagar,2023-07-14,18.1,31.1,23.5,75.9,10.5,223.2,192.2,9.1,60.9,0.33,-0.18,0.86,synthetic_demo_feed
tel_wgl_dharmasagar,2023-07-15,0.0,32.9,23.1,67.8,8.7,240.5,190.8,7.6,50.8,0.33,-0.18,0.86,synthetic_demo_feed
tel_wgl_dharmasagar,2023-07-16,7.4,32.2,22.2,87.5,11.3,217.8,199.4,9.8,60.7,0.33,-0.18,0.86,synthetic_demo_feed
tel_wgl_dharmasagar,2023-07-17,6.5,33.2,23.4,71.3,10.2,215.1,180.6,8.9,74.2,0.33,-0.18,0.86,synthetic_demo_feed
tel_wgl_dharmasagar,2023-07-18,0.0,33.8,22.4,78.2,12.0,212.1,199.6,10.4,59.1,0.33,-0.18,0.86,synthetic_demo_feed
tel_wgl_dharmasagar,2023-07-19,0.0,34.4,22.1,74.2,11.7,216.0,199.1,10.2,47.2,0.33,-0.18,0.86,synthetic_demo_feed
tel_wgl_dharmasagar,2023-07-20,0.5,34.7,23.2,43.9,5.8,127.4,242.6,5.0,55.5,0.33,-0.18,0.86,synthetic_demo_feed
tel_wgl_dharmasagar,2023-07-21,0.2,35.1,24.0,49.1,4.1,98.3,248.1,3.6,51.0,0.33,-0.18,0.86,synthetic_demo_feed
tel_wgl_dharmasagar,2023-07-22,0.5,33.0,22.4,57.2,5.1,119.6,250.2,4.4,46.5,0.33,-0.18,0.86,synthetic_demo_feed
tel_wgl_dharmasagar,2023-07-23,0.1,33.8,23.2,42.0,3.1,97.5,239.3,2.7,42.0,0.33,-0.18,0.86,synthetic_demo_feed
tel_wgl_dharmasagar,2023-07-24,0.2,34.5,23.8,49.3,4.9,127.3,252.7,4.3,37.5,0.33,-0.18,0.86,synthetic_demo_feed
tel_wgl_dharmasagar,2023-07-25,0.5,34.1,23.3,48.8,5.5,134.5,251.5,4.8,33.0,0.33,-0.18,0.86,synthetic_demo_feed
tel_wgl_dharmasagar,2023-07-26,0.7,34.6,23.1,46.9,3.3,97.3,236.8,2.9,28.5,0.33,-0.18,0.86,synthetic_demo_feed
tel_wgl_dharmasagar,2023-07-27,0.1,34.0,23.0,57.1,4.8,84.8,252.2,4.2,24.0,0.33,-0.18,0.86,synthetic_demo_feed
tel_wgl_dharmasagar,2023-07-28,0.0,32.8,23.9,46.0,3.8,130.2,245.8,3.3,20.0,0.33,-0.18,0.86,synthetic_demo_feed
tel_wgl_dharmasagar,2023-07-29,0.0,32.6,23.5,80.5,12.6,228.8,218.0,11.0,53.1,0.33,-0.18,0.86,synthetic_demo_feed
tel_wgl_dharmasagar,2023-07-30,0.0,34.0,22.2,78.5,8.4,223.9,216.6,7.3,64.0,0.33,-0.18,0.86,synthetic_demo_feed
tel_wgl_dharmasagar,2023-07-31,17.6,32.7,23.6,81.0,9.2,232.0,214.3,8.0,53.6,0.33,-0.18,0.86,synthetic_demo_feed
tel_wgl_dharmasagar,2023-08-01,0.0,34.0,24.0,87.3,9.2,236.3,192.6,8.0,57.1,0.33,-0.18,0.86,synthetic_demo_feed
tel_wgl_dharmasagar,2023-08-02,0.0,34.4,23.5,73.3,8.4,218.1,196.5,7.3,67.7,0.33,-0.18,0.86,synthetic_demo_feed
tel_wgl_dharmasagar,2023-08-03,0.0,35.4,23.2,81.1,9.8,219.6,217.1,8.5,48.6,0.33,-0.18,0.86,synthetic_demo_feed
tel_wgl_dharmasagar,2023-08-04,14.9,31.6,22.2,87.8,7.9,243.3,202.1,6.9,72.4,0.33,-0.18,0.86,synthetic_demo_feed
tel_wgl_dharmasagar,2023-08-05,0.0,35.4,22.5,71.3,10.1,232.1,208.7,8.8,70.0,0.33,-0.18,0.86,synthetic_demo_feed
tel_wgl_dharmasagar,2023-08-06,23.2,31.4,22.8,84.9,12.1,247.4,200.3,10.5,53.3,0.33,-0.18,0.86,synthetic_demo_feed
tel_wgl_dharmasagar,2023-08-07,0.0,35.5,23.0,71.9,9.0,215.9,212.8,7.8,62.6,0.33,-0.18,0.86,synthetic_demo_feed
tel_wgl_dharmasagar,2023-08-08,0.0,33.5,22.4,77.5,10.3,237.9,193.8,9.0,58.7,0.33,-0.18,0.86,synthetic_demo_feed
tel_wgl_dharmasagar,2023-08-09,0.0,34.6,23.6,66.0,11.5,225.4,189.3,10.0,67.3,0.33,-0.18,0.86,synthetic_demo_feed
tel_wgl_dharmasagar,2023-08-10,0.0,34.0,23.2,76.4,12.5,244.8,212.8,10.9,46.1,0.33,-0.18,0.86,synthetic_demo_feed
tel_wgl_dharmasagar,2023-08-11,0.0,33.7,23.3,75.5,10.2,216.2,197.6,8.9,66.7,0.33,-0.18,0.86,synthetic_demo_feed
tel_wgl_dharmasagar,2023-08-12,0.0,35.1,23.7,80.9,9.2,244.4,218.8,8.0,64.5,0.33,-0.18,0.86,synthetic_demo_feed
tel_wgl_dharmasagar,2023-08-13,9.6,31.3,23.3,85.1,11.4,246.8,208.7,9.9,46.1,0.33,-0.18,0.86,synthetic_demo_feed
tel_wgl_dharmasagar,2023-08-14,0.0,35.1,22.9,67.3,9.8,237.8,209.9,8.5,64.0,0.33,-0.18,0.86,synthetic_demo_feed
tel_wgl_dharmasagar,2023-08-15,0.0,32.9,23.1,71.7,11.6,232.6,181.8,10.1,56.2,0.33,-0.18,0.86,synthetic_demo_feed
tel_wgl_dharmasagar,2023-08-16,0.0,33.2,23.8,85.0,7.9,215.7,186.8,6.9,63.6,0.33,-0.18,0.86,synthetic_demo_feed
tel_wgl_dharmasagar,2023-08-17,0.0,35.2,23.4,65.2,8.7,216.3,190.2,7.6,69.1,0.33,-0.18,0.86,synthetic_demo_feed
tel_wgl_dharmasagar,2023-08-18,10.3,33.5,22.4,74.8,10.8,225.4,203.5,9.4,52.5,0.33,-0.18,0.86,synthetic_demo_feed
tel_wgl_dharmasagar,2023-08-19,0.0,33.4,24.0,78.2,10.5,236.3,189.5,9.1,74.8,0.33,-0.18,0.86,synthetic_demo_feed
tel_wgl_dharmasagar,2023-08-20,15.2,31.7,23.8,66.1,11.4,221.4,207.4,9.9,63.2,0.33,-0.18,0.86,synthetic_demo_feed
tel_wgl_dharmasagar,2023-08-21,0.0,34.5,23.4,79.6,9.3,236.4,204.3,8.1,63.6,0.33,-0.18,0.86,synthetic_demo_feed
tel_wgl_dharmasagar,2023-08-22,0.0,33.8,23.2,79.9,12.2,239.3,205.1,10.6,54.3,0.33,-0.18,0.86,synthetic_demo_feed
tel_wgl_dharmasagar,2023-08-23,9.1,34.0,23.1,68.0,8.4,246.5,209.9,7.3,61.2,0.33,-0.18,0.86,synthetic_demo_feed
tel_wgl_dharmasagar,2023-08-24,0.0,34.7,22.7,76.1,11.7,214.6,190.3,10.2,69.2,0.33,-0.18,0.86,synthetic_demo_feed
tel_wgl_dharmasagar,2023-08-25,0.0,35.4,23.9,84.8,12.4,242.2,185.6,10.8,66.7,0.33,-0.18,0.86,synthetic_demo_feed
tel_wgl_dharmasagar,2023-08-26,20.3,31.5,23.2,75.5,10.2,242.9,180.6,8.9,65.2,0.33,-0.18,0.86,synthetic_demo_feed
tel_wgl_dharmasagar,2023-08-27,0.0,34.2,23.8,65.6,8.7,218.9,184.3,7.6,71.5,0.33,-0.18,0.86,synthetic_demo_feed
tel_wgl_dharmasagar,2023-08-28,21.0,32.2,22.6,74.4,9.1,229.7,216.4,7.9,49.2,0.33,-0.18,0.86,synthetic_demo_feed
tel_wgl_dharmasagar,2023-08-29,22.5,32.0,22.8,80.4,9.8,239.7,185.4,8.5,67.3,0.33,-0.18,0.86,synthetic_demo_feed
tel_wgl_dharmasagar,2023-08-30,11.8,30.8,22.7,74.4,10.0,227.7,184.0,8.7,73.5,0.33,-0.18,0.86,synthetic_demo_feed
tel_wgl_dharmasagar,2023-08-31,0.0,35.4,22.7,80.8,7.9,225.9,214.2,6.9,61.3,0.33,-0.18,0.86,synthetic_demo_feed
tel_wgl_dharmasagar,2023-09-01,5.2,33.5,22.0,80.2,9.8,241.5,213.9,8.5,64.3,0.33,-0.18,0.86,synthetic_demo_feed
tel_wgl_dharmasagar,2023-09-02,5.3,32.4,23.7,82.6,7.8,223.1,202.6,6.8,51.2,0.33,-0.18,0.86,synthetic_demo_feed
tel_wgl_dharmasagar,2023-09-03,22.8,29.8,22.3,68.3,12.0,236.4,180.1,10.4,48.9,0.33,-0.18,0.86,synthetic_demo_feed
tel_wgl_dharmasagar,2023-09-04,2.8,32.2,23.5,72.4,8.7,231.0,211.6,7.6,50.2,0.33,-0.18,0.86,synthetic_demo_feed
tel_wgl_dharmasagar,2023-09-05,0.0,34.0,23.9,76.8,11.5,211.7,199.0,10.0,48.3,0.33,-0.18,0.86,synthetic_demo_feed
tel_wgl_dharmasagar,2023-09-06,0.0,32.7,23.0,75.5,10.1,226.1,214.7,8.8,73.9,0.33,-0.18,0.86,synthetic_demo_feed
tel_wgl_dharmasagar,2023-09-07,0.0,34.3,22.1,66.7,12.2,221.0,199.6,10.6,47.4,0.33,-0.18,0.86,synthetic_demo_feed
tel_wgl_dharmasagar,2023-09-08,0.0,33.9,23.2,87.9,9.2,214.0,201.9,8.0,60.9,0.33,-0.18,0.86,synthetic_demo_feed
tel_wgl_dharmasagar,2023-09-09,0.0,33.1,22.9,82.7,10.8,219.1,214.1,9.4,66.6,0.33,-0.18,0.86,synthetic_demo_feed
tel_wgl_dharmasagar,2023-09-10,12.7,31.7,22.3,74.8,7.9,246.9,196.6,6.9,65.0,0.33,-0.18,0.86,synthetic_demo_feed
tel_wgl_dharmasagar,2023-09-11,21.2,31.0,23.2,82.0,7.9,232.5,183.7,6.9,69.4,0.33,-0.18,0.86,synthetic_demo_feed
tel_wgl_dharmasagar,2023-09-12,5.3,33.9,23.9,82.3,10.9,234.0,194.1,9.5,71.0,0.33,-0.18,0.86,synthetic_demo_feed
tel_wgl_dharmasagar,2023-09-13,15.5,32.7,22.7,70.2,10.9,240.5,188.5,9.5,48.2,0.33,-0.18,0.86,synthetic_demo_feed
tel_wgl_dharmasagar,2023-09-14,0.0,34.3,23.3,87.4,11.8,211.1,212.3,10.3,69.6,0.33,-0.18,0.86,synthetic_demo_feed
tel_wgl_dharmasagar,2023-09-15,0.0,33.4,22.7,69.1,8.9,210.2,213.2,7.7,66.1,0.33,-0.18,0.86,synthetic_demo_feed
tel_wgl_dharmasagar,2023-09-16,0.0,32.6,23.5,68.3,9.5,218.6,202.7,8.3,64.0,0.33,-0.18,0.86,synthetic_demo_feed
tel_wgl_dharmasagar,2023-09-17,10.2,31.2,22.1,82.9,11.2,216.3,194.8,9.7,62.0,0.33,-0.18,0.86,synthetic_demo_feed
tel_wgl_dharmasagar,2023-09-18,0.0,33.8,22.5,80.2,8.9,240.2,207.0,7.7,59.6,0.33,-0.18,0.86,synthetic_demo_feed
tel_wgl_dharmasagar,2023-09-19,12.2,30.8,22.8,76.2,11.0,234.0,191.3,9.6,65.0,0.33,-0.18,0.86,synthetic_demo_feed
tel_wgl_dharmasagar,2023-09-20,9.3,31.1,23.5,70.9,8.2,217.0,188.4,7.1,54.8,0.33,-0.18,0.86,synthetic_demo_feed
tel_wgl_dharmasagar,2023-09-21,18.3,32.3,22.1,83.5,11.8,210.7,200.0,10.3,47.2,0.33,-0.18,0.86,synthetic_demo_feed
tel_wgl_dharmasagar,2023-09-22,0.0,33.8,22.2,78.2,10.5,210.8,214.5,9.1,66.3,0.33,-0.18,0.86,synthetic_demo_feed
tel_wgl_dharmasagar,2023-09-23,20.5,32.0,22.5,86.2,11.7,233.6,204.7,10.2,47.6,0.33,-0.18,0.86,synthetic_demo_feed
tel_wgl_dharmasagar,2023-09-24,0.0,33.0,23.0,72.8,9.1,214.6,195.8,7.9,55.0,0.33,-0.18,0.86,synthetic_demo_feed
tel_wgl_dharmasagar,2023-09-25,0.0,34.9,22.5,81.7,9.3,215.9,216.2,8.1,69.6,0.33,-0.18,0.86,synthetic_demo_feed
tel_wgl_dharmasagar,2023-09-26,16.1,31.6,23.5,69.1,10.8,240.4,210.4,9.4,68.2,0.33,-0.18,0.86,synthetic_demo_feed
tel_wgl_dharmasagar,2023-09-27,23.3,30.9,22.3,79.4,10.8,212.7,202.6,9.4,70.9,0.33,-0.18,0.86,synthetic_demo_feed
tel_wgl_dharmasagar,2023-09-28,9.3,32.5,22.1,76.7,7.8,243.3,191.0,6.8,54.3,0.33,-0.18,0.86,synthetic_demo_feed
tel_wgl_dharmasagar,2023-09-29,21.9,30.9,23.6,76.7,10.7,245.8,214.2,9.3,58.9,0.33,-0.18,0.86,synthetic_demo_feed
tel_wgl_dharmasagar,2023-09-30,20.7,29.6,22.2,75.9,9.1,246.0,206.1,7.9,49.5,0.33,-0.18,0.86,synthetic_demo_feed
tel_wgl_dharmasagar,2023-10-01,0.0,33.8,22.9,43.5,5.2,111.4,245.0,4.5,26.0,0.33,-0.18,0.86,synthetic_demo_feed
tel_wgl_dharmasagar,2023-10-02,0.0,34.3,23.6,48.2,4.4,118.8,233.0,3.8,27.4,0.33,-0.18,0.86,synthetic_demo_feed
tel_wgl_dharmasagar,2023-10-03,0.5,35.1,23.7,54.5,4.5,100.0,243.7,3.9,32.5,0.33,-0.18,0.86,synthetic_demo_feed
tel_wgl_dharmasagar,2023-10-04,0.0,33.7,23.2,59.4,4.6,136.3,224.9,4.0,33.2,0.33,-0.18,0.86,synthetic_demo_feed
tel_wgl_dharmasagar,2023-10-05,0.0,35.0,23.5,56.3,6.2,121.1,233.2,5.4,32.7,0.33,-0.18,0.86,synthetic_demo_feed
tel_wgl_dharmasagar,2023-10-06,0.0,33.0,22.4,47.2,4.9,136.9,242.6,4.3,27.8,0.33,-0.18,0.86,synthetic_demo_feed
tel_wgl_dharmasagar,2023-10-07,0.0,32.8,23.5,41.5,3.9,130.1,227.9,3.4,35.5,0.33,-0.18,0.86,synthetic_demo_feed
tel_wgl_dharmasagar,2023-10-08,0.0,33.6,22.3,55.3,4.6,129.9,221.3,4.0,24.1,0.33,-0.18,0.86,synthetic_demo_feed
tel_wgl_dharmasagar,2023-10-09,0.0,34.5,22.5,48.8,4.0,106.7,248.3,3.5,28.6,0.33,-0.18,0.86,synthetic_demo_feed
tel_wgl_dharmasagar,2023-10-10,0.0,34.9,22.9,50.7,4.9,130.1,246.2,4.3,27.0,0.33,-0.18,0.86,synthetic_demo_feed
tel_wgl_dharmasagar,2023-10-11,0.0,33.6,23.1,49.2,6.9,138.0,253.1,6.0,26.5,0.33,-0.18,0.86,synthetic_demo_feed
tel_wgl_dharmasagar,2023-10-12,0.0,35.1,23.1,45.0,3.9,86.2,248.0,3.4,32.3,0.33,-0.18,0.86,synthetic_demo_feed
tel_wgl_dharmasagar,2023-10-13,0.0,35.2,22.3,55.3,4.5,106.2,249.8,3.9,26.4,0.33,-0.18,0.86,synthetic_demo_feed
tel_wgl_dharmasagar,2023-10-14,0.0,32.7,23.0,47.0,5.1,94.1,227.8,4.4,22.4,0.33,-0.18,0.86,synthetic_demo_feed
tel_wgl_dharmasagar,2023-10-15,0.0,34.4,23.6,58.6,3.6,88.3,233.1,3.1,35.4,0.33,-0.18,0.86,synthetic_demo_feed
tel_wgl_dharmasagar,2023-10-16,0.0,33.8,22.0,42.8,5.9,84.8,249.0,5.1,33.3,0.33,-0.18,0.86,synthetic_demo_feed
tel_wgl_dharmasagar,2023-10-17,0.0,32.8,22.6,54.5,5.3,98.1,249.2,4.6,30.4,0.33,-0.18,0.86,synthetic_demo_feed
tel_wgl_dharmasagar,2023-10-18,2.1,34.0,22.0,42.2,5.1,110.9,247.8,4.4,36.5,0.33,-0.18,0.86,synthetic_demo_feed
tel_wgl_dharmasagar,2023-10-19,0.0,33.7,23.3,52.3,4.9,85.1,225.0,4.3,25.8,0.33,-0.18,0.86,synthetic_demo_feed
tel_wgl_dharmasagar,2023-10-20,0.0,34.2,22.8,50.1,5.3,108.2,222.4,4.6,37.8,0.33,-0.18,0.86,synthetic_demo_feed
tel_wgl_dharmasagar,2023-10-21,0.0,33.5,23.5,40.3,4.4,117.7,254.3,3.8,34.6,0.33,-0.18,0.86,synthetic_demo_feed
tel_wgl_dharmasagar,2023-10-22,0.0,34.9,22.4,40.9,4.6,126.7,245.7,4.0,30.7,0.33,-0.18,0.86,synthetic_demo_feed
tel_wgl_dharmasagar,2023-10-23,0.0,34.8,22.9,56.2,5.6,97.6,244.3,4.9,23.0,0.33,-0.18,0.86,synthetic_demo_feed
tel_wgl_dharmasagar,2023-10-24,1.0,34.0,22.5,50.3,6.7,125.2,221.5,5.8,37.8,0.33,-0.18,0.86,synthetic_demo_feed
tel_wgl_dharmasagar,2023-10-25,0.0,32.9,22.7,57.3,6.1,133.4,232.5,5.3,27.3,0.33,-0.18,0.86,synthetic_demo_feed
tel_wgl_dharmasagar,2023-10-26,0.0,34.0,23.8,59.5,4.8,111.2,251.3,4.2,29.9,0.33,-0.18,0.86,synthetic_demo_feed
tel_wgl_dharmasagar,2023-10-27,0.0,34.1,22.6,52.0,3.7,84.8,245.4,3.2,35.2,0.33,-0.18,0.86,synthetic_demo_feed
tel_wgl_dharmasagar,2023-10-28,0.0,33.6,22.1,48.5,5.5,132.2,230.7,4.8,33.0,0.33,-0.18,0.86,synthetic_demo_feed
tel_wgl_dharmasagar,2023-10-29,0.0,32.7,23.3,59.6,4.4,101.8,254.9,3.8,37.2,0.33,-0.18,0.86,synthetic_demo_feed
tel_wgl_dharmasagar,2023-10-30,0.0,34.8,22.1,42.9,6.8,84.0,243.8,5.9,31.7,0.33,-0.18,0.86,synthetic_demo_feed
tel_wgl_dharmasagar,2023-10-31,0.0,34.5,23.9,51.3,4.7,102.3,232.8,4.1,31.7,0.33,-0.18,0.86,synthetic_demo_feed
tel_wgl_dharmasagar,2024-05-01,0.0,33.2,22.2,48.0,5.3,124.1,240.1,4.6,32.4,0.33,-0.18,0.86,synthetic_demo_feed
tel_wgl_dharmasagar,2024-05-02,0.0,33.8,24.0,45.2,5.4,97.1,233.5,4.7,26.2,0.33,-0.18,0.86,synthetic_demo_feed
tel_wgl_dharmasagar,2024-05-03,0.0,35.2,22.9,57.1,3.9,85.3,237.2,3.4,29.2,0.33,-0.18,0.86,synthetic_demo_feed
tel_wgl_dharmasagar,2024-05-04,0.0,34.1,23.8,46.9,4.6,131.1,249.6,4.0,23.0,0.33,-0.18,0.86,synthetic_demo_feed
tel_wgl_dharmasagar,2024-05-05,0.0,32.9,22.4,55.9,5.6,88.3,252.5,4.9,30.1,0.33,-0.18,0.86,synthetic_demo_feed
tel_wgl_dharmasagar,2024-05-06,0.0,34.2,23.2,47.4,5.4,85.2,220.9,4.7,34.9,0.33,-0.18,0.86,synthetic_demo_feed
tel_wgl_dharmasagar,2024-05-07,0.0,35.0,22.1,50.5,6.0,138.3,255.0,5.2,34.3,0.33,-0.18,0.86,synthetic_demo_feed
tel_wgl_dharmasagar,2024-05-08,0.0,34.8,23.3,46.9,5.8,90.9,235.7,5.0,36.0,0.33,-0.18,0.86,synthetic_demo_feed
tel_wgl_dharmasagar,2024-05-09,0.0,33.0,22.3,41.1,6.6,99.4,235.1,5.7,24.0,0.33,-0.18,0.86,synthetic_demo_feed
tel_wgl_dharmasagar,2024-05-10,0.0,33.3,23.3,57.9,6.7,113.1,232.1,5.8,35.5,0.33,-0.18,0.86,synthetic_demo_feed
tel_wgl_dharmasagar,2024-05-11,1.5,32.7,23.3,43.4,5.2,123.2,238.7,4.5,37.1,0.33,-0.18,0.86,synthetic_demo_feed
tel_wgl_dharmasagar,2024-05-12,0.0,32.6,23.3,56.5,5.4,114.6,249.5,4.7,22.5,0.33,-0.18,0.86,synthetic_demo_feed
tel_wgl_dharmasagar,2024-05-13,0.0,34.4,22.6,52.8,4.8,137.4,246.8,4.2,30.0,0.33,-0.18,0.86,synthetic_demo_feed
tel_wgl_dharmasagar,2024-05-14,0.0,32.7,22.9,45.9,5.9,109.1,248.2,5.1,23.2,0.33,-0.18,0.86,synthetic_demo_feed
tel_wgl_dharmasagar,2024-05-15,0.0,35.1,24.0,54.4,4.5,87.8,241.2,3.9,33.7,0.33,-0.18,0.86,synthetic_demo_feed
tel_wgl_dharmasagar,2024-05-16,0.0,33.2,22.2,49.3,4.6,97.4,239.7,4.0,26.3,0.33,-0.18,0.86,synthetic_demo_feed
tel_wgl_dharmasagar,2024-05-17,0.0,33.5,23.2,57.3,4.3,98.8,241.5,3.7,24.6,0.33,-0.18,0.86,synthetic_demo_feed
tel_wgl_dharmasagar,2024-05-18,0.0,32.6,23.9,50.0,5.2,110.3,237.4,4.5,26.9,0.33,-0.18,0.86,synthetic_demo_feed
tel_wgl_dharmasagar,2024-05-19,0.0,35.1,23.3,41.0,4.7,108.2,227.5,4.1,29.9,0.33,-0.18,0.86,synthetic_demo_feed
tel_wgl_dharmasagar,2024-05-20,0.0,34.8,22.7,57.6,4.9,104.0,249.7,4.3,33.6,0.33,-0.18,0.86,synthetic_demo_feed
tel_wgl_dharmasagar,2024-05-21,0.0,34.8,22.6,41.5,5.4,139.3,226.8,4.7,30.1,0.33,-0.18,0.86,synthetic_demo_feed
tel_wgl_dharmasagar,2024-05-22,0.0,33.5,23.9,47.9,6.8,125.3,224.2,5.9,34.7,0.33,-0.18,0.86,synthetic_demo_feed
tel_wgl_dharmasagar,2024-05-23,0.0,33.5,22.9,40.9,5.2,107.4,237.8,4.5,24.2,0.33,-0.18,0.86,synthetic_demo_feed
tel_wgl_dharmasagar,2024-05-24,0.0,35.5,23.5,52.3,4.6,98.0,238.0,4.0,24.6,0.33,-0.18,0.86,synthetic_demo_feed
tel_wgl_dharmasagar,2024-05-25,0.0,34.9,22.7,54.2,5.3,120.4,249.0,4.6,26.8,0.33,-0.18,0.86,synthetic_demo_feed
tel_wgl_dharmasagar,2024-05-26,0.0,32.6,22.9,54.5,6.2,138.0,240.4,5.4,33.0,0.33,-0.18,0.86,synthetic_demo_feed
tel_wgl_dharmasagar,2024-05-27,0.0,33.0,23.3,54.4,5.4,117.2,247.2,4.7,31.3,0.33,-0.18,0.86,synthetic_demo_feed
tel_wgl_dharmasagar,2024-05-28,0.0,32.8,22.0,40.6,5.8,98.8,225.2,5.0,37.2,0.33,-0.18,0.86,synthetic_demo_feed
tel_wgl_dharmasagar,2024-05-29,0.0,35.1,23.5,55.5,4.8,83.7,244.2,4.2,36.7,0.33,-0.18,0.86,synthetic_demo_feed
tel_wgl_dharmasagar,2024-05-30,1.0,32.9,23.8,50.5,5.8,100.5,231.4,5.0,27.0,0.33,-0.18,0.86,synthetic_demo_feed
tel_wgl_dharmasagar,2024-05-31,0.0,34.3,22.4,52.9,6.0,94.8,247.0,5.2,33.1,0.33,-0.18,0.86,synthetic_demo_feed
tel_wgl_dharmasagar,2024-06-01,0.0,33.1,23.4,71.8,12.5,222.7,189.0,10.9,53.7,0.33,-0.18,0.86,synthetic_demo_feed
tel_wgl_dharmasagar,2024-06-02,23.5,30.1,24.0,67.8,8.9,242.7,211.8,7.7,65.3,0.33,-0.18,0.86,synthetic_demo_feed
tel_wgl_dharmasagar,2024-06-03,0.0,33.5,22.9,71.6,9.0,220.3,212.2,7.8,66.4,0.33,-0.18,0.86,synthetic_demo_feed
tel_wgl_dharmasagar,2024-06-04,0.0,32.9,23.2,86.5,10.2,233.5,188.1,8.9,65.9,0.33,-0.18,0.86,synthetic_demo_feed
tel_wgl_dharmasagar,2024-06-05,17.6,32.0,22.2,66.2,10.8,240.8,201.2,9.4,57.4,0.33,-0.18,0.86,synthetic_demo_feed
tel_wgl_dharmasagar,2024-06-06,14.9,31.7,22.4,86.5,9.5,248.6,217.2,8.3,71.4,0.33,-0.18,0.86,synthetic_demo_feed
tel_wgl_dharmasagar,2024-06-07,17.0,32.1,23.9,78.2,7.9,246.5,216.3,6.9,61.1,0.33,-0.18,0.86,synthetic_demo_feed
tel_wgl_dharmasagar,2024-06-08,16.6,33.0,22.8,93.8,10.9,229.8,190.9,9.5,56.0,0.33,-0.18,0.86,synthetic_demo_feed
tel_wgl_dharmasagar,2024-06-09,36.4,27.1,23.1,93.2,15.6,214.3,193.7,13.6,62.0,0.33,-0.18,0.86,synthetic_demo_feed
tel_wgl_dharmasagar,2024-06-10,37.6,28.3,23.9,88.1,16.0,244.0,170.0,13.9,68.0,0.33,-0.18,0.86,synthetic_demo_feed
tel_wgl_dharmasagar,2024-06-11,24.2,30.2,22.5,82.4,10.5,217.4,166.7,9.1,74.0,0.33,-0.18,0.86,synthetic_demo_feed
tel_wgl_dharmasagar,2024-06-12,31.2,28.3,23.7,91.4,13.3,245.9,187.7,11.6,80.0,0.33,-0.18,0.86,synthetic_demo_feed
tel_wgl_dharmasagar,2024-06-13,0.0,32.9,22.6,80.4,7.9,219.9,200.6,6.9,50.5,0.33,-0.18,0.86,synthetic_demo_feed
tel_wgl_dharmasagar,2024-06-14,7.8,31.4,23.3,71.9,12.4,237.7,210.2,10.8,66.7,0.33,-0.18,0.86,synthetic_demo_feed
tel_wgl_dharmasagar,2024-06-15,5.2,33.8,22.6,76.6,9.5,214.7,192.3,8.3,71.9,0.33,-0.18,0.86,synthetic_demo_feed
tel_wgl_dharmasagar,2024-06-16,0.0,33.0,23.5,70.0,10.7,234.2,191.8,9.3,49.0,0.33,-0.18,0.86,synthetic_demo_feed
tel_wgl_dharmasagar,2024-06-17,14.9,31.0,23.5,80.3,10.2,244.9,198.8,8.9,51.6,0.33,-0.18,0.86,synthetic_demo_feed
tel_wgl_dharmasagar,2024-06-18,12.6,32.3,23.0,78.0,7.9,232.9,208.2,6.9,46.9,0.33,-0.18,0.86,synthetic_demo_feed
tel_wgl_dharmasagar,2024-06-19,9.9,31.3,23.0,69.7,8.0,242.3,200.8,7.0,62.5,0.33,-0.18,0.86,synthetic_demo_feed
tel_wgl_dharmasagar,2024-06-20,0.0,34.9,23.4,66.3,9.9,225.8,200.5,8.6,58.9,0.33,-0.18,0.86,synthetic_demo_feed
tel_wgl_dharmasagar,2024-06-21,0.0,32.7,24.0,66.0,10.5,247.4,209.8,9.1,55.3,0.33,-0.18,0.86,synthetic_demo_feed
tel_wgl_dharmasagar,2024-06-22,23.5,31.9,23.3,82.7,9.5,226.8,181.3,8.3,68.0,0.33,-0.18,0.86,synthetic_demo_feed
tel_wgl_dharmasagar,2024-06-23,0.0,34.5,23.3,85.9,12.0,231.6,195.3,10.4,56.3,0.33,-0.18,0.86,synthetic_demo_feed
tel_wgl_dharmasagar,2024-06-24,0.0,34.7,22.4,77.4,8.4,210.1,193.9,7.3,60.9,0.33,-0.18,0.86,synthetic_demo_feed
tel_wgl_dharmasagar,2024-06-25,9.2,31.9,22.7,77.2,10.3,221.0,206.9,9.0,69.7,0.33,-0.18,0.86,synthetic_demo_feed
tel_wgl_dharmasagar,2024-06-26,0.0,34.8,23.8,83.6,8.0,210.6,209.0,7.0,57.6,0.33,-0.18,0.86,synthetic_demo_feed
tel_wgl_dharmasagar,2024-06-27,4.8,34.0,22.8,81.2,10.6,219.4,181.3,9.2,46.5,0.33,-0.18,0.86,synthetic_demo_feed
tel_wgl_dharmasagar,2024-06-28,21.9,31.4,22.6,71.7,10.1,233.9,182.3,8.8,69.5,0.33,-0.18,0.86,synthetic_demo_feed
tel_wgl_dharmasagar,2024-06-29,0.0,33.2,22.6,68.3,9.1,212.4,192.8,7.9,64.8,0.33,-0.18,0.86,synthetic_demo_feed
tel_wgl_dharmasagar,2024-06-30,0.0,34.0,23.9,79.4,12.2,247.7,215.2,10.6,57.8,0.33,-0.18,0.86,synthetic_demo_feed
tel_wgl_dharmasagar,2024-07-01,0.0,33.6,23.5,74.6,9.1,228.9,211.4,7.9,49.5,0.33,-0.18,0.86,synthetic_demo_feed
tel_wgl_dharmasagar,2024-07-02,0.0,34.2,23.9,83.5,11.2,232.3,192.0,9.7,72.4,0.33,-0.18,0.86,synthetic_demo_feed
tel_wgl_dharmasagar,2024-07-03,8.0,31.6,23.4,86.2,10.8,217.6,188.1,9.4,70.4,0.33,-0.18,0.86,synthetic_demo_feed
tel_wgl_dharmasagar,2024-07-04,17.7,32.0,23.1,69.3,12.0,229.2,204.1,10.4,67.9,0.33,-0.18,0.86,synthetic_demo_feed
tel_wgl_dharmasagar,2024-07-05,0.0,35.4,22.2,65.4,12.4,250.0,193.3,10.8,73.1,0.33,-0.18,0.86,synthetic_demo_feed
tel_wgl_dharmasagar,2024-07-06,0.0,34.2,23.6,69.7,10.6,225.2,189.7,9.2,72.5,0.33,-0.18,0.86,synthetic_demo_feed
tel_wgl_dharmasagar,2024-07-07,0.0,32.8,24.0,76.8,8.9,228.8,194.4,7.7,59.9,0.33,-0.18,0.86,synthetic_demo_feed
tel_wgl_dharmasagar,2024-07-08,0.0,33.2,22.3,74.5,9.4,220.4,216.6,8.2,61.9,0.33,-0.18,0.86,synthetic_demo_feed
tel_wgl_dharmasagar,2024-07-09,0.0,33.6,23.7,68.5,9.7,230.0,203.2,8.4,54.9,0.33,-0.18,0.86,synthetic_demo_feed
tel_wgl_dharmasagar,2024-07-10,0.0,34.4,23.0,83.9,8.9,216.7,207.4,7.7,74.0,0.33,-0.18,0.86,synthetic_demo_feed
tel_wgl_dharmasagar,2024-07-11,0.0,34.1,23.3,76.2,11.2,212.3,186.8,9.7,72.5,0.33,-0.18,0.86,synthetic_demo_feed
tel_wgl_dharmasagar,2024-07-12,21.6,31.8,22.5,82.6,10.9,238.3,217.8,9.5,57.4,0.33,-0.18,0.86,synthetic_demo_feed
tel_wgl_dharmasagar,2024-07-13,13.9,31.9,23.0,80.3,10.7,210.3,194.9,9.3,63.5,0.33,-0.18,0.86,synthetic_demo_feed
tel_wgl_dharmasagar,2024-07-14,0.0,32.6,23.6,71.3,10.2,237.0,180.5,8.9,74.3,0.33,-0.18,0.86,synthetic_demo_feed
tel_wgl_dharmasagar,2024-07-15,0.0,33.1,23.1,67.2,8.0,242.6,216.4,7.0,49.5,0.33,-0.18,0.86,synthetic_demo_feed
tel_wgl_dharmasagar,2024-07-16,11.4,31.5,23.4,78.0,9.5,243.9,194.9,8.3,74.7,0.33,-0.18,0.86,synthetic_demo_feed
tel_wgl_dharmasagar,2024-07-17,0.0,34.2,22.1,67.2,11.4,210.4,214.3,9.9,56.4,0.33,-0.18,0.86,synthetic_demo_feed
tel_wgl_dharmasagar,2024-07-18,13.7,30.7,23.1,78.0,11.5,211.7,197.4,10.0,70.7,0.33,-0.18,0.86,synthetic_demo_feed
tel_wgl_dharmasagar,2024-07-19,22.0,32.0,23.8,66.1,9.9,232.5,215.5,8.6,47.2,0.33,-0.18,0.86,synthetic_demo_feed
tel_wgl_dharmasagar,2024-07-20,0.0,34.3,23.5,57.4,3.8,122.8,258.2,3.3,55.5,0.33,-0.18,0.86,synthetic_demo_feed
tel_wgl_dharmasagar,2024-07-21,0.3,35.0,22.8,45.8,3.3,133.8,236.9,2.9,51.0,0.33,-0.18,0.86,synthetic_demo_feed
tel_wgl_dharmasagar,2024-07-22,0.3,34.6,23.0,57.8,3.2,138.5,253.9,2.8,46.5,0.33,-0.18,0.86,synthetic_demo_feed
tel_wgl_dharmasagar,2024-07-23,0.0,34.8,23.9,47.4,5.3,103.8,245.9,4.6,42.0,0.33,-0.18,0.86,synthetic_demo_feed
tel_wgl_dharmasagar,2024-07-24,0.6,33.9,22.7,57.9,3.7,136.5,235.7,3.2,37.5,0.33,-0.18,0.86,synthetic_demo_feed
tel_wgl_dharmasagar,2024-07-25,0.3,34.3,23.6,43.4,4.8,122.8,252.0,4.2,33.0,0.33,-0.18,0.86,synthetic_demo_feed
tel_wgl_dharmasagar,2024-07-26,0.1,34.7,22.6,52.1,4.9,86.4,238.9,4.3,28.5,0.33,-0.18,0.86,synthetic_demo_feed
tel_wgl_dharmasagar,2024-07-27,0.0,32.9,22.4,46.3,3.9,106.9,242.7,3.4,24.0,0.33,-0.18,0.86,synthetic_demo_feed
tel_wgl_dharmasagar,2024-07-28,0.4,32.7,23.2,47.7,3.0,99.5,245.2,2.6,20.0,0.33,-0.18,0.86,synthetic_demo_feed
tel_wgl_dharmasagar,2024-07-29,9.1,34.1,23.1,85.7,7.9,216.8,195.5,6.9,72.2,0.33,-0.18,0.86,synthetic_demo_feed
tel_wgl_dharmasagar,2024-07-30,5.6,32.9,23.0,66.5,10.0,213.1,192.0,8.7,58.0,0.33,-0.18,0.86,synthetic_demo_feed
tel_wgl_dharmasagar,2024-07-31,8.0,32.2,23.9,69.5,10.6,223.3,205.0,9.2,48.2,0.33,-0.18,0.86,synthetic_demo_feed
tel_wgl_dharmasagar,2024-08-01,0.0,35.1,23.9,72.7,9.2,215.4,212.2,8.0,69.5,0.33,-0.18,0.86,synthetic_demo_feed
tel_wgl_dharmasagar,2024-08-02,23.8,29.8,23.4,87.2,9.1,229.6,188.0,7.9,74.1,0.33,-0.18,0.86,synthetic_demo_feed
tel_wgl_dharmasagar,2024-08-03,0.0,32.8,23.1,83.8,9.4,233.7,189.7,8.2,56.8,0.33,-0.18,0.86,synthetic_demo_feed
tel_wgl_dharmasagar,2024-08-04,0.0,34.6,22.9,86.9,10.3,221.7,207.3,9.0,58.8,0.33,-0.18,0.86,synthetic_demo_feed
tel_wgl_dharmasagar,2024-08-05,0.0,34.4,22.5,74.4,11.6,236.3,212.8,10.1,60.0,0.33,-0.18,0.86,synthetic_demo_feed
tel_wgl_dharmasagar,2024-08-06,0.0,33.7,23.0,87.8,7.8,246.8,211.6,6.8,59.4,0.33,-0.18,0.86,synthetic_demo_feed
tel_wgl_dharmasagar,2024-08-07,0.0,34.1,23.3,73.3,11.6,213.4,201.7,10.1,71.9,0.33,-0.18,0.86,synthetic_demo_feed
tel_wgl_dharmasagar,2024-08-08,0.0,35.5,23.4,79.9,9.3,226.0,206.3,8.1,46.3,0.33,-0.18,0.86,synthetic_demo_feed
tel_wgl_dharmasagar,2024-08-09,0.0,34.0,23.0,65.2,9.7,233.2,218.6,8.4,52.8,0.33,-0.18,0.86,synthetic_demo_feed
tel_wgl_dharmasagar,2024-08-10,0.0,34.0,22.7,82.8,9.5,211.0,197.8,8.3,62.7,0.33,-0.18,0.86,synthetic_demo_feed
tel_wgl_dharmasagar,2024-08-11,11.9,31.7,22.9,86.6,8.0,218.3,218.5,7.0,49.3,0.33,-0.18,0.86,synthetic_demo_feed
tel_wgl_dharmasagar,2024-08-12,0.0,33.4,23.6,81.0,9.8,214.6,199.0,8.5,54.6,0.33,-0.18,0.86,synthetic_demo_feed
tel_wgl_dharmasagar,2024-08-13,0.0,33.2,22.3,68.8,10.9,216.4,205.9,9.5,74.5,0.33,-0.18,0.86,synthetic_demo_feed
tel_wgl_dharmasagar,2024-08-14,0.0,34.4,22.9,74.3,8.6,211.2,218.3,7.5,50.5,0.33,-0.18,0.86,synthetic_demo_feed
tel_wgl_dharmasagar,2024-08-15,0.0,33.1,23.5,73.9,10.6,242.3,187.9,9.2,66.1,0.33,-0.18,0.86,synthetic_demo_feed
tel_wgl_dharmasagar,2024-08-16,4.8,32.6,23.7,72.5,8.4,231.1,214.9,7.3,58.7,0.33,-0.18,0.86,synthetic_demo_feed
tel_wgl_dharmasagar,2024-08-17,0.0,35.0,23.2,78.5,10.7,242.5,203.9,9.3,55.4,0.33,-0.18,0.86,synthetic_demo_feed
tel_wgl_dharmasagar,2024-08-18,0.0,32.9,22.6,66.9,10.7,217.3,191.9,9.3,49.0,0.33,-0.18,0.86,synthetic_demo_feed
tel_wgl_dharmasagar,2024-08-19,0.0,33.1,23.3,68.2,9.7,237.7,200.4,8.4,56.5,0.33,-0.18,0.86,synthetic_demo_feed
tel_wgl_dharmasagar,2024-08-20,0.0,33.4,22.9,76.3,10.3,212.1,220.0,9.0,49.2,0.33,-0.18,0.86,synthetic_demo_feed
tel_wgl_dharmasagar,2024-08-21,2.7,33.6,23.4,87.2,11.7,226.6,185.5,10.2,60.2,0.33,-0.18,0.86,synthetic_demo_feed
tel_wgl_dharmasagar,2024-08-22,0.0,33.4,22.5,65.7,7.9,231.5,199.5,6.9,67.8,0.33,-0.18,0.86,synthetic_demo_feed
tel_wgl_dharmasagar,2024-08-23,12.8,30.9,23.6,77.6,11.4,242.9,209.7,9.9,48.4,0.33,-0.18,0.86,synthetic_demo_feed
tel_wgl_dharmasagar,2024-08-24,21.0,29.7,23.7,77.6,11.2,240.1,181.7,9.7,74.7,0.33,-0.18,0.86,synthetic_demo_feed
tel_wgl_dharmasagar,2024-08-25,25.0,31.7,23.6,83.8,9.3,219.5,198.0,8.1,58.2,0.33,-0.18,0.86,synthetic_demo_feed
tel_wgl_dharmasagar,2024-08-26,0.0,33.0,22.3,81.3,9.3,218.3,203.5,8.1,64.0,0.33,-0.18,0.86,synthetic_demo_feed
tel_wgl_dharmasagar,2024-08-27,3.8,34.0,22.6,77.4,9.0,220.7,194.0,7.8,54.7,0.33,-0.18,0.86,synthetic_demo_feed
tel_wgl_dharmasagar,2024-08-28,0.0,34.9,23.8,67.2,11.0,249.7,219.4,9.6,73.9,0.33,-0.18,0.86,synthetic_demo_feed
tel_wgl_dharmasagar,2024-08-29,0.0,35.0,23.5,70.7,12.0,237.0,185.1,10.4,66.3,0.33,-0.18,0.86,synthetic_demo_feed
tel_wgl_dharmasagar,2024-08-30,0.0,34.4,23.8,74.5,8.9,213.7,203.1,7.7,58.6,0.33,-0.18,0.86,synthetic_demo_feed
tel_wgl_dharmasagar,2024-08-31,0.0,33.5,22.0,73.5,12.3,241.0,191.1,10.7,73.5,0.33,-0.18,0.86,synthetic_demo_feed
tel_wgl_dharmasagar,2024-09-01,0.0,32.7,23.1,80.3,9.9,218.7,209.2,8.6,55.7,0.33,-0.18,0.86,synthetic_demo_feed
tel_wgl_dharmasagar,2024-09-02,7.3,33.1,23.0,72.8,11.7,223.7,190.7,10.2,62.3,0.33,-0.18,0.86,synthetic_demo_feed
tel_wgl_dharmasagar,2024-09-03,0.0,32.9,23.7,83.0,7.9,227.7,181.9,6.9,58.8,0.33,-0.18,0.86,synthetic_demo_feed
tel_wgl_dharmasagar,2024-09-04,24.1,29.4,23.9,68.0,11.0,221.0,188.1,9.6,64.5,0.33,-0.18,0.86,synthetic_demo_feed
tel_wgl_dharmasagar,2024-09-05,0.0,33.7,22.6,85.8,9.4,238.0,190.0,8.2,50.0,0.33,-0.18,0.86,synthetic_demo_feed
tel_wgl_dharmasagar,2024-09-06,17.2,30.6,23.4,76.0,7.5,210.4,208.1,6.5,49.0,0.33,-0.18,0.86,synthetic_demo_feed
tel_wgl_dharmasagar,2024-09-07,0.0,32.7,22.8,74.7,12.5,239.2,212.7,10.9,49.0,0.33,-0.18,0.86,synthetic_demo_feed
tel_wgl_dharmasagar,2024-09-08,9.6,31.5,24.0,82.8,8.2,215.7,215.2,7.1,67.6,0.33,-0.18,0.86,synthetic_demo_feed
tel_wgl_dharmasagar,2024-09-09,0.0,34.4,22.3,75.1,10.8,226.5,180.3,9.4,66.7,0.33,-0.18,0.86,synthetic_demo_feed
tel_wgl_dharmasagar,2024-09-10,0.0,34.3,22.8,67.3,7.9,248.5,214.4,6.9,67.6,0.33,-0.18,0.86,synthetic_demo_feed
tel_wgl_dharmasagar,2024-09-11,5.6,33.5,23.6,77.7,7.9,237.6,191.1,6.9,63.0,0.33,-0.18,0.86,synthetic_demo_feed
tel_wgl_dharmasagar,2024-09-12,0.0,34.7,22.6,76.9,9.1,212.2,206.3,7.9,60.3,0.33,-0.18,0.86,synthetic_demo_feed
tel_wgl_dharmasagar,2024-09-13,0.0,34.3,23.1,67.6,10.0,249.1,218.2,8.7,60.0,0.33,-0.18,0.86,synthetic_demo_feed
tel_wgl_dharmasagar,2024-09-14,0.0,33.6,23.4,84.8,8.2,240.5,217.4,7.1,62.1,0.33,-0.18,0.86,synthetic_demo_feed
tel_wgl_dharmasagar,2024-09-15,0.0,32.6,22.1,66.6,7.6,241.6,210.8,6.6,52.9,0.33,-0.18,0.86,synthetic_demo_feed
tel_wgl_dharmasagar,2024-09-16,0.0,32.7,23.1,74.6,10.1,234.6,205.1,8.8,66.1,0.33,-0.18,0.86,synthetic_demo_feed
tel_wgl_dharmasagar,2024-09-17,9.5,32.2,23.3,83.6,8.5,243.4,200.5,7.4,61.1,0.33,-0.18,0.86,synthetic_demo_feed
tel_wgl_dharmasagar,2024-09-18,0.0,32.7,22.2,81.8,11.0,227.4,182.6,9.6,70.4,0.33,-0.18,0.86,synthetic_demo_feed
tel_wgl_dharmasagar,2024-09-19,0.0,32.9,23.4,82.1,9.1,238.1,204.4,7.9,67.2,0.33,-0.18,0.86,synthetic_demo_feed
tel_wgl_dharmasagar,2024-09-20,23.9,29.3,23.6,81.6,11.5,220.8,200.9,10.0,50.0,0.33,-0.18,0.86,synthetic_demo_feed
tel_wgl_dharmasagar,2024-09-21,0.0,32.7,23.4,83.6,7.6,233.1,210.9,6.6,53.2,0.33,-0.18,0.86,synthetic_demo_feed
tel_wgl_dharmasagar,2024-09-22,12.7,31.4,22.2,78.0,10.0,233.0,194.4,8.7,56.0,0.33,-0.18,0.86,synthetic_demo_feed
tel_wgl_dharmasagar,2024-09-23,0.0,33.2,22.9,66.0,10.1,225.3,189.1,8.8,70.9,0.33,-0.18,0.86,synthetic_demo_feed
tel_wgl_dharmasagar,2024-09-24,23.5,30.2,22.6,86.0,10.3,226.7,214.3,9.0,67.2,0.33,-0.18,0.86,synthetic_demo_feed
tel_wgl_dharmasagar,2024-09-25,0.0,35.2,22.4,73.6,7.9,242.2,190.9,6.9,60.1,0.33,-0.18,0.86,synthetic_demo_feed
tel_wgl_dharmasagar,2024-09-26,0.0,35.0,22.7,75.7,7.8,232.1,218.2,6.8,53.5,0.33,-0.18,0.86,synthetic_demo_feed
tel_wgl_dharmasagar,2024-09-27,7.0,33.2,23.0,79.3,9.1,240.9,202.6,7.9,58.9,0.33,-0.18,0.86,synthetic_demo_feed
tel_wgl_dharmasagar,2024-09-28,22.8,29.8,22.7,65.1,8.7,243.6,210.4,7.6,57.3,0.33,-0.18,0.86,synthetic_demo_feed
tel_wgl_dharmasagar,2024-09-29,0.0,34.7,22.2,80.1,7.5,231.2,218.0,6.5,70.5,0.33,-0.18,0.86,synthetic_demo_feed
tel_wgl_dharmasagar,2024-09-30,13.6,33.2,23.8,81.4,12.6,230.8,182.4,11.0,47.8,0.33,-0.18,0.86,synthetic_demo_feed
tel_wgl_dharmasagar,2024-10-01,0.0,32.9,23.6,41.7,6.8,84.5,233.0,5.9,23.5,0.33,-0.18,0.86,synthetic_demo_feed
tel_wgl_dharmasagar,2024-10-02,0.0,33.4,23.6,44.7,6.8,122.0,235.2,5.9,26.2,0.33,-0.18,0.86,synthetic_demo_feed
tel_wgl_dharmasagar,2024-10-03,0.0,34.8,23.2,41.5,4.4,89.3,231.1,3.8,25.2,0.33,-0.18,0.86,synthetic_demo_feed
tel_wgl_dharmasagar,2024-10-04,0.0,33.1,22.6,50.7,4.8,95.9,236.3,4.2,37.4,0.33,-0.18,0.86,synthetic_demo_feed
tel_wgl_dharmasagar,2024-10-05,0.8,34.9,22.7,53.9,6.3,85.5,244.0,5.5,22.6,0.33,-0.18,0.86,synthetic_demo_feed
tel_wgl_dharmasagar,2024-10-06,0.0,35.5,22.1,53.5,5.2,104.3,232.5,4.5,26.2,0.33,-0.18,0.86,synthetic_demo_feed
tel_wgl_dharmasagar,2024-10-07,0.0,32.9,22.0,49.2,4.3,129.8,246.2,3.7,34.9,0.33,-0.18,0.86,synthetic_demo_feed
tel_wgl_dharmasagar,2024-10-08,0.0,34.4,23.2,47.4,6.3,95.5,224.6,5.5,32.1,0.33,-0.18,0.86,synthetic_demo_feed
tel_wgl_dharmasagar,2024-10-09,0.0,32.9,23.8,58.0,3.7,129.8,220.8,3.2,29.1,0.33,-0.18,0.86,synthetic_demo_feed
tel_wgl_dharmasagar,2024-10-10,0.0,35.0,22.8,43.4,5.1,81.8,221.5,4.4,31.2,0.33,-0.18,0.86,synthetic_demo_feed
tel_wgl_dharmasagar,2024-10-11,0.0,35.2,22.1,43.7,4.1,117.2,226.0,3.6,26.5,0.33,-0.18,0.86,synthetic_demo_feed
tel_wgl_dharmasagar,2024-10-12,0.0,33.3,22.3,51.0,4.8,92.0,230.3,4.2,23.0,0.33,-0.18,0.86,synthetic_demo_feed
tel_wgl_dharmasagar,2024-10-13,0.0,35.5,23.6,56.0,5.6,101.5,238.4,4.9,34.7,0.33,-0.18,0.86,synthetic_demo_feed
tel_wgl_dharmasagar,2024-10-14,0.0,33.0,22.6,50.0,6.6,93.1,237.0,5.7,28.2,0.33,-0.18,0.86,synthetic_demo_feed
tel_wgl_dharmasagar,2024-10-15,0.0,34.8,24.0,59.8,3.7,138.4,247.2,3.2,30.5,0.33,-0.18,0.86,synthetic_demo_feed
tel_wgl_dharmasagar,2024-10-16,3.3,35.0,22.4,58.3,6.2,130.8,229.3,5.4,22.9,0.33,-0.18,0.86,synthetic_demo_feed
tel_wgl_dharmasagar,2024-10-17,0.0,34.3,23.6,56.9,6.3,121.9,232.4,5.5,24.8,0.33,-0.18,0.86,synthetic_demo_feed
tel_wgl_dharmasagar,2024-10-18,0.0,34.2,22.4,59.0,5.9,139.3,221.0,5.1,31.0,0.33,-0.18,0.86,synthetic_demo_feed
tel_wgl_dharmasagar,2024-10-19,0.0,33.2,22.4,49.8,4.5,111.6,237.2,3.9,23.4,0.33,-0.18,0.86,synthetic_demo_feed
tel_wgl_dharmasagar,2024-10-20,4.6,34.3,22.6,54.3,3.9,81.3,227.1,3.4,36.7,0.33,-0.18,0.86,synthetic_demo_feed
tel_wgl_dharmasagar,2024-10-21,0.0,35.4,22.7,56.9,6.1,136.5,252.1,5.3,35.8,0.33,-0.18,0.86,synthetic_demo_feed
tel_wgl_dharmasagar,2024-10-22,0.0,35.3,23.6,42.7,4.5,137.6,223.5,3.9,24.5,0.33,-0.18,0.86,synthetic_demo_feed
tel_wgl_dharmasagar,2024-10-23,0.0,34.9,22.4,53.9,6.8,115.3,226.1,5.9,36.9,0.33,-0.18,0.86,synthetic_demo_feed
tel_wgl_dharmasagar,2024-10-24,0.0,35.3,23.9,42.5,5.9,103.5,230.7,5.1,33.7,0.33,-0.18,0.86,synthetic_demo_feed
tel_wgl_dharmasagar,2024-10-25,0.0,35.4,22.4,52.0,3.6,113.9,253.8,3.1,36.7,0.33,-0.18,0.86,synthetic_demo_feed
tel_wgl_dharmasagar,2024-10-26,0.0,33.0,23.8,44.8,6.0,85.3,224.9,5.2,37.7,0.33,-0.18,0.86,synthetic_demo_feed
tel_wgl_dharmasagar,2024-10-27,0.0,33.2,22.1,48.9,6.6,95.4,242.4,5.7,26.2,0.33,-0.18,0.86,synthetic_demo_feed
tel_wgl_dharmasagar,2024-10-28,0.0,34.0,22.8,59.4,6.0,112.8,233.5,5.2,36.2,0.33,-0.18,0.86,synthetic_demo_feed
tel_wgl_dharmasagar,2024-10-29,2.4,32.4,23.7,53.7,5.8,97.7,250.2,5.0,24.6,0.33,-0.18,0.86,synthetic_demo_feed
tel_wgl_dharmasagar,2024-10-30,0.0,34.7,23.1,43.4,3.7,133.9,253.3,3.2,28.0,0.33,-0.18,0.86,synthetic_demo_feed
tel_wgl_dharmasagar,2024-10-31,3.0,32.5,23.8,40.6,5.1,89.4,241.5,4.4,37.1,0.33,-0.18,0.86,synthetic_demo_feed
tel_wgl_dharmasagar,2025-05-01,1.0,33.1,22.6,54.4,5.9,94.3,226.6,5.1,33.7,0.33,-0.18,0.86,synthetic_demo_feed
tel_wgl_dharmasagar,2025-05-02,2.9,32.9,23.3,47.2,4.0,116.0,249.4,3.5,28.8,0.33,-0.18,0.86,synthetic_demo_feed
tel_wgl_dharmasagar,2025-05-03,0.0,35.0,22.6,45.8,4.0,103.8,220.9,3.5,23.3,0.33,-0.18,0.86,synthetic_demo_feed
tel_wgl_dharmasagar,2025-05-04,0.0,35.2,22.7,50.9,3.8,106.7,243.1,3.3,25.0,0.33,-0.18,0.86,synthetic_demo_feed
tel_wgl_dharmasagar,2025-05-05,0.0,34.8,23.3,45.4,4.3,85.1,236.3,3.7,23.0,0.33,-0.18,0.86,synthetic_demo_feed
tel_wgl_dharmasagar,2025-05-06,0.0,35.0,23.6,51.8,6.8,105.1,239.0,5.9,30.9,0.33,-0.18,0.86,synthetic_demo_feed
tel_wgl_dharmasagar,2025-05-07,0.0,32.7,23.8,57.6,5.1,122.9,250.3,4.4,29.6,0.33,-0.18,0.86,synthetic_demo_feed
tel_wgl_dharmasagar,2025-05-08,0.0,32.9,23.5,53.6,6.2,90.4,251.5,5.4,31.9,0.33,-0.18,0.86,synthetic_demo_feed
tel_wgl_dharmasagar,2025-05-09,0.0,35.5,22.9,42.5,6.2,139.8,254.0,5.4,28.8,0.33,-0.18,0.86,synthetic_demo_feed
tel_wgl_dharmasagar,2025-05-10,0.0,32.7,22.8,58.2,4.4,103.8,249.2,3.8,36.6,0.33,-0.18,0.86,synthetic_demo_feed
tel_wgl_dharmasagar,2025-05-11,0.0,34.4,23.0,57.5,5.1,105.2,229.7,4.4,34.6,0.33,-0.18,0.86,synthetic_demo_feed
tel_wgl_dharmasagar,2025-05-12,0.0,35.3,23.1,55.2,5.5,86.1,225.2,4.8,37.0,0.33,-0.18,0.86,synthetic_demo_feed
tel_wgl_dharmasagar,2025-05-13,0.0,34.0,23.2,48.2,4.6,82.2,238.7,4.0,28.1,0.33,-0.18,0.86,synthetic_demo_feed
tel_wgl_dharmasagar,2025-05-14,0.0,35.2,22.7,53.9,5.5,94.3,225.0,4.8,22.6,0.33,-0.18,0.86,synthetic_demo_feed
tel_wgl_dharmasagar,2025-05-15,0.0,33.4,22.6,40.4,6.6,109.5,252.2,5.7,35.1,0.33,-0.18,0.86,synthetic_demo_feed
tel_wgl_dharmasagar,2025-05-16,0.0,33.8,23.7,42.7,6.4,96.2,223.4,5.6,37.6,0.33,-0.18,0.86,synthetic_demo_feed
tel_wgl_dharmasagar,2025-05-17,0.0,34.7,23.5,44.2,4.1,132.0,242.6,3.6,35.2,0.33,-0.18,0.86,synthetic_demo_feed
tel_wgl_dharmasagar,2025-05-18,0.0,32.9,23.7,46.2,4.0,132.8,238.0,3.5,30.1,0.33,-0.18,0.86,synthetic_demo_feed
tel_wgl_dharmasagar,2025-05-19,1.0,35.1,23.4,45.0,6.3,96.4,249.2,5.5,29.3,0.33,-0.18,0.86,synthetic_demo_feed
tel_wgl_dharmasagar,2025-05-20,0.0,33.6,23.2,42.5,5.6,90.7,237.7,4.9,22.5,0.33,-0.18,0.86,synthetic_demo_feed
tel_wgl_dharmasagar,2025-05-21,0.0,34.7,23.4,43.3,4.6,97.1,240.5,4.0,36.3,0.33,-0.18,0.86,synthetic_demo_feed
tel_wgl_dharmasagar,2025-05-22,0.0,34.4,23.4,59.3,5.4,96.1,225.7,4.7,35.7,0.33,-0.18,0.86,synthetic_demo_feed
tel_wgl_dharmasagar,2025-05-23,0.0,35.2,23.3,55.4,6.1,116.1,220.7,5.3,22.1,0.33,-0.18,0.86,synthetic_demo_feed
tel_wgl_dharmasagar,2025-05-24,1.3,33.6,22.8,59.3,4.5,100.9,248.2,3.9,32.3,0.33,-0.18,0.86,synthetic_demo_feed
tel_wgl_dharmasagar,2025-05-25,0.0,32.8,23.0,56.5,5.8,119.7,236.3,5.0,28.4,0.33,-0.18,0.86,synthetic_demo_feed
tel_wgl_dharmasagar,2025-05-26,0.0,32.8,22.1,52.2,5.6,139.3,233.1,4.9,26.8,0.33,-0.18,0.86,synthetic_demo_feed
tel_wgl_dharmasagar,2025-05-27,0.0,33.4,22.3,54.2,4.4,125.9,250.2,3.8,36.3,0.33,-0.18,0.86,synthetic_demo_feed
tel_wgl_dharmasagar,2025-05-28,0.0,34.5,23.4,52.0,6.2,119.3,248.2,5.4,32.6,0.33,-0.18,0.86,synthetic_demo_feed
tel_wgl_dharmasagar,2025-05-29,0.0,34.6,23.1,47.8,4.9,91.4,229.1,4.3,22.6,0.33,-0.18,0.86,synthetic_demo_feed
tel_wgl_dharmasagar,2025-05-30,0.0,34.5,23.0,55.7,5.3,130.7,227.8,4.6,36.5,0.33,-0.18,0.86,synthetic_demo_feed
tel_wgl_dharmasagar,2025-05-31,0.0,33.3,23.6,42.0,4.0,125.8,250.7,3.5,24.0,0.33,-0.18,0.86,synthetic_demo_feed
tel_wgl_dharmasagar,2025-06-01,17.8,30.8,23.6,73.2,7.9,223.3,193.4,6.9,67.3,0.33,-0.18,0.86,synthetic_demo_feed
tel_wgl_dharmasagar,2025-06-02,9.1,34.0,22.1,84.9,9.9,245.6,214.0,8.6,62.5,0.33,-0.18,0.86,synthetic_demo_feed
tel_wgl_dharmasagar,2025-06-03,0.0,35.1,22.3,71.9,9.4,218.0,214.7,8.2,46.6,0.33,-0.18,0.86,synthetic_demo_feed
tel_wgl_dharmasagar,2025-06-04,15.3,32.5,23.0,72.3,9.9,235.2,216.3,8.6,66.5,0.33,-0.18,0.86,synthetic_demo_feed
tel_wgl_dharmasagar,2025-06-05,16.8,32.3,23.0,82.5,8.9,240.5,180.2,7.7,50.1,0.33,-0.18,0.86,synthetic_demo_feed
tel_wgl_dharmasagar,2025-06-06,16.3,30.2,22.4,87.2,9.5,224.9,205.3,8.3,56.5,0.33,-0.18,0.86,synthetic_demo_feed
tel_wgl_dharmasagar,2025-06-07,9.7,31.8,23.4,80.6,8.5,223.8,213.3,7.4,63.8,0.33,-0.18,0.86,synthetic_demo_feed
tel_wgl_dharmasagar,2025-06-08,15.4,32.7,22.6,82.5,13.5,221.6,173.4,11.7,56.0,0.33,-0.18,0.86,synthetic_demo_feed
tel_wgl_dharmasagar,2025-06-09,30.9,30.9,22.7,93.3,12.0,246.1,180.9,10.4,62.0,0.33,-0.18,0.86,synthetic_demo_feed
tel_wgl_dharmasagar,2025-06-10,21.3,30.5,22.5,93.8,15.8,239.1,166.6,13.7,68.0,0.33,-0.18,0.86,synthetic_demo_feed
tel_wgl_dharmasagar,2025-06-11,15.4,31.3,23.3,82.5,13.5,211.5,185.7,11.7,74.0,0.33,-0.18,0.86,synthetic_demo_feed
tel_wgl_dharmasagar,2025-06-12,34.8,30.3,23.3,80.7,13.1,236.1,169.0,11.4,80.0,0.33,-0.18,0.86,synthetic_demo_feed
tel_wgl_dharmasagar,2025-06-13,18.0,30.3,23.4,77.6,9.4,235.2,196.7,8.2,59.2,0.33,-0.18,0.86,synthetic_demo_feed
tel_wgl_dharmasagar,2025-06-14,17.4,32.4,22.2,78.9,8.9,238.8,206.5,7.7,49.1,0.33,-0.18,0.86,synthetic_demo_feed
tel_wgl_dharmasagar,2025-06-15,5.1,33.3,22.4,69.6,8.5,238.1,184.3,7.4,52.9,0.33,-0.18,0.86,synthetic_demo_feed
tel_wgl_dharmasagar,2025-06-16,3.4,32.0,23.3,86.5,8.5,246.3,199.9,7.4,54.9,0.33,-0.18,0.86,synthetic_demo_feed
tel_wgl_dharmasagar,2025-06-17,0.0,34.7,22.2,67.1,8.3,220.2,206.8,7.2,60.4,0.33,-0.18,0.86,synthetic_demo_feed
tel_wgl_dharmasagar,2025-06-18,24.7,28.9,22.6,67.3,9.9,242.1,191.8,8.6,50.2,0.33,-0.18,0.86,synthetic_demo_feed
tel_wgl_dharmasagar,2025-06-19,19.1,31.6,22.3,66.1,11.4,224.3,183.8,9.9,70.6,0.33,-0.18,0.86,synthetic_demo_feed
tel_wgl_dharmasagar,2025-06-20,16.5,31.2,23.9,83.7,7.9,220.9,215.1,6.9,50.5,0.33,-0.18,0.86,synthetic_demo_feed
tel_wgl_dharmasagar,2025-06-21,21.6,31.3,22.1,83.3,10.8,247.7,212.0,9.4,48.4,0.33,-0.18,0.86,synthetic_demo_feed
tel_wgl_dharmasagar,2025-06-22,11.9,31.9,22.7,80.6,11.6,211.2,203.6,10.1,50.4,0.33,-0.18,0.86,synthetic_demo_feed
tel_wgl_dharmasagar,2025-06-23,0.0,32.8,22.8,68.0,12.5,211.8,213.5,10.9,72.6,0.33,-0.18,0.86,synthetic_demo_feed
tel_wgl_dharmasagar,2025-06-24,9.6,32.8,24.0,82.7,11.0,236.8,208.2,9.6,62.3,0.33,-0.18,0.86,synthetic_demo_feed
tel_wgl_dharmasagar,2025-06-25,14.3,31.4,23.4,80.2,7.9,225.4,208.0,6.9,52.5,0.33,-0.18,0.86,synthetic_demo_feed
tel_wgl_dharmasagar,2025-06-26,0.0,33.0,23.7,66.3,12.5,244.1,202.3,10.9,64.3,0.33,-0.18,0.86,synthetic_demo_feed
tel_wgl_dharmasagar,2025-06-27,0.0,32.7,22.4,70.5,10.0,235.7,183.0,8.7,74.1,0.33,-0.18,0.86,synthetic_demo_feed
tel_wgl_dharmasagar,2025-06-28,7.8,32.7,22.2,75.3,11.6,229.9,198.4,10.1,70.7,0.33,-0.18,0.86,synthetic_demo_feed
tel_wgl_dharmasagar,2025-06-29,0.0,32.8,23.2,77.8,9.7,234.8,184.1,8.4,45.0,0.33,-0.18,0.86,synthetic_demo_feed
tel_wgl_dharmasagar,2025-06-30,13.9,30.6,22.4,86.9,10.9,228.2,188.3,9.5,55.9,0.33,-0.18,0.86,synthetic_demo_feed
tel_wgl_dharmasagar,2025-07-01,0.0,32.8,23.5,80.1,9.9,218.9,204.8,8.6,66.5,0.33,-0.18,0.86,synthetic_demo_feed
tel_wgl_dharmasagar,2025-07-02,21.2,29.5,22.3,77.0,9.0,215.6,218.6,7.8,66.1,0.33,-0.18,0.86,synthetic_demo_feed
tel_wgl_dharmasagar,2025-07-03,0.0,35.3,22.8,79.0,8.0,228.3,208.9,7.0,50.6,0.33,-0.18,0.86,synthetic_demo_feed
tel_wgl_dharmasagar,2025-07-04,0.0,35.0,23.2,74.5,8.0,240.9,208.7,7.0,72.8,0.33,-0.18,0.86,synthetic_demo_feed
tel_wgl_dharmasagar,2025-07-05,0.0,34.1,22.1,68.1,12.4,247.4,206.3,10.8,60.0,0.33,-0.18,0.86,synthetic_demo_feed
tel_wgl_dharmasagar,2025-07-06,0.0,34.2,23.5,86.2,10.1,215.1,199.3,8.8,50.3,0.33,-0.18,0.86,synthetic_demo_feed
tel_wgl_dharmasagar,2025-07-07,16.0,32.8,23.5,73.8,10.1,220.9,215.3,8.8,74.4,0.33,-0.18,0.86,synthetic_demo_feed
tel_wgl_dharmasagar,2025-07-08,0.0,34.6,23.5,68.1,9.8,222.0,218.8,8.5,57.4,0.33,-0.18,0.86,synthetic_demo_feed
tel_wgl_dharmasagar,2025-07-09,0.0,33.1,23.2,86.5,11.2,221.6,214.4,9.7,64.0,0.33,-0.18,0.86,synthetic_demo_feed
tel_wgl_dharmasagar,2025-07-10,17.6,31.9,22.6,87.0,10.8,214.6,219.3,9.4,60.1,0.33,-0.18,0.86,synthetic_demo_feed
tel_wgl_dharmasagar,2025-07-11,13.3,33.0,22.6,74.6,10.9,243.9,202.8,9.5,67.4,0.33,-0.18,0.86,synthetic_demo_feed
tel_wgl_dharmasagar,2025-07-12,0.0,33.1,23.5,68.3,7.6,216.4,200.9,6.6,65.1,0.33,-0.18,0.86,synthetic_demo_feed
tel_wgl_dharmasagar,2025-07-13,8.1,31.4,23.6,71.8,11.0,214.1,213.6,9.6,67.6,0.33,-0.18,0.86,synthetic_demo_feed
tel_wgl_dharmasagar,2025-07-14,0.0,33.2,23.6,82.1,12.0,242.0,209.6,10.4,61.8,0.33,-0.18,0.86,synthetic_demo_feed
tel_wgl_dharmasagar,2025-07-15,17.5,30.8,23.1,87.0,9.4,210.5,217.1,8.2,74.3,0.33,-0.18,0.86,synthetic_demo_feed
tel_wgl_dharmasagar,2025-07-16,16.5,32.1,23.3,84.1,12.0,240.2,211.2,10.4,72.3,0.33,-0.18,0.86,synthetic_demo_feed
tel_wgl_dharmasagar,2025-07-17,0.0,33.0,23.4,87.2,11.5,217.5,204.1,10.0,53.8,0.33,-0.18,0.86,synthetic_demo_feed
tel_wgl_dharmasagar,2025-07-18,14.1,32.1,22.5,77.8,9.7,223.2,195.1,8.4,48.9,0.33,-0.18,0.86,synthetic_demo_feed
tel_wgl_dharmasagar,2025-07-19,0.0,35.3,23.2,72.4,8.3,236.5,186.2,7.2,46.5,0.33,-0.18,0.86,synthetic_demo_feed
tel_wgl_dharmasagar,2025-07-20,0.4,33.4,22.4,54.5,3.9,91.0,249.3,3.4,55.5,0.33,-0.18,0.86,synthetic_demo_feed
tel_wgl_dharmasagar,2025-07-21,0.1,32.8,22.4,50.6,4.0,92.8,247.6,3.5,51.0,0.33,-0.18,0.86,synthetic_demo_feed
tel_wgl_dharmasagar,2025-07-22,0.3,34.0,24.0,54.0,3.4,129.4,244.0,3.0,46.5,0.33,-0.18,0.86,synthetic_demo_feed
tel_wgl_dharmasagar,2025-07-23,0.8,35.1,23.2,49.1,4.8,117.3,235.2,4.2,42.0,0.33,-0.18,0.86,synthetic_demo_feed
tel_wgl_dharmasagar,2025-07-24,0.8,35.2,22.8,56.7,3.8,112.4,252.1,3.3,37.5,0.33,-0.18,0.86,synthetic_demo_feed
tel_wgl_dharmasagar,2025-07-25,0.2,34.9,22.9,48.0,5.3,82.6,257.8,4.6,33.0,0.33,-0.18,0.86,synthetic_demo_feed
tel_wgl_dharmasagar,2025-07-26,0.7,32.9,23.9,57.2,4.4,112.3,239.8,3.8,28.5,0.33,-0.18,0.86,synthetic_demo_feed
tel_wgl_dharmasagar,2025-07-27,0.0,35.1,22.8,54.4,4.8,86.2,236.6,4.2,24.0,0.33,-0.18,0.86,synthetic_demo_feed
tel_wgl_dharmasagar,2025-07-28,0.4,34.4,23.9,54.4,5.6,124.8,252.6,4.9,20.0,0.33,-0.18,0.86,synthetic_demo_feed
tel_wgl_dharmasagar,2025-07-29,12.8,32.3,23.1,66.2,7.9,219.1,193.3,6.9,68.8,0.33,-0.18,0.86,synthetic_demo_feed
tel_wgl_dharmasagar,2025-07-30,11.2,32.4,23.3,65.4,9.7,234.7,205.2,8.4,65.2,0.33,-0.18,0.86,synthetic_demo_feed
tel_wgl_dharmasagar,2025-07-31,0.0,32.8,23.6,66.7,11.2,222.1,203.4,9.7,72.8,0.33,-0.18,0.86,synthetic_demo_feed
tel_wgl_dharmasagar,2025-08-01,19.7,31.1,22.3,80.2,9.5,225.6,197.5,8.3,59.2,0.33,-0.18,0.86,synthetic_demo_feed
tel_wgl_dharmasagar,2025-08-02,0.0,35.2,23.6,68.3,12.4,239.2,201.8,10.8,65.3,0.33,-0.18,0.86,synthetic_demo_feed
tel_wgl_dharmasagar,2025-08-03,23.9,30.7,23.1,67.8,10.3,247.9,202.1,9.0,45.2,0.33,-0.18,0.86,synthetic_demo_feed
tel_wgl_dharmasagar,2025-08-04,19.3,31.1,22.3,74.5,9.2,218.8,216.1,8.0,64.4,0.33,-0.18,0.86,synthetic_demo_feed
tel_wgl_dharmasagar,2025-08-05,0.0,35.1,23.9,83.4,8.4,249.8,187.8,7.3,70.6,0.33,-0.18,0.86,synthetic_demo_feed
tel_wgl_dharmasagar,2025-08-06,0.0,34.7,23.0,66.5,9.0,223.2,202.0,7.8,47.9,0.33,-0.18,0.86,synthetic_demo_feed
tel_wgl_dharmasagar,2025-08-07,17.2,31.3,23.2,85.7,10.7,222.2,184.0,9.3,54.5,0.33,-0.18,0.86,synthetic_demo_feed
tel_wgl_dharmasagar,2025-08-08,0.0,32.5,22.5,72.3,9.3,218.9,202.6,8.1,57.8,0.33,-0.18,0.86,synthetic_demo_feed
tel_wgl_dharmasagar,2025-08-09,0.0,35.1,22.9,68.1,11.8,224.3,197.4,10.3,67.0,0.33,-0.18,0.86,synthetic_demo_feed
tel_wgl_dharmasagar,2025-08-10,14.9,30.7,23.1,84.4,10.6,220.5,187.0,9.2,70.8,0.33,-0.18,0.86,synthetic_demo_feed
tel_wgl_dharmasagar,2025-08-11,0.0,32.6,23.2,65.4,7.8,226.2,183.1,6.8,60.2,0.33,-0.18,0.86,synthetic_demo_feed
tel_wgl_dharmasagar,2025-08-12,0.0,33.9,23.6,77.5,10.3,224.6,216.3,9.0,75.0,0.33,-0.18,0.86,synthetic_demo_feed
tel_wgl_dharmasagar,2025-08-13,19.9,30.7,23.0,75.7,9.0,236.5,209.3,7.8,60.3,0.33,-0.18,0.86,synthetic_demo_feed
tel_wgl_dharmasagar,2025-08-14,0.0,33.8,22.4,68.8,10.7,247.9,212.3,9.3,60.4,0.33,-0.18,0.86,synthetic_demo_feed
tel_wgl_dharmasagar,2025-08-15,0.0,33.2,23.0,76.1,11.3,212.5,218.7,9.8,55.8,0.33,-0.18,0.86,synthetic_demo_feed
tel_wgl_dharmasagar,2025-08-16,3.5,33.3,22.1,73.3,12.2,249.2,188.3,10.6,59.1,0.33,-0.18,0.86,synthetic_demo_feed
tel_wgl_dharmasagar,2025-08-17,18.3,31.4,22.3,84.2,11.7,236.1,200.9,10.2,52.9,0.33,-0.18,0.86,synthetic_demo_feed
tel_wgl_dharmasagar,2025-08-18,17.2,31.5,22.7,73.7,10.1,244.7,213.4,8.8,72.2,0.33,-0.18,0.86,synthetic_demo_feed
tel_wgl_dharmasagar,2025-08-19,0.0,33.0,22.2,76.5,10.6,235.7,199.3,9.2,49.2,0.33,-0.18,0.86,synthetic_demo_feed
tel_wgl_dharmasagar,2025-08-20,6.7,33.9,23.4,67.7,11.2,229.3,194.5,9.7,51.9,0.33,-0.18,0.86,synthetic_demo_feed
tel_wgl_dharmasagar,2025-08-21,0.0,32.6,23.1,84.2,8.3,216.4,188.4,7.2,45.7,0.33,-0.18,0.86,synthetic_demo_feed
tel_wgl_dharmasagar,2025-08-22,0.0,33.0,23.9,66.3,10.5,234.0,181.6,9.1,52.7,0.33,-0.18,0.86,synthetic_demo_feed
tel_wgl_dharmasagar,2025-08-23,0.0,32.8,22.9,80.2,11.2,249.7,180.7,9.7,53.5,0.33,-0.18,0.86,synthetic_demo_feed
tel_wgl_dharmasagar,2025-08-24,0.0,35.0,22.4,78.8,11.7,236.4,186.8,10.2,68.8,0.33,-0.18,0.86,synthetic_demo_feed
tel_wgl_dharmasagar,2025-08-25,18.8,30.8,22.2,78.6,9.8,218.1,193.7,8.5,51.9,0.33,-0.18,0.86,synthetic_demo_feed
tel_wgl_dharmasagar,2025-08-26,0.0,33.9,23.2,68.4,9.7,211.6,200.2,8.4,47.9,0.33,-0.18,0.86,synthetic_demo_feed
tel_wgl_dharmasagar,2025-08-27,0.0,34.3,23.7,76.1,8.0,245.9,200.1,7.0,48.9,0.33,-0.18,0.86,synthetic_demo_feed
tel_wgl_dharmasagar,2025-08-28,0.0,34.1,22.5,73.5,10.1,242.1,206.0,8.8,46.3,0.33,-0.18,0.86,synthetic_demo_feed
tel_wgl_dharmasagar,2025-08-29,0.0,34.6,22.2,82.1,10.6,215.4,195.2,9.2,67.8,0.33,-0.18,0.86,synthetic_demo_feed
tel_wgl_dharmasagar,2025-08-30,0.0,33.7,22.4,71.5,12.0,238.4,189.3,10.4,71.3,0.33,-0.18,0.86,synthetic_demo_feed
tel_wgl_dharmasagar,2025-08-31,0.0,34.6,22.6,65.2,8.0,224.5,203.1,7.0,64.6,0.33,-0.18,0.86,synthetic_demo_feed
tel_wgl_dharmasagar,2025-09-01,17.2,30.7,23.4,74.7,11.8,240.2,190.1,10.3,56.0,0.33,-0.18,0.86,synthetic_demo_feed
tel_wgl_dharmasagar,2025-09-02,20.1,30.4,22.7,77.8,9.4,238.2,199.3,8.2,52.6,0.33,-0.18,0.86,synthetic_demo_feed
tel_wgl_dharmasagar,2025-09-03,0.0,34.6,22.3,82.2,10.9,218.6,214.2,9.5,58.4,0.33,-0.18,0.86,synthetic_demo_feed
tel_wgl_dharmasagar,2025-09-04,10.1,33.9,22.0,81.3,11.0,213.6,202.0,9.6,49.8,0.33,-0.18,0.86,synthetic_demo_feed
tel_wgl_dharmasagar,2025-09-05,23.3,29.1,22.8,70.1,7.8,249.4,197.4,6.8,47.4,0.33,-0.18,0.86,synthetic_demo_feed
tel_wgl_dharmasagar,2025-09-06,0.0,35.0,23.3,78.7,11.2,227.6,200.8,9.7,73.4,0.33,-0.18,0.86,synthetic_demo_feed
tel_wgl_dharmasagar,2025-09-07,17.3,31.5,22.5,65.8,9.0,216.8,212.2,7.8,63.0,0.33,-0.18,0.86,synthetic_demo_feed
tel_wgl_dharmasagar,2025-09-08,7.9,32.4,22.8,87.9,8.3,233.4,180.0,7.2,68.4,0.33,-0.18,0.86,synthetic_demo_feed
tel_wgl_dharmasagar,2025-09-09,0.0,35.0,23.8,67.1,7.8,223.9,209.5,6.8,53.5,0.33,-0.18,0.86,synthetic_demo_feed
tel_wgl_dharmasagar,2025-09-10,0.0,34.2,22.5,69.5,10.6,226.3,191.1,9.2,72.9,0.33,-0.18,0.86,synthetic_demo_feed
tel_wgl_dharmasagar,2025-09-11,4.1,34.5,23.6,83.5,12.4,233.0,191.8,10.8,73.7,0.33,-0.18,0.86,synthetic_demo_feed
tel_wgl_dharmasagar,2025-09-12,0.0,35.4,22.9,82.7,10.3,228.4,218.6,9.0,67.7,0.33,-0.18,0.86,synthetic_demo_feed
tel_wgl_dharmasagar,2025-09-13,0.0,35.5,23.4,66.6,8.0,219.2,181.1,7.0,64.0,0.33,-0.18,0.86,synthetic_demo_feed
tel_wgl_dharmasagar,2025-09-14,24.0,29.2,23.3,84.1,7.5,242.8,200.7,6.5,52.4,0.33,-0.18,0.86,synthetic_demo_feed
tel_wgl_dharmasagar,2025-09-15,23.5,31.8,23.4,85.6,9.3,246.4,199.1,8.1,53.1,0.33,-0.18,0.86,synthetic_demo_feed
tel_wgl_dharmasagar,2025-09-16,0.0,33.1,22.5,85.1,11.3,234.7,188.0,9.8,51.2,0.33,-0.18,0.86,synthetic_demo_feed
tel_wgl_dharmasagar,2025-09-17,4.9,34.1,23.1,80.3,10.9,211.7,216.8,9.5,63.4,0.33,-0.18,0.86,synthetic_demo_feed
tel_wgl_dharmasagar,2025-09-18,0.0,35.1,23.0,87.7,10.0,249.4,204.8,8.7,71.9,0.33,-0.18,0.86,synthetic_demo_feed
tel_wgl_dharmasagar,2025-09-19,0.0,34.9,23.0,78.3,8.6,231.6,191.2,7.5,46.6,0.33,-0.18,0.86,synthetic_demo_feed
tel_wgl_dharmasagar,2025-09-20,0.0,34.6,22.9,69.0,11.0,237.6,195.7,9.6,74.3,0.33,-0.18,0.86,synthetic_demo_feed
tel_wgl_dharmasagar,2025-09-21,7.2,33.1,22.5,79.1,9.2,228.9,203.2,8.0,52.8,0.33,-0.18,0.86,synthetic_demo_feed
tel_wgl_dharmasagar,2025-09-22,0.0,33.6,23.7,69.8,10.0,221.2,194.6,8.7,66.0,0.33,-0.18,0.86,synthetic_demo_feed
tel_wgl_dharmasagar,2025-09-23,5.5,32.4,22.9,67.3,8.6,225.2,203.0,7.5,53.1,0.33,-0.18,0.86,synthetic_demo_feed
tel_wgl_dharmasagar,2025-09-24,24.1,31.9,23.7,69.1,11.6,230.7,186.0,10.1,60.0,0.33,-0.18,0.86,synthetic_demo_feed
tel_wgl_dharmasagar,2025-09-25,0.0,33.7,23.4,77.9,9.1,212.4,211.4,7.9,62.0,0.33,-0.18,0.86,synthetic_demo_feed
tel_wgl_dharmasagar,2025-09-26,0.0,33.6,23.1,75.3,10.7,247.3,199.1,9.3,55.0,0.33,-0.18,0.86,synthetic_demo_feed
tel_wgl_dharmasagar,2025-09-27,2.9,33.8,23.3,87.2,12.0,217.0,184.8,10.4,51.0,0.33,-0.18,0.86,synthetic_demo_feed
tel_wgl_dharmasagar,2025-09-28,0.0,35.2,22.8,76.2,10.9,221.5,194.2,9.5,67.1,0.33,-0.18,0.86,synthetic_demo_feed
tel_wgl_dharmasagar,2025-09-29,0.0,34.4,23.1,83.6,8.4,244.0,185.8,7.3,55.1,0.33,-0.18,0.86,synthetic_demo_feed
tel_wgl_dharmasagar,2025-09-30,6.1,33.5,22.5,71.7,9.1,227.8,189.1,7.9,53.0,0.33,-0.18,0.86,synthetic_demo_feed
tel_wgl_dharmasagar,2025-10-01,0.0,33.1,22.0,59.3,5.5,123.7,232.7,4.8,28.6,0.33,-0.18,0.86,synthetic_demo_feed
tel_wgl_dharmasagar,2025-10-02,0.0,32.8,22.1,41.6,5.9,132.7,252.9,5.1,24.7,0.33,-0.18,0.86,synthetic_demo_feed
tel_wgl_dharmasagar,2025-10-03,0.0,33.3,22.3,55.3,4.8,119.3,220.9,4.2,23.3,0.33,-0.18,0.86,synthetic_demo_feed
tel_wgl_dharmasagar,2025-10-04,0.0,32.9,23.7,45.7,4.3,81.7,230.8,3.7,32.0,0.33,-0.18,0.86,synthetic_demo_feed
tel_wgl_dharmasagar,2025-10-05,0.0,34.1,22.5,49.5,4.6,106.7,250.1,4.0,37.6,0.33,-0.18,0.86,synthetic_demo_feed
tel_wgl_dharmasagar,2025-10-06,0.0,34.4,23.1,52.0,4.0,111.4,244.4,3.5,32.1,0.33,-0.18,0.86,synthetic_demo_feed
tel_wgl_dharmasagar,2025-10-07,0.0,33.8,22.7,50.8,4.6,95.6,230.8,4.0,34.9,0.33,-0.18,0.86,synthetic_demo_feed
tel_wgl_dharmasagar,2025-10-08,0.0,33.9,22.0,57.0,6.2,135.3,220.0,5.4,27.5,0.33,-0.18,0.86,synthetic_demo_feed
tel_wgl_dharmasagar,2025-10-09,0.0,33.2,22.0,48.6,3.4,102.4,236.7,3.0,26.7,0.33,-0.18,0.86,synthetic_demo_feed
tel_wgl_dharmasagar,2025-10-10,0.0,33.7,22.8,43.3,4.8,95.8,239.6,4.2,33.8,0.33,-0.18,0.86,synthetic_demo_feed
tel_wgl_dharmasagar,2025-10-11,0.0,34.6,22.6,58.2,6.1,124.6,228.4,5.3,34.9,0.33,-0.18,0.86,synthetic_demo_feed
tel_wgl_dharmasagar,2025-10-12,0.0,34.4,23.2,43.6,6.4,96.3,234.5,5.6,26.6,0.33,-0.18,0.86,synthetic_demo_feed
tel_wgl_dharmasagar,2025-10-13,0.0,33.1,22.2,41.0,3.6,96.2,226.6,3.1,30.6,0.33,-0.18,0.86,synthetic_demo_feed
tel_wgl_dharmasagar,2025-10-14,0.0,33.5,22.6,43.0,4.3,128.0,245.4,3.7,29.9,0.33,-0.18,0.86,synthetic_demo_feed
tel_wgl_dharmasagar,2025-10-15,0.0,35.4,22.1,46.6,6.2,126.5,236.2,5.4,35.5,0.33,-0.18,0.86,synthetic_demo_feed
tel_wgl_dharmasagar,2025-10-16,2.4,32.5,23.5,56.3,6.3,94.9,226.7,5.5,35.3,0.33,-0.18,0.86,synthetic_demo_feed
tel_wgl_dharmasagar,2025-10-17,0.0,34.8,23.0,40.7,6.0,138.9,235.5,5.2,29.4,0.33,-0.18,0.86,synthetic_demo_feed
tel_wgl_dharmasagar,2025-10-18,0.0,32.6,23.9,46.5,4.5,111.3,243.9,3.9,32.1,0.33,-0.18,0.86,synthetic_demo_feed
tel_wgl_dharmasagar,2025-10-19,0.0,33.2,22.2,57.8,4.1,118.0,242.3,3.6,35.8,0.33,-0.18,0.86,synthetic_demo_feed
tel_wgl_dharmasagar,2025-10-20,0.0,32.5,22.1,42.4,4.4,127.0,225.9,3.8,34.6,0.33,-0.18,0.86,synthetic_demo_feed
tel_wgl_dharmasagar,2025-10-21,0.0,32.8,23.2,41.8,4.7,135.9,240.9,4.1,24.5,0.33,-0.18,0.86,synthetic_demo_feed
tel_wgl_dharmasagar,2025-10-22,0.0,34.9,22.3,52.9,3.7,94.0,241.9,3.2,33.2,0.33,-0.18,0.86,synthetic_demo_feed
tel_wgl_dharmasagar,2025-10-23,0.0,33.1,23.4,56.1,6.1,101.5,247.6,5.3,29.0,0.33,-0.18,0.86,synthetic_demo_feed
tel_wgl_dharmasagar,2025-10-24,4.5,32.4,22.4,45.9,4.9,100.9,237.0,4.3,33.2,0.33,-0.18,0.86,synthetic_demo_feed
tel_wgl_dharmasagar,2025-10-25,0.0,32.7,22.3,58.3,6.3,97.7,229.6,5.5,30.9,0.33,-0.18,0.86,synthetic_demo_feed
tel_wgl_dharmasagar,2025-10-26,0.0,33.1,22.0,52.8,3.4,131.4,232.8,3.0,28.1,0.33,-0.18,0.86,synthetic_demo_feed
tel_wgl_dharmasagar,2025-10-27,0.0,33.7,23.0,53.2,6.0,109.9,228.4,5.2,30.6,0.33,-0.18,0.86,synthetic_demo_feed
tel_wgl_dharmasagar,2025-10-28,0.0,34.1,22.1,52.8,4.6,130.1,241.5,4.0,23.8,0.33,-0.18,0.86,synthetic_demo_feed
tel_wgl_dharmasagar,2025-10-29,4.4,34.3,23.3,42.0,5.2,111.5,227.1,4.5,31.1,0.33,-0.18,0.86,synthetic_demo_feed
tel_wgl_dharmasagar,2025-10-30,0.0,35.3,22.4,52.1,4.7,109.5,229.0,4.1,23.1,0.33,-0.18,0.86,synthetic_demo_feed
tel_wgl_dharmasagar,2025-10-31,0.0,35.3,22.8,41.2,6.2,102.1,222.8,5.4,30.9,0.33,-0.18,0.86,synthetic_demo_feed
tel_mbnr_jadcherla,2023-05-01,0.4,34.6,23.1,59.2,6.7,91.4,230.6,5.8,23.6,0.42,0.29,0.85,synthetic_demo_feed
tel_mbnr_jadcherla,2023-05-02,0.0,33.7,22.2,43.6,5.6,118.3,228.7,4.9,34.0,0.42,0.29,0.85,synthetic_demo_feed
tel_mbnr_jadcherla,2023-05-03,0.0,33.0,22.8,57.7,5.8,100.3,236.1,5.0,24.7,0.42,0.29,0.85,synthetic_demo_feed
tel_mbnr_jadcherla,2023-05-04,0.0,35.5,22.6,47.0,4.9,102.3,254.9,4.3,27.0,0.42,0.29,0.85,synthetic_demo_feed
tel_mbnr_jadcherla,2023-05-05,0.0,33.1,23.5,52.2,6.0,135.6,235.1,5.2,31.0,0.42,0.29,0.85,synthetic_demo_feed
tel_mbnr_jadcherla,2023-05-06,0.0,35.4,23.2,47.9,4.9,111.1,253.7,4.3,33.6,0.42,0.29,0.85,synthetic_demo_feed
tel_mbnr_jadcherla,2023-05-07,0.0,32.6,23.6,44.4,4.5,121.4,230.6,3.9,35.7,0.42,0.29,0.85,synthetic_demo_feed
tel_mbnr_jadcherla,2023-05-08,0.0,32.6,22.7,58.5,5.4,88.3,239.4,4.7,24.5,0.42,0.29,0.85,synthetic_demo_feed
tel_mbnr_jadcherla,2023-05-09,0.0,33.7,23.8,56.2,4.3,124.1,240.4,3.7,23.5,0.42,0.29,0.85,synthetic_demo_feed
tel_mbnr_jadcherla,2023-05-10,0.0,34.2,23.8,56.5,4.0,115.7,247.8,3.5,33.0,0.42,0.29,0.85,synthetic_demo_feed
tel_mbnr_jadcherla,2023-05-11,0.0,34.8,22.7,41.6,5.4,129.0,245.6,4.7,22.9,0.42,0.29,0.85,synthetic_demo_feed
tel_mbnr_jadcherla,2023-05-12,0.0,34.3,22.0,44.5,6.4,126.6,250.4,5.6,32.4,0.42,0.29,0.85,synthetic_demo_feed
tel_mbnr_jadcherla,2023-05-13,0.0,34.0,22.4,50.8,3.6,83.0,230.7,3.1,24.4,0.42,0.29,0.85,synthetic_demo_feed
tel_mbnr_jadcherla,2023-05-14,0.0,33.2,22.6,51.9,4.9,103.7,233.8,4.3,30.1,0.42,0.29,0.85,synthetic_demo_feed
tel_mbnr_jadcherla,2023-05-15,0.4,33.9,23.5,48.0,3.6,87.8,240.0,3.1,23.4,0.42,0.29,0.85,synthetic_demo_feed
tel_mbnr_jadcherla,2023-05-16,2.8,34.3,22.5,43.9,5.8,84.3,237.1,5.0,31.9,0.42,0.29,0.85,synthetic_demo_feed
tel_mbnr_jadcherla,2023-05-17,0.0,33.8,22.7,41.8,6.7,99.2,231.3,5.8,32.7,0.42,0.29,0.85,synthetic_demo_feed
tel_mbnr_jadcherla,2023-05-18,0.0,35.5,22.9,59.8,4.5,88.7,220.8,3.9,31.9,0.42,0.29,0.85,synthetic_demo_feed
tel_mbnr_jadcherla,2023-05-19,4.1,32.2,22.1,55.2,4.7,136.9,227.0,4.1,35.6,0.42,0.29,0.85,synthetic_demo_feed
tel_mbnr_jadcherla,2023-05-20,0.0,32.8,22.9,40.3,6.3,81.4,250.4,5.5,33.1,0.42,0.29,0.85,synthetic_demo_feed
tel_mbnr_jadcherla,2023-05-21,0.0,33.9,23.5,50.5,4.1,88.5,238.8,3.6,26.1,0.42,0.29,0.85,synthetic_demo_feed
tel_mbnr_jadcherla,2023-05-22,0.0,33.0,22.6,53.3,5.4,127.4,220.6,4.7,22.7,0.42,0.29,0.85,synthetic_demo_feed
tel_mbnr_jadcherla,2023-05-23,0.0,33.3,23.7,40.2,5.8,119.6,221.9,5.0,28.2,0.42,0.29,0.85,synthetic_demo_feed
tel_mbnr_jadcherla,2023-05-24,0.0,33.6,24.0,53.0,6.4,86.0,220.7,5.6,25.7,0.42,0.29,0.85,synthetic_demo_feed
tel_mbnr_jadcherla,2023-05-25,0.0,33.9,23.9,43.7,5.3,81.3,250.3,4.6,30.0,0.42,0.29,0.85,synthetic_demo_feed
tel_mbnr_jadcherla,2023-05-26,0.0,33.5,22.7,47.9,4.6,117.5,238.5,4.0,24.5,0.42,0.29,0.85,synthetic_demo_feed
tel_mbnr_jadcherla,2023-05-27,0.0,35.1,23.8,56.2,5.2,128.9,254.2,4.5,32.0,0.42,0.29,0.85,synthetic_demo_feed
tel_mbnr_jadcherla,2023-05-28,2.8,32.3,22.8,57.9,4.0,137.6,229.8,3.5,32.5,0.42,0.29,0.85,synthetic_demo_feed
tel_mbnr_jadcherla,2023-05-29,0.0,35.4,23.8,44.8,4.3,99.8,241.9,3.7,24.4,0.42,0.29,0.85,synthetic_demo_feed
tel_mbnr_jadcherla,2023-05-30,0.0,35.1,22.6,50.8,3.9,122.3,227.2,3.4,34.8,0.42,0.29,0.85,synthetic_demo_feed
tel_mbnr_jadcherla,2023-05-31,0.0,35.3,23.8,59.5,6.9,99.0,224.7,6.0,24.3,0.42,0.29,0.85,synthetic_demo_feed
tel_mbnr_jadcherla,2023-06-01,0.0,34.7,23.5,72.3,8.0,245.2,217.9,7.0,71.4,0.42,0.29,0.85,synthetic_demo_feed
tel_mbnr_jadcherla,2023-06-02,11.8,31.6,23.6,85.6,12.3,214.3,197.7,10.7,73.0,0.42,0.29,0.85,synthetic_demo_feed
tel_mbnr_jadcherla,2023-06-03,19.7,30.2,23.4,78.0,8.9,224.4,204.5,7.7,51.9,0.42,0.29,0.85,synthetic_demo_feed
tel_mbnr_jadcherla,2023-06-04,0.0,33.6,23.7,78.9,10.1,229.7,199.1,8.8,66.4,0.42,0.29,0.85,synthetic_demo_feed
tel_mbnr_jadcherla,2023-06-05,6.8,32.7,23.5,65.3,11.4,249.5,181.3,9.9,53.1,0.42,0.29,0.85,synthetic_demo_feed
tel_mbnr_jadcherla,2023-06-06,0.0,34.0,22.6,87.7,12.3,228.3,182.6,10.7,71.0,0.42,0.29,0.85,synthetic_demo_feed
tel_mbnr_jadcherla,2023-06-07,11.6,32.6,23.5,73.7,11.3,233.8,181.7,9.8,54.4,0.42,0.29,0.85,synthetic_demo_feed
tel_mbnr_jadcherla,2023-06-08,25.7,30.0,23.7,87.8,14.7,211.7,190.7,12.8,56.0,0.42,0.29,0.85,synthetic_demo_feed
tel_mbnr_jadcherla,2023-06-09,37.9,28.5,23.0,91.0,12.3,235.2,178.2,10.7,62.0,0.42,0.29,0.85,synthetic_demo_feed
tel_mbnr_jadcherla,2023-06-10,13.3,33.0,22.9,84.6,12.3,226.9,170.2,10.7,68.0,0.42,0.29,0.85,synthetic_demo_feed
tel_mbnr_jadcherla,2023-06-11,27.9,30.8,22.9,82.1,13.0,238.9,161.9,11.3,74.0,0.42,0.29,0.85,synthetic_demo_feed
tel_mbnr_jadcherla,2023-06-12,14.9,30.7,22.8,90.4,15.8,228.0,187.3,13.7,80.0,0.42,0.29,0.85,synthetic_demo_feed
tel_mbnr_jadcherla,2023-06-13,15.8,32.2,23.8,75.5,8.5,241.9,208.5,7.4,52.5,0.42,0.29,0.85,synthetic_demo_feed
tel_mbnr_jadcherla,2023-06-14,0.0,34.1,22.8,75.3,8.0,241.6,184.9,7.0,55.9,0.42,0.29,0.85,synthetic_demo_feed
tel_mbnr_jadcherla,2023-06-15,0.0,35.2,23.1,73.8,9.4,236.4,218.0,8.2,68.0,0.42,0.29,0.85,synthetic_demo_feed
tel_mbnr_jadcherla,2023-06-16,22.0,31.5,22.9,74.7,11.2,235.1,187.2,9.7,54.3,0.42,0.29,0.85,synthetic_demo_feed
tel_mbnr_jadcherla,2023-06-17,5.5,34.2,23.1,70.8,10.7,210.2,188.1,9.3,58.8,0.42,0.29,0.85,synthetic_demo_feed
tel_mbnr_jadcherla,2023-06-18,0.0,32.7,23.2,75.9,10.5,219.8,189.5,9.1,57.3,0.42,0.29,0.85,synthetic_demo_feed
tel_mbnr_jadcherla,2023-06-19,0.0,32.9,23.3,84.0,10.3,211.5,204.8,9.0,46.5,0.42,0.29,0.85,synthetic_demo_feed
tel_mbnr_jadcherla,2023-06-20,0.0,32.6,22.8,71.9,11.8,217.1,206.7,10.3,72.6,0.42,0.29,0.85,synthetic_demo_feed
tel_mbnr_jadcherla,2023-06-21,0.0,33.0,22.9,78.7,11.0,233.2,204.4,9.6,68.6,0.42,0.29,0.85,synthetic_demo_feed
tel_mbnr_jadcherla,2023-06-22,0.0,32.7,22.9,73.5,9.0,232.0,183.7,7.8,56.4,0.42,0.29,0.85,synthetic_demo_feed
tel_mbnr_jadcherla,2023-06-23,5.5,33.8,23.2,77.1,8.9,214.4,207.8,7.7,60.7,0.42,0.29,0.85,synthetic_demo_feed
tel_mbnr_jadcherla,2023-06-24,0.0,35.3,24.0,76.1,12.5,221.5,205.2,10.9,65.7,0.42,0.29,0.85,synthetic_demo_feed
tel_mbnr_jadcherla,2023-06-25,0.0,32.9,23.1,87.9,10.2,230.8,192.7,8.9,55.6,0.42,0.29,0.85,synthetic_demo_feed
tel_mbnr_jadcherla,2023-06-26,0.0,35.4,22.0,79.0,8.4,211.0,199.7,7.3,66.3,0.42,0.29,0.85,synthetic_demo_feed
tel_mbnr_jadcherla,2023-06-27,0.0,33.7,22.7,83.4,11.8,232.4,184.7,10.3,75.0,0.42,0.29,0.85,synthetic_demo_feed
tel_mbnr_jadcherla,2023-06-28,0.0,33.4,23.0,71.5,8.5,223.0,180.5,7.4,68.7,0.42,0.29,0.85,synthetic_demo_feed
tel_mbnr_jadcherla,2023-06-29,17.9,30.3,22.7,79.2,11.3,223.5,193.7,9.8,45.9,0.42,0.29,0.85,synthetic_demo_feed
tel_mbnr_jadcherla,2023-06-30,0.0,34.4,23.8,79.9,11.6,231.5,216.6,10.1,59.4,0.42,0.29,0.85,synthetic_demo_feed
tel_mbnr_jadcherla,2023-07-01,20.1,31.7,22.6,84.2,11.3,231.4,196.6,9.8,54.0,0.42,0.29,0.85,synthetic_demo_feed
tel_mbnr_jadcherla,2023-07-02,17.9,30.7,22.1,73.1,12.1,249.3,212.0,10.5,74.1,0.42,0.29,0.85,synthetic_demo_feed
tel_mbnr_jadcherla,2023-07-03,0.0,35.1,23.5,74.0,10.5,238.2,213.7,9.1,62.9,0.42,0.29,0.85,synthetic_demo_feed
tel_mbnr_jadcherla,2023-07-04,3.2,34.9,22.4,70.5,10.0,222.1,196.6,8.7,58.6,0.42,0.29,0.85,synthetic_demo_feed
tel_mbnr_jadcherla,2023-07-05,20.2,30.9,23.0,75.2,12.2,217.6,211.1,10.6,45.7,0.42,0.29,0.85,synthetic_demo_feed
tel_mbnr_jadcherla,2023-07-06,0.0,35.1,23.6,82.8,10.2,247.5,209.3,8.9,49.3,0.42,0.29,0.85,synthetic_demo_feed
tel_mbnr_jadcherla,2023-07-07,0.0,34.1,22.0,75.6,11.3,247.3,185.3,9.8,66.4,0.42,0.29,0.85,synthetic_demo_feed
tel_mbnr_jadcherla,2023-07-08,0.0,34.1,23.3,75.7,7.9,222.5,203.8,6.9,46.4,0.42,0.29,0.85,synthetic_demo_feed
tel_mbnr_jadcherla,2023-07-09,0.0,33.3,22.6,72.4,12.1,227.6,192.5,10.5,50.8,0.42,0.29,0.85,synthetic_demo_feed
tel_mbnr_jadcherla,2023-07-10,5.9,32.2,22.7,79.3,7.6,222.7,190.9,6.6,60.4,0.42,0.29,0.85,synthetic_demo_feed
tel_mbnr_jadcherla,2023-07-11,18.3,30.8,22.9,66.6,8.7,215.2,191.3,7.6,63.4,0.42,0.29,0.85,synthetic_demo_feed
tel_mbnr_jadcherla,2023-07-12,0.0,33.0,23.2,66.2,8.0,233.7,207.0,7.0,57.8,0.42,0.29,0.85,synthetic_demo_feed
tel_mbnr_jadcherla,2023-07-13,0.0,34.6,23.3,72.2,10.7,231.3,208.0,9.3,69.5,0.42,0.29,0.85,synthetic_demo_feed
tel_mbnr_jadcherla,2023-07-14,0.0,35.3,22.9,68.0,9.9,228.2,210.2,8.6,69.4,0.42,0.29,0.85,synthetic_demo_feed
tel_mbnr_jadcherla,2023-07-15,0.0,35.1,23.2,70.3,9.9,246.5,208.4,8.6,51.7,0.42,0.29,0.85,synthetic_demo_feed
tel_mbnr_jadcherla,2023-07-16,18.2,29.9,23.0,85.3,11.5,224.1,206.6,10.0,58.6,0.42,0.29,0.85,synthetic_demo_feed
tel_mbnr_jadcherla,2023-07-17,0.0,32.8,23.6,78.9,11.5,241.9,186.8,10.0,48.8,0.42,0.29,0.85,synthetic_demo_feed
tel_mbnr_jadcherla,2023-07-18,17.1,31.8,23.1,74.2,10.2,249.0,211.7,8.9,57.4,0.42,0.29,0.85,synthetic_demo_feed
tel_mbnr_jadcherla,2023-07-19,10.2,33.3,23.1,83.0,10.6,219.4,212.6,9.2,58.1,0.42,0.29,0.85,synthetic_demo_feed
tel_mbnr_jadcherla,2023-07-20,0.5,33.9,23.2,51.2,5.5,107.8,236.9,4.8,55.5,0.42,0.29,0.85,synthetic_demo_feed
tel_mbnr_jadcherla,2023-07-21,0.4,32.6,22.2,57.3,3.3,128.8,255.6,2.9,51.0,0.42,0.29,0.85,synthetic_demo_feed
tel_mbnr_jadcherla,2023-07-22,0.6,32.7,23.6,52.6,4.3,133.2,244.5,3.7,46.5,0.42,0.29,0.85,synthetic_demo_feed
tel_mbnr_jadcherla,2023-07-23,0.7,32.8,23.1,44.3,2.9,103.4,250.9,2.5,42.0,0.42,0.29,0.85,synthetic_demo_feed
tel_mbnr_jadcherla,2023-07-24,0.5,34.1,23.8,47.1,4.8,98.3,239.9,4.2,37.5,0.42,0.29,0.85,synthetic_demo_feed
tel_mbnr_jadcherla,2023-07-25,0.8,32.6,22.0,47.5,5.8,139.2,245.9,5.0,33.0,0.42,0.29,0.85,synthetic_demo_feed
tel_mbnr_jadcherla,2023-07-26,0.3,34.1,22.1,47.9,3.7,122.2,238.2,3.2,28.5,0.42,0.29,0.85,synthetic_demo_feed
tel_mbnr_jadcherla,2023-07-27,0.7,33.1,23.4,55.9,5.4,103.7,244.0,4.7,24.0,0.42,0.29,0.85,synthetic_demo_feed
tel_mbnr_jadcherla,2023-07-28,0.3,34.4,22.9,50.7,4.0,91.3,244.6,3.5,20.0,0.42,0.29,0.85,synthetic_demo_feed
tel_mbnr_jadcherla,2023-07-29,23.3,29.4,22.1,87.9,8.3,210.6,213.6,7.2,65.1,0.42,0.29,0.85,synthetic_demo_feed
tel_mbnr_jadcherla,2023-07-30,0.0,34.4,22.8,87.8,9.8,228.2,199.5,8.5,47.5,0.42,0.29,0.85,synthetic_demo_feed
tel_mbnr_jadcherla,2023-07-31,0.0,34.2,22.9,69.1,9.7,224.2,204.2,8.4,60.3,0.42,0.29,0.85,synthetic_demo_feed
tel_mbnr_jadcherla,2023-08-01,16.1,31.3,23.1,70.4,11.8,224.7,203.1,10.3,60.1,0.42,0.29,0.85,synthetic_demo_feed
tel_mbnr_jadcherla,2023-08-02,0.0,34.6,22.3,67.6,11.2,239.3,202.7,9.7,59.4,0.42,0.29,0.85,synthetic_demo_feed
tel_mbnr_jadcherla,2023-08-03,0.0,35.2,22.2,75.7,11.5,228.9,219.3,10.0,47.3,0.42,0.29,0.85,synthetic_demo_feed
tel_mbnr_jadcherla,2023-08-04,0.0,33.4,22.1,79.6,7.9,223.7,218.4,6.9,68.9,0.42,0.29,0.85,synthetic_demo_feed
tel_mbnr_jadcherla,2023-08-05,0.0,33.8,23.9,75.8,10.1,241.9,198.8,8.8,67.0,0.42,0.29,0.85,synthetic_demo_feed
tel_mbnr_jadcherla,2023-08-06,3.3,32.2,22.9,81.7,11.4,216.8,216.9,9.9,61.9,0.42,0.29,0.85,synthetic_demo_feed
tel_mbnr_jadcherla,2023-08-07,24.8,30.3,23.7,71.6,10.7,221.1,212.4,9.3,47.5,0.42,0.29,0.85,synthetic_demo_feed
tel_mbnr_jadcherla,2023-08-08,8.8,33.0,22.3,67.6,7.6,227.9,214.3,6.6,50.2,0.42,0.29,0.85,synthetic_demo_feed
tel_mbnr_jadcherla,2023-08-09,0.0,35.1,22.7,76.2,11.2,213.4,190.5,9.7,69.0,0.42,0.29,0.85,synthetic_demo_feed
tel_mbnr_jadcherla,2023-08-10,23.5,29.7,22.9,87.9,10.0,235.5,186.2,8.7,68.1,0.42,0.29,0.85,synthetic_demo_feed
tel_mbnr_jadcherla,2023-08-11,19.0,30.2,22.8,82.4,10.8,222.1,193.8,9.4,48.5,0.42,0.29,0.85,synthetic_demo_feed
tel_mbnr_jadcherla,2023-08-12,0.0,33.9,22.3,73.7,10.2,244.8,210.1,8.9,66.2,0.42,0.29,0.85,synthetic_demo_feed
tel_mbnr_jadcherla,2023-08-13,23.4,29.1,23.8,87.1,11.0,235.5,198.0,9.6,65.5,0.42,0.29,0.85,synthetic_demo_feed
tel_mbnr_jadcherla,2023-08-14,0.0,33.3,22.2,84.7,12.2,236.2,197.3,10.6,55.0,0.42,0.29,0.85,synthetic_demo_feed
tel_mbnr_jadcherla,2023-08-15,19.9,30.5,23.4,78.5,11.3,217.2,210.0,9.8,50.8,0.42,0.29,0.85,synthetic_demo_feed
tel_mbnr_jadcherla,2023-08-16,0.0,32.8,22.9,65.3,11.7,218.8,206.9,10.2,47.9,0.42,0.29,0.85,synthetic_demo_feed
tel_mbnr_jadcherla,2023-08-17,6.8,34.0,23.9,86.6,7.9,235.5,180.9,6.9,64.7,0.42,0.29,0.85,synthetic_demo_feed
tel_mbnr_jadcherla,2023-08-18,0.0,35.2,23.1,68.0,12.0,248.7,184.8,10.4,64.7,0.42,0.29,0.85,synthetic_demo_feed
tel_mbnr_jadcherla,2023-08-19,0.0,34.4,23.8,75.7,8.7,221.1,207.8,7.6,73.1,0.42,0.29,0.85,synthetic_demo_feed
tel_mbnr_jadcherla,2023-08-20,22.8,31.4,22.8,68.7,9.2,223.3,210.8,8.0,47.2,0.42,0.29,0.85,synthetic_demo_feed
tel_mbnr_jadcherla,2023-08-21,24.0,30.7,22.4,76.3,9.8,229.7,190.6,8.5,72.9,0.42,0.29,0.85,synthetic_demo_feed
tel_mbnr_jadcherla,2023-08-22,19.8,29.8,22.1,86.0,10.8,232.9,188.7,9.4,66.5,0.42,0.29,0.85,synthetic_demo_feed
tel_mbnr_jadcherla,2023-08-23,12.5,32.6,22.5,79.7,8.3,238.0,215.9,7.2,73.0,0.42,0.29,0.85,synthetic_demo_feed
tel_mbnr_jadcherla,2023-08-24,0.0,33.8,23.7,86.6,10.1,241.2,203.0,8.8,59.7,0.42,0.29,0.85,synthetic_demo_feed
tel_mbnr_jadcherla,2023-08-25,0.0,33.9,23.1,86.9,7.5,247.4,201.6,6.5,69.5,0.42,0.29,0.85,synthetic_demo_feed
tel_mbnr_jadcherla,2023-08-26,17.8,31.4,23.9,87.1,10.7,213.2,196.0,9.3,47.7,0.42,0.29,0.85,synthetic_demo_feed
tel_mbnr_jadcherla,2023-08-27,0.0,33.7,22.4,69.1,10.8,237.8,210.7,9.4,46.2,0.42,0.29,0.85,synthetic_demo_feed
tel_mbnr_jadcherla,2023-08-28,0.0,34.7,22.3,67.0,9.3,217.7,205.2,8.1,64.0,0.42,0.29,0.85,synthetic_demo_feed
tel_mbnr_jadcherla,2023-08-29,0.0,33.4,23.1,66.4,10.0,243.4,203.7,8.7,61.2,0.42,0.29,0.85,synthetic_demo_feed
tel_mbnr_jadcherla,2023-08-30,24.9,29.1,23.6,83.1,7.8,236.7,181.5,6.8,46.3,0.42,0.29,0.85,synthetic_demo_feed
tel_mbnr_jadcherla,2023-08-31,0.0,35.3,22.1,68.4,12.0,215.7,207.1,10.4,62.4,0.42,0.29,0.85,synthetic_demo_feed
tel_mbnr_jadcherla,2023-09-01,0.0,32.9,22.3,66.1,12.2,212.0,198.8,10.6,66.0,0.42,0.29,0.85,synthetic_demo_feed
tel_mbnr_jadcherla,2023-09-02,20.4,29.8,23.0,78.6,8.4,242.0,198.2,7.3,69.5,0.42,0.29,0.85,synthetic_demo_feed
tel_mbnr_jadcherla,2023-09-03,20.6,30.4,24.0,87.6,11.7,233.0,197.0,10.2,65.4,0.42,0.29,0.85,synthetic_demo_feed
tel_mbnr_jadcherla,2023-09-04,21.3,29.7,22.3,78.6,11.4,226.6,211.7,9.9,55.1,0.42,0.29,0.85,synthetic_demo_feed
tel_mbnr_jadcherla,2023-09-05,0.0,32.8,23.7,86.3,9.8,234.5,202.1,8.5,46.2,0.42,0.29,0.85,synthetic_demo_feed
tel_mbnr_jadcherla,2023-09-06,0.0,32.8,23.3,65.1,10.0,245.5,180.6,8.7,50.4,0.42,0.29,0.85,synthetic_demo_feed
tel_mbnr_jadcherla,2023-09-07,20.7,31.0,22.8,69.7,11.0,247.5,210.9,9.6,64.2,0.42,0.29,0.85,synthetic_demo_feed
tel_mbnr_jadcherla,2023-09-08,0.0,34.4,23.6,76.5,8.4,223.9,181.5,7.3,73.5,0.42,0.29,0.85,synthetic_demo_feed
tel_mbnr_jadcherla,2023-09-09,7.8,33.6,23.1,67.2,10.2,218.8,184.7,8.9,55.9,0.42,0.29,0.85,synthetic_demo_feed
tel_mbnr_jadcherla,2023-09-10,0.0,34.6,23.9,69.5,8.9,229.0,206.4,7.7,68.9,0.42,0.29,0.85,synthetic_demo_feed
tel_mbnr_jadcherla,2023-09-11,17.6,30.9,23.6,71.6,10.8,240.3,181.7,9.4,58.0,0.42,0.29,0.85,synthetic_demo_feed
tel_mbnr_jadcherla,2023-09-12,19.2,30.0,23.8,83.1,8.4,238.9,217.0,7.3,59.6,0.42,0.29,0.85,synthetic_demo_feed
tel_mbnr_jadcherla,2023-09-13,0.0,34.8,22.7,80.6,8.5,213.9,193.0,7.4,54.8,0.42,0.29,0.85,synthetic_demo_feed
tel_mbnr_jadcherla,2023-09-14,0.0,34.0,23.8,70.1,9.4,215.8,214.8,8.2,59.1,0.42,0.29,0.85,synthetic_demo_feed
tel_mbnr_jadcherla,2023-09-15,0.0,34.4,24.0,68.1,9.4,218.1,198.2,8.2,66.6,0.42,0.29,0.85,synthetic_demo_feed
tel_mbnr_jadcherla,2023-09-16,18.1,30.3,22.7,84.6,8.2,245.5,182.4,7.1,58.8,0.42,0.29,0.85,synthetic_demo_feed
tel_mbnr_jadcherla,2023-09-17,0.0,35.4,23.7,79.1,10.8,213.5,211.6,9.4,50.1,0.42,0.29,0.85,synthetic_demo_feed
tel_mbnr_jadcherla,2023-09-18,0.0,33.3,23.5,78.6,12.6,239.4,199.6,11.0,70.1,0.42,0.29,0.85,synthetic_demo_feed
tel_mbnr_jadcherla,2023-09-19,9.9,32.7,22.0,78.6,12.1,249.2,203.2,10.5,49.5,0.42,0.29,0.85,synthetic_demo_feed
tel_mbnr_jadcherla,2023-09-20,13.1,32.9,23.6,77.2,7.7,228.1,210.7,6.7,59.4,0.42,0.29,0.85,synthetic_demo_feed
tel_mbnr_jadcherla,2023-09-21,15.1,31.1,23.3,86.8,11.3,213.6,180.5,9.8,49.0,0.42,0.29,0.85,synthetic_demo_feed
tel_mbnr_jadcherla,2023-09-22,0.0,32.6,22.9,84.7,11.2,240.9,192.2,9.7,67.4,0.42,0.29,0.85,synthetic_demo_feed
tel_mbnr_jadcherla,2023-09-23,0.0,34.4,23.7,73.5,11.6,212.8,196.2,10.1,58.9,0.42,0.29,0.85,synthetic_demo_feed
tel_mbnr_jadcherla,2023-09-24,0.0,35.3,23.1,74.8,7.6,241.8,193.3,6.6,53.1,0.42,0.29,0.85,synthetic_demo_feed
tel_mbnr_jadcherla,2023-09-25,0.0,35.3,23.3,81.9,12.1,245.5,183.2,10.5,46.6,0.42,0.29,0.85,synthetic_demo_feed
tel_mbnr_jadcherla,2023-09-26,10.7,31.1,23.4,69.0,9.3,218.2,204.8,8.1,61.8,0.42,0.29,0.85,synthetic_demo_feed
tel_mbnr_jadcherla,2023-09-27,0.0,34.2,23.9,76.0,8.0,218.4,189.5,7.0,73.2,0.42,0.29,0.85,synthetic_demo_feed
tel_mbnr_jadcherla,2023-09-28,0.0,33.3,22.1,71.1,9.3,223.8,189.0,8.1,65.4,0.42,0.29,0.85,synthetic_demo_feed
tel_mbnr_jadcherla,2023-09-29,0.0,34.1,22.6,81.3,8.2,234.8,201.1,7.1,65.3,0.42,0.29,0.85,synthetic_demo_feed
tel_mbnr_jadcherla,2023-09-30,0.0,35.2,22.9,86.6,11.6,213.2,217.8,10.1,47.0,0.42,0.29,0.85,synthetic_demo_feed
tel_mbnr_jadcherla,2023-10-01,0.0,34.6,23.0,42.2,6.8,132.5,230.1,5.9,26.4,0.42,0.29,0.85,synthetic_demo_feed
tel_mbnr_jadcherla,2023-10-02,0.0,32.9,22.7,59.4,4.5,106.6,242.0,3.9,30.7,0.42,0.29,0.85,synthetic_demo_feed
tel_mbnr_jadcherla,2023-10-03,0.0,35.3,23.3,57.4,3.7,104.7,230.2,3.2,25.7,0.42,0.29,0.85,synthetic_demo_feed
tel_mbnr_jadcherla,2023-10-04,0.0,35.0,22.9,51.9,4.6,98.2,242.6,4.0,33.1,0.42,0.29,0.85,synthetic_demo_feed
tel_mbnr_jadcherla,2023-10-05,3.9,34.2,22.1,49.7,4.4,101.2,226.0,3.8,37.5,0.42,0.29,0.85,synthetic_demo_feed
tel_mbnr_jadcherla,2023-10-06,0.0,35.4,23.7,54.2,6.7,121.6,225.8,5.8,26.6,0.42,0.29,0.85,synthetic_demo_feed
tel_mbnr_jadcherla,2023-10-07,0.0,32.9,22.5,40.8,4.3,91.1,225.4,3.7,27.1,0.42,0.29,0.85,synthetic_demo_feed
tel_mbnr_jadcherla,2023-10-08,0.0,34.1,22.3,46.9,4.6,98.1,221.2,4.0,28.0,0.42,0.29,0.85,synthetic_demo_feed
tel_mbnr_jadcherla,2023-10-09,0.0,33.5,22.0,42.9,5.2,124.3,234.2,4.5,29.3,0.42,0.29,0.85,synthetic_demo_feed
tel_mbnr_jadcherla,2023-10-10,0.0,35.3,24.0,49.5,5.9,114.4,231.6,5.1,26.6,0.42,0.29,0.85,synthetic_demo_feed
tel_mbnr_jadcherla,2023-10-11,2.8,34.8,22.3,53.8,4.9,113.1,251.7,4.3,33.7,0.42,0.29,0.85,synthetic_demo_feed
tel_mbnr_jadcherla,2023-10-12,0.0,32.7,23.3,48.9,6.3,115.0,234.1,5.5,23.5,0.42,0.29,0.85,synthetic_demo_feed
tel_mbnr_jadcherla,2023-10-13,0.0,33.8,23.3,40.5,4.4,85.2,252.7,3.8,30.6,0.42,0.29,0.85,synthetic_demo_feed
tel_mbnr_jadcherla,2023-10-14,0.0,35.2,22.7,52.1,4.6,88.9,226.8,4.0,37.1,0.42,0.29,0.85,synthetic_demo_feed
tel_mbnr_jadcherla,2023-10-15,0.0,35.4,23.7,45.7,4.7,85.3,232.9,4.1,27.6,0.42,0.29,0.85,synthetic_demo_feed
tel_mbnr_jadcherla,2023-10-16,0.0,34.9,23.9,56.1,6.9,105.4,235.5,6.0,26.6,0.42,0.29,0.85,synthetic_demo_feed
tel_mbnr_jadcherla,2023-10-17,0.0,33.9,23.7,41.7,5.5,139.2,224.9,4.8,25.3,0.42,0.29,0.85,synthetic_demo_feed
tel_mbnr_jadcherla,2023-10-18,4.8,33.0,23.1,48.2,3.8,122.6,246.5,3.3,36.6,0.42,0.29,0.85,synthetic_demo_feed
tel_mbnr_jadcherla,2023-10-19,0.0,32.6,23.7,47.6,4.1,130.1,224.8,3.6,30.9,0.42,0.29,0.85,synthetic_demo_feed
tel_mbnr_jadcherla,2023-10-20,0.0,33.3,23.9,40.5,5.1,130.1,239.6,4.4,22.0,0.42,0.29,0.85,synthetic_demo_feed
tel_mbnr_jadcherla,2023-10-21,0.0,34.6,22.5,48.3,6.6,87.2,242.9,5.7,29.9,0.42,0.29,0.85,synthetic_demo_feed
tel_mbnr_jadcherla,2023-10-22,0.0,34.2,23.7,54.9,3.7,117.7,254.8,3.2,31.3,0.42,0.29,0.85,synthetic_demo_feed
tel_mbnr_jadcherla,2023-10-23,0.0,35.0,22.3,50.3,3.9,83.5,244.3,3.4,31.2,0.42,0.29,0.85,synthetic_demo_feed
tel_mbnr_jadcherla,2023-10-24,0.0,33.8,23.8,43.3,3.9,101.4,250.7,3.4,26.4,0.42,0.29,0.85,synthetic_demo_feed
tel_mbnr_jadcherla,2023-10-25,0.0,33.0,22.2,50.3,6.7,125.2,238.5,5.8,34.3,0.42,0.29,0.85,synthetic_demo_feed
tel_mbnr_jadcherla,2023-10-26,0.0,34.6,23.4,53.7,6.3,85.8,250.5,5.5,26.8,0.42,0.29,0.85,synthetic_demo_feed
tel_mbnr_jadcherla,2023-10-27,0.0,34.0,22.7,50.4,3.4,134.6,248.8,3.0,28.0,0.42,0.29,0.85,synthetic_demo_feed
tel_mbnr_jadcherla,2023-10-28,0.8,34.9,23.1,57.9,4.1,111.9,227.7,3.6,31.8,0.42,0.29,0.85,synthetic_demo_feed
tel_mbnr_jadcherla,2023-10-29,0.0,35.0,23.8,49.2,3.8,108.8,246.5,3.3,23.2,0.42,0.29,0.85,synthetic_demo_feed
tel_mbnr_jadcherla,2023-10-30,0.0,34.8,22.7,57.8,6.3,122.6,232.7,5.5,31.6,0.42,0.29,0.85,synthetic_demo_feed
tel_mbnr_jadcherla,2023-10-31,4.1,32.3,22.3,42.8,6.4,84.7,227.8,5.6,25.6,0.42,0.29,0.85,synthetic_demo_feed
tel_mbnr_jadcherla,2024-05-01,0.0,32.6,22.2,55.5,3.7,127.6,247.4,3.2,34.1,0.42,0.29,0.85,synthetic_demo_feed
tel_mbnr_jadcherla,2024-05-02,0.0,34.5,23.5,45.1,3.9,126.9,222.1,3.4,23.1,0.42,0.29,0.85,synthetic_demo_feed
tel_mbnr_jadcherla,2024-05-03,0.0,32.8,23.7,43.7,6.6,136.5,227.2,5.7,27.6,0.42,0.29,0.85,synthetic_demo_feed
tel_mbnr_jadcherla,2024-05-04,0.0,33.2,23.1,50.0,4.0,85.9,232.2,3.5,33.7,0.42,0.29,0.85,synthetic_demo_feed
tel_mbnr_jadcherla,2024-05-05,0.0,35.2,23.1,43.8,4.3,138.4,220.5,3.7,26.5,0.42,0.29,0.85,synthetic_demo_feed
tel_mbnr_jadcherla,2024-05-06,1.1,33.7,23.9,47.3,5.9,90.9,237.6,5.1,31.4,0.42,0.29,0.85,synthetic_demo_feed
tel_mbnr_jadcherla,2024-05-07,0.0,35.5,22.2,44.6,4.1,86.6,233.3,3.6,23.8,0.42,0.29,0.85,synthetic_demo_feed
tel_mbnr_jadcherla,2024-05-08,3.8,32.3,22.6,40.8,5.4,116.0,244.7,4.7,27.2,0.42,0.29,0.85,synthetic_demo_feed
tel_mbnr_jadcherla,2024-05-09,0.0,35.1,22.4,51.1,4.9,84.2,254.2,4.3,26.6,0.42,0.29,0.85,synthetic_demo_feed
tel_mbnr_jadcherla,2024-05-10,0.0,34.0,22.2,43.6,5.8,106.3,236.6,5.0,38.0,0.42,0.29,0.85,synthetic_demo_feed
tel_mbnr_jadcherla,2024-05-11,0.0,32.8,23.9,48.0,3.9,138.7,223.0,3.4,31.4,0.42,0.29,0.85,synthetic_demo_feed
tel_mbnr_jadcherla,2024-05-12,4.9,34.3,23.5,59.8,5.5,96.7,231.9,4.8,24.0,0.42,0.29,0.85,synthetic_demo_feed
tel_mbnr_jadcherla,2024-05-13,0.0,33.7,23.0,55.8,4.4,116.2,240.4,3.8,32.3,0.42,0.29,0.85,synthetic_demo_feed
tel_mbnr_jadcherla,2024-05-14,0.0,33.3,23.0,55.4,4.4,117.7,237.0,3.8,23.7,0.42,0.29,0.85,synthetic_demo_feed
tel_mbnr_jadcherla,2024-05-15,0.5,33.6,23.4,53.6,3.7,89.2,221.8,3.2,37.6,0.42,0.29,0.85,synthetic_demo_feed
tel_mbnr_jadcherla,2024-05-16,0.0,34.9,22.4,55.0,3.7,119.7,223.4,3.2,34.3,0.42,0.29,0.85,synthetic_demo_feed
tel_mbnr_jadcherla,2024-05-17,0.0,35.4,22.1,57.2,4.6,105.8,229.2,4.0,30.7,0.42,0.29,0.85,synthetic_demo_feed
tel_mbnr_jadcherla,2024-05-18,0.0,32.6,23.1,47.5,4.5,131.6,233.4,3.9,29.4,0.42,0.29,0.85,synthetic_demo_feed
tel_mbnr_jadcherla,2024-05-19,0.0,34.0,22.2,42.7,5.2,120.5,244.7,4.5,33.5,0.42,0.29,0.85,synthetic_demo_feed
tel_mbnr_jadcherla,2024-05-20,0.0,34.0,22.8,49.5,5.4,109.7,244.0,4.7,35.7,0.42,0.29,0.85,synthetic_demo_feed
tel_mbnr_jadcherla,2024-05-21,0.0,32.6,22.1,59.6,4.7,130.2,241.6,4.1,27.1,0.42,0.29,0.85,synthetic_demo_feed
tel_mbnr_jadcherla,2024-05-22,0.0,32.8,22.7,57.8,3.6,101.4,246.0,3.1,27.5,0.42,0.29,0.85,synthetic_demo_feed
tel_mbnr_jadcherla,2024-05-23,0.0,35.2,22.1,53.0,4.3,98.3,243.1,3.7,31.5,0.42,0.29,0.85,synthetic_demo_feed
tel_mbnr_jadcherla,2024-05-24,0.0,34.2,23.8,49.2,4.6,96.0,220.7,4.0,35.8,0.42,0.29,0.85,synthetic_demo_feed
tel_mbnr_jadcherla,2024-05-25,0.0,34.2,23.6,47.6,6.9,86.0,240.6,6.0,28.2,0.42,0.29,0.85,synthetic_demo_feed
tel_mbnr_jadcherla,2024-05-26,0.0,34.3,22.7,55.3,5.2,106.2,231.8,4.5,27.4,0.42,0.29,0.85,synthetic_demo_feed
tel_mbnr_jadcherla,2024-05-27,0.0,33.4,22.1,56.8,6.2,139.8,249.7,5.4,30.6,0.42,0.29,0.85,synthetic_demo_feed
tel_mbnr_jadcherla,2024-05-28,0.0,32.8,22.7,41.8,6.0,84.0,227.9,5.2,35.5,0.42,0.29,0.85,synthetic_demo_feed
tel_mbnr_jadcherla,2024-05-29,0.0,33.4,23.6,55.9,4.1,106.0,236.6,3.6,32.4,0.42,0.29,0.85,synthetic_demo_feed
tel_mbnr_jadcherla,2024-05-30,0.0,34.8,22.4,52.5,4.8,81.1,227.0,4.2,29.3,0.42,0.29,0.85,synthetic_demo_feed
tel_mbnr_jadcherla,2024-05-31,0.0,34.7,22.9,44.3,5.4,136.2,250.2,4.7,37.4,0.42,0.29,0.85,synthetic_demo_feed
tel_mbnr_jadcherla,2024-06-01,0.0,34.4,23.0,75.0,11.5,224.6,204.6,10.0,62.0,0.42,0.29,0.85,synthetic_demo_feed
tel_mbnr_jadcherla,2024-06-02,5.9,34.1,22.1,75.0,9.1,218.1,207.4,7.9,54.6,0.42,0.29,0.85,synthetic_demo_feed
tel_mbnr_jadcherla,2024-06-03,21.0,29.7,22.4,78.8,8.9,219.8,205.8,7.7,57.2,0.42,0.29,0.85,synthetic_demo_feed
tel_mbnr_jadcherla,2024-06-04,0.0,32.6,22.3,75.0,10.3,215.5,198.6,9.0,64.4,0.42,0.29,0.85,synthetic_demo_feed
tel_mbnr_jadcherla,2024-06-05,20.6,30.9,22.0,84.6,8.4,244.4,206.3,7.3,73.9,0.42,0.29,0.85,synthetic_demo_feed
tel_mbnr_jadcherla,2024-06-06,16.0,32.1,22.2,74.4,12.2,247.7,214.7,10.6,55.9,0.42,0.29,0.85,synthetic_demo_feed
tel_mbnr_jadcherla,2024-06-07,0.0,34.1,23.7,81.9,8.0,248.0,185.6,7.0,73.0,0.42,0.29,0.85,synthetic_demo_feed
tel_mbnr_jadcherla,2024-06-08,36.2,27.4,23.6,83.6,15.4,223.2,168.8,13.4,56.0,0.42,0.29,0.85,synthetic_demo_feed
tel_mbnr_jadcherla,2024-06-09,27.2,29.7,22.3,83.5,14.5,217.0,173.6,12.6,62.0,0.42,0.29,0.85,synthetic_demo_feed
tel_mbnr_jadcherla,2024-06-10,37.2,28.4,22.7,88.8,11.4,247.9,175.4,9.9,68.0,0.42,0.29,0.85,synthetic_demo_feed
tel_mbnr_jadcherla,2024-06-11,20.2,32.1,23.9,94.4,14.1,224.5,174.8,12.3,74.0,0.42,0.29,0.85,synthetic_demo_feed
tel_mbnr_jadcherla,2024-06-12,30.6,29.7,23.7,94.5,9.9,236.5,188.7,8.6,80.0,0.42,0.29,0.85,synthetic_demo_feed
tel_mbnr_jadcherla,2024-06-13,0.0,33.4,23.9,70.5,11.5,224.5,207.6,10.0,61.6,0.42,0.29,0.85,synthetic_demo_feed
tel_mbnr_jadcherla,2024-06-14,0.0,35.2,22.8,84.7,12.0,249.1,184.9,10.4,56.7,0.42,0.29,0.85,synthetic_demo_feed
tel_mbnr_jadcherla,2024-06-15,4.5,34.6,23.3,69.8,8.7,245.2,212.9,7.6,71.7,0.42,0.29,0.85,synthetic_demo_feed
tel_mbnr_jadcherla,2024-06-16,0.0,35.3,22.9,84.9,7.7,226.5,196.3,6.7,69.7,0.42,0.29,0.85,synthetic_demo_feed
tel_mbnr_jadcherla,2024-06-17,0.0,34.6,23.0,83.9,12.0,224.1,208.7,10.4,69.7,0.42,0.29,0.85,synthetic_demo_feed
tel_mbnr_jadcherla,2024-06-18,0.0,32.7,23.3,75.4,11.3,235.2,212.5,9.8,45.8,0.42,0.29,0.85,synthetic_demo_feed
tel_mbnr_jadcherla,2024-06-19,0.0,32.7,22.3,79.5,9.5,230.7,185.4,8.3,54.4,0.42,0.29,0.85,synthetic_demo_feed
tel_mbnr_jadcherla,2024-06-20,0.0,34.9,22.6,84.5,11.4,229.1,213.2,9.9,65.6,0.42,0.29,0.85,synthetic_demo_feed
tel_mbnr_jadcherla,2024-06-21,0.0,33.1,22.8,84.0,11.0,217.3,190.4,9.6,69.0,0.42,0.29,0.85,synthetic_demo_feed
tel_mbnr_jadcherla,2024-06-22,0.0,35.3,23.3,70.2,12.1,235.1,217.8,10.5,73.4,0.42,0.29,0.85,synthetic_demo_feed
tel_mbnr_jadcherla,2024-06-23,0.0,33.7,22.9,81.1,8.5,220.4,219.0,7.4,50.1,0.42,0.29,0.85,synthetic_demo_feed
tel_mbnr_jadcherla,2024-06-24,10.8,33.6,22.9,81.5,8.0,236.9,217.9,7.0,58.1,0.42,0.29,0.85,synthetic_demo_feed
tel_mbnr_jadcherla,2024-06-25,18.6,31.2,22.3,83.0,12.0,244.3,187.6,10.4,53.6,0.42,0.29,0.85,synthetic_demo_feed
tel_mbnr_jadcherla,2024-06-26,0.0,33.7,22.3,80.6,9.0,221.6,219.8,7.8,57.5,0.42,0.29,0.85,synthetic_demo_feed
tel_mbnr_jadcherla,2024-06-27,16.4,30.1,22.3,80.7,9.4,222.9,216.3,8.2,58.7,0.42,0.29,0.85,synthetic_demo_feed
tel_mbnr_jadcherla,2024-06-28,0.0,33.3,22.2,81.3,11.2,212.4,207.5,9.7,67.1,0.42,0.29,0.85,synthetic_demo_feed
tel_mbnr_jadcherla,2024-06-29,7.8,33.1,23.5,86.6,12.6,211.8,216.3,11.0,74.0,0.42,0.29,0.85,synthetic_demo_feed
tel_mbnr_jadcherla,2024-06-30,16.4,31.7,23.2,73.5,9.5,220.4,192.1,8.3,74.0,0.42,0.29,0.85,synthetic_demo_feed
tel_mbnr_jadcherla,2024-07-01,0.0,34.1,22.3,68.0,12.1,214.7,217.2,10.5,54.5,0.42,0.29,0.85,synthetic_demo_feed
tel_mbnr_jadcherla,2024-07-02,5.4,32.5,23.8,82.2,11.8,234.5,214.9,10.3,72.8,0.42,0.29,0.85,synthetic_demo_feed
tel_mbnr_jadcherla,2024-07-03,0.0,35.5,23.5,85.5,9.1,216.1,190.6,7.9,54.5,0.42,0.29,0.85,synthetic_demo_feed
tel_mbnr_jadcherla,2024-07-04,0.0,33.2,22.1,66.2,11.6,220.4,206.3,10.1,49.5,0.42,0.29,0.85,synthetic_demo_feed
tel_mbnr_jadcherla,2024-07-05,0.0,33.6,23.4,86.3,12.6,229.4,197.5,11.0,46.2,0.42,0.29,0.85,synthetic_demo_feed
tel_mbnr_jadcherla,2024-07-06,0.0,35.1,22.4,67.8,12.0,216.7,213.8,10.4,47.8,0.42,0.29,0.85,synthetic_demo_feed
tel_mbnr_jadcherla,2024-07-07,0.0,35.4,23.1,78.5,12.1,232.8,190.9,10.5,62.5,0.42,0.29,0.85,synthetic_demo_feed
tel_mbnr_jadcherla,2024-07-08,4.2,33.9,23.4,85.4,10.9,225.8,210.7,9.5,45.8,0.42,0.29,0.85,synthetic_demo_feed
tel_mbnr_jadcherla,2024-07-09,0.0,35.0,23.3,68.5,11.8,228.2,218.0,10.3,47.4,0.42,0.29,0.85,synthetic_demo_feed
tel_mbnr_jadcherla,2024-07-10,0.0,35.4,22.6,87.3,7.5,239.3,203.8,6.5,64.7,0.42,0.29,0.85,synthetic_demo_feed
tel_mbnr_jadcherla,2024-07-11,0.0,34.4,22.6,69.9,10.5,212.2,218.3,9.1,46.5,0.42,0.29,0.85,synthetic_demo_feed
tel_mbnr_jadcherla,2024-07-12,23.9,31.5,22.2,69.1,9.5,244.1,195.3,8.3,74.0,0.42,0.29,0.85,synthetic_demo_feed
tel_mbnr_jadcherla,2024-07-13,20.0,31.0,22.9,80.0,11.4,242.3,191.4,9.9,48.6,0.42,0.29,0.85,synthetic_demo_feed
tel_mbnr_jadcherla,2024-07-14,17.9,31.3,23.8,84.1,10.9,229.1,185.3,9.5,60.4,0.42,0.29,0.85,synthetic_demo_feed
tel_mbnr_jadcherla,2024-07-15,0.0,33.8,22.9,83.7,11.4,211.6,196.9,9.9,63.4,0.42,0.29,0.85,synthetic_demo_feed
tel_mbnr_jadcherla,2024-07-16,12.9,32.5,23.0,68.6,11.0,221.6,189.0,9.6,59.9,0.42,0.29,0.85,synthetic_demo_feed
tel_mbnr_jadcherla,2024-07-17,22.9,31.6,23.0,67.9,8.3,221.8,199.1,7.2,72.1,0.42,0.29,0.85,synthetic_demo_feed
tel_mbnr_jadcherla,2024-07-18,4.2,33.9,23.1,74.8,8.0,220.1,181.8,7.0,47.8,0.42,0.29,0.85,synthetic_demo_feed
tel_mbnr_jadcherla,2024-07-19,4.3,32.4,22.8,80.2,8.0,213.3,200.1,7.0,50.4,0.42,0.29,0.85,synthetic_demo_feed
tel_mbnr_jadcherla,2024-07-20,0.7,34.4,23.2,49.3,4.6,95.9,242.4,4.0,55.5,0.42,0.29,0.85,synthetic_demo_feed
tel_mbnr_jadcherla,2024-07-21,0.8,34.6,23.2,45.0,3.4,132.3,256.8,3.0,51.0,0.42,0.29,0.85,synthetic_demo_feed
tel_mbnr_jadcherla,2024-07-22,0.1,33.0,23.0,43.9,2.9,121.5,248.4,2.5,46.5,0.42,0.29,0.85,synthetic_demo_feed
tel_mbnr_jadcherla,2024-07-23,0.7,34.3,23.9,49.8,4.6,101.6,259.1,4.0,42.0,0.42,0.29,0.85,synthetic_demo_feed
tel_mbnr_jadcherla,2024-07-24,0.5,32.8,22.0,46.8,4.0,86.7,252.3,3.5,37.5,0.42,0.29,0.85,synthetic_demo_feed
tel_mbnr_jadcherla,2024-07-25,0.0,34.4,23.3,45.3,5.3,106.1,259.3,4.6,33.0,0.42,0.29,0.85,synthetic_demo_feed
tel_mbnr_jadcherla,2024-07-26,0.5,33.8,22.9,46.8,3.4,81.3,254.8,3.0,28.5,0.42,0.29,0.85,synthetic_demo_feed
tel_mbnr_jadcherla,2024-07-27,0.1,33.9,23.7,57.4,4.9,115.1,238.8,4.3,24.0,0.42,0.29,0.85,synthetic_demo_feed
tel_mbnr_jadcherla,2024-07-28,0.2,32.5,23.3,42.8,5.3,122.8,249.2,4.6,20.0,0.42,0.29,0.85,synthetic_demo_feed
tel_mbnr_jadcherla,2024-07-29,0.0,33.4,23.0,78.7,11.3,229.4,213.9,9.8,61.6,0.42,0.29,0.85,synthetic_demo_feed
tel_mbnr_jadcherla,2024-07-30,0.0,34.6,23.1,83.8,11.0,226.9,204.5,9.6,59.6,0.42,0.29,0.85,synthetic_demo_feed
tel_mbnr_jadcherla,2024-07-31,3.9,34.7,22.7,75.9,9.7,237.9,215.7,8.4,59.8,0.42,0.29,0.85,synthetic_demo_feed
tel_mbnr_jadcherla,2024-08-01,9.0,33.9,22.7,70.3,9.2,234.1,187.7,8.0,51.6,0.42,0.29,0.85,synthetic_demo_feed
tel_mbnr_jadcherla,2024-08-02,0.0,35.4,23.7,71.7,8.2,236.9,206.3,7.1,66.3,0.42,0.29,0.85,synthetic_demo_feed
tel_mbnr_jadcherla,2024-08-03,0.0,33.3,23.5,84.4,11.6,236.7,211.8,10.1,63.7,0.42,0.29,0.85,synthetic_demo_feed
tel_mbnr_jadcherla,2024-08-04,7.0,32.4,22.4,74.6,8.0,211.9,204.2,7.0,74.8,0.42,0.29,0.85,synthetic_demo_feed
tel_mbnr_jadcherla,2024-08-05,22.3,29.3,22.1,84.0,8.3,227.2,194.3,7.2,71.8,0.42,0.29,0.85,synthetic_demo_feed
tel_mbnr_jadcherla,2024-08-06,0.0,33.6,22.1,70.9,8.6,245.1,184.8,7.5,55.2,0.42,0.29,0.85,synthetic_demo_feed
tel_mbnr_jadcherla,2024-08-07,5.9,34.4,22.9,80.4,10.1,228.3,207.6,8.8,66.2,0.42,0.29,0.85,synthetic_demo_feed
tel_mbnr_jadcherla,2024-08-08,0.0,35.3,23.6,79.0,8.0,211.7,184.4,7.0,68.5,0.42,0.29,0.85,synthetic_demo_feed
tel_mbnr_jadcherla,2024-08-09,16.7,31.3,23.0,68.6,12.2,239.3,214.8,10.6,53.8,0.42,0.29,0.85,synthetic_demo_feed
tel_mbnr_jadcherla,2024-08-10,17.1,31.2,23.5,84.5,8.2,219.8,193.4,7.1,58.2,0.42,0.29,0.85,synthetic_demo_feed
tel_mbnr_jadcherla,2024-08-11,0.0,34.8,22.7,67.0,10.1,236.6,193.7,8.8,56.2,0.42,0.29,0.85,synthetic_demo_feed
tel_mbnr_jadcherla,2024-08-12,19.5,30.8,22.9,83.4,8.6,244.1,196.9,7.5,57.4,0.42,0.29,0.85,synthetic_demo_feed
tel_mbnr_jadcherla,2024-08-13,0.0,34.9,23.9,68.3,7.6,213.4,194.5,6.6,45.3,0.42,0.29,0.85,synthetic_demo_feed
tel_mbnr_jadcherla,2024-08-14,24.6,30.7,23.8,82.5,7.8,212.3,186.6,6.8,64.8,0.42,0.29,0.85,synthetic_demo_feed
tel_mbnr_jadcherla,2024-08-15,0.0,33.7,23.4,77.0,10.9,232.1,208.5,9.5,53.9,0.42,0.29,0.85,synthetic_demo_feed
tel_mbnr_jadcherla,2024-08-16,19.2,32.4,23.4,71.4,7.5,227.8,216.4,6.5,60.8,0.42,0.29,0.85,synthetic_demo_feed
tel_mbnr_jadcherla,2024-08-17,14.7,32.6,22.8,81.0,10.8,217.9,211.5,9.4,71.6,0.42,0.29,0.85,synthetic_demo_feed
tel_mbnr_jadcherla,2024-08-18,3.3,35.0,22.6,82.0,11.3,213.7,193.4,9.8,48.8,0.42,0.29,0.85,synthetic_demo_feed
tel_mbnr_jadcherla,2024-08-19,0.0,34.9,23.2,68.7,11.4,219.7,200.9,9.9,45.8,0.42,0.29,0.85,synthetic_demo_feed
tel_mbnr_jadcherla,2024-08-20,0.0,33.6,23.3,67.5,12.5,224.2,209.1,10.9,46.8,0.42,0.29,0.85,synthetic_demo_feed
tel_mbnr_jadcherla,2024-08-21,17.1,32.9,23.6,81.9,9.0,249.6,185.0,7.8,58.6,0.42,0.29,0.85,synthetic_demo_feed
tel_mbnr_jadcherla,2024-08-22,0.0,33.6,22.6,77.3,10.7,241.4,215.8,9.3,62.9,0.42,0.29,0.85,synthetic_demo_feed
tel_mbnr_jadcherla,2024-08-23,0.0,33.5,23.2,77.0,11.2,242.9,206.9,9.7,52.4,0.42,0.29,0.85,synthetic_demo_feed
tel_mbnr_jadcherla,2024-08-24,4.7,34.5,23.0,66.9,11.7,227.8,208.5,10.2,46.9,0.42,0.29,0.85,synthetic_demo_feed
tel_mbnr_jadcherla,2024-08-25,14.3,31.9,22.8,74.1,10.1,227.6,203.5,8.8,52.9,0.42,0.29,0.85,synthetic_demo_feed
tel_mbnr_jadcherla,2024-08-26,0.0,32.9,23.4,83.9,12.5,215.2,199.6,10.9,49.3,0.42,0.29,0.85,synthetic_demo_feed
tel_mbnr_jadcherla,2024-08-27,0.0,34.7,23.9,69.9,8.0,224.8,214.5,7.0,59.2,0.42,0.29,0.85,synthetic_demo_feed
tel_mbnr_jadcherla,2024-08-28,0.0,32.6,22.3,67.8,9.5,224.9,204.1,8.3,62.2,0.42,0.29,0.85,synthetic_demo_feed
tel_mbnr_jadcherla,2024-08-29,0.0,34.3,22.1,83.2,10.0,245.8,192.1,8.7,49.3,0.42,0.29,0.85,synthetic_demo_feed
tel_mbnr_jadcherla,2024-08-30,0.0,33.5,23.7,76.2,11.7,226.7,188.6,10.2,48.7,0.42,0.29,0.85,synthetic_demo_feed
tel_mbnr_jadcherla,2024-08-31,0.0,34.7,23.2,83.0,12.2,240.5,202.6,10.6,59.3,0.42,0.29,0.85,synthetic_demo_feed
tel_mbnr_jadcherla,2024-09-01,0.0,33.5,23.6,75.3,9.8,236.6,198.4,8.5,71.0,0.42,0.29,0.85,synthetic_demo_feed
tel_mbnr_jadcherla,2024-09-02,7.7,33.6,23.3,87.0,10.2,244.6,195.8,8.9,71.7,0.42,0.29,0.85,synthetic_demo_feed
tel_mbnr_jadcherla,2024-09-03,0.0,32.9,23.1,81.3,11.6,217.7,202.9,10.1,61.8,0.42,0.29,0.85,synthetic_demo_feed
tel_mbnr_jadcherla,2024-09-04,0.0,33.9,23.8,78.1,7.7,214.8,203.1,6.7,50.7,0.42,0.29,0.85,synthetic_demo_feed
tel_mbnr_jadcherla,2024-09-05,0.0,34.6,23.8,83.1,7.6,227.8,187.2,6.6,52.4,0.42,0.29,0.85,synthetic_demo_feed
tel_mbnr_jadcherla,2024-09-06,0.0,32.6,22.9,66.0,9.5,226.6,204.3,8.3,70.9,0.42,0.29,0.85,synthetic_demo_feed
tel_mbnr_jadcherla,2024-09-07,0.0,33.0,22.3,67.6,8.9,220.2,192.7,7.7,48.0,0.42,0.29,0.85,synthetic_demo_feed
tel_mbnr_jadcherla,2024-09-08,9.4,31.2,22.1,79.1,8.4,225.6,196.3,7.3,54.8,0.42,0.29,0.85,synthetic_demo_feed
tel_mbnr_jadcherla,2024-09-09,11.8,31.3,23.5,84.0,9.4,233.4,193.0,8.2,48.6,0.42,0.29,0.85,synthetic_demo_feed
tel_mbnr_jadcherla,2024-09-10,0.0,33.9,22.8,67.6,9.4,229.4,210.1,8.2,46.8,0.42,0.29,0.85,synthetic_demo_feed
tel_mbnr_jadcherla,2024-09-11,7.8,32.1,23.1,87.2,8.9,241.4,215.4,7.7,65.3,0.42,0.29,0.85,synthetic_demo_feed
tel_mbnr_jadcherla,2024-09-12,11.7,31.9,24.0,69.7,10.8,241.3,183.4,9.4,74.0,0.42,0.29,0.85,synthetic_demo_feed
tel_mbnr_jadcherla,2024-09-13,0.0,33.9,23.7,75.4,12.2,221.6,197.0,10.6,45.0,0.42,0.29,0.85,synthetic_demo_feed
tel_mbnr_jadcherla,2024-09-14,0.0,35.0,22.8,76.1,12.3,224.1,180.0,10.7,62.9,0.42,0.29,0.85,synthetic_demo_feed
tel_mbnr_jadcherla,2024-09-15,0.0,34.2,22.6,66.0,10.1,225.8,203.4,8.8,67.2,0.42,0.29,0.85,synthetic_demo_feed
tel_mbnr_jadcherla,2024-09-16,5.6,34.5,22.6,74.9,9.0,237.3,202.3,7.8,63.3,0.42,0.29,0.85,synthetic_demo_feed
tel_mbnr_jadcherla,2024-09-17,8.4,32.3,22.9,70.7,9.8,234.0,210.1,8.5,74.5,0.42,0.29,0.85,synthetic_demo_feed
tel_mbnr_jadcherla,2024-09-18,18.1,31.8,22.8,76.0,7.5,245.8,205.9,6.5,72.0,0.42,0.29,0.85,synthetic_demo_feed
tel_mbnr_jadcherla,2024-09-19,0.0,32.7,22.1,83.1,10.2,243.3,210.5,8.9,64.5,0.42,0.29,0.85,synthetic_demo_feed
tel_mbnr_jadcherla,2024-09-20,0.0,33.6,22.4,83.7,9.3,240.7,206.9,8.1,69.8,0.42,0.29,0.85,synthetic_demo_feed
tel_mbnr_jadcherla,2024-09-21,0.0,33.2,22.0,86.5,9.9,221.2,180.3,8.6,58.3,0.42,0.29,0.85,synthetic_demo_feed
tel_mbnr_jadcherla,2024-09-22,0.0,34.7,22.5,79.1,7.9,229.8,194.3,6.9,54.1,0.42,0.29,0.85,synthetic_demo_feed
tel_mbnr_jadcherla,2024-09-23,8.8,33.6,22.8,69.8,11.2,244.8,216.2,9.7,50.9,0.42,0.29,0.85,synthetic_demo_feed
tel_mbnr_jadcherla,2024-09-24,0.0,34.5,23.1,80.2,10.3,212.6,199.8,9.0,62.0,0.42,0.29,0.85,synthetic_demo_feed
tel_mbnr_jadcherla,2024-09-25,4.0,34.2,22.4,70.2,10.5,237.1,190.4,9.1,60.7,0.42,0.29,0.85,synthetic_demo_feed
tel_mbnr_jadcherla,2024-09-26,0.0,33.9,23.9,70.8,10.2,235.6,207.7,8.9,61.8,0.42,0.29,0.85,synthetic_demo_feed
tel_mbnr_jadcherla,2024-09-27,0.0,33.3,23.4,74.9,12.3,228.7,182.1,10.7,74.9,0.42,0.29,0.85,synthetic_demo_feed
tel_mbnr_jadcherla,2024-09-28,19.6,30.9,22.0,71.4,8.6,217.8,215.4,7.5,57.6,0.42,0.29,0.85,synthetic_demo_feed
tel_mbnr_jadcherla,2024-09-29,15.4,30.4,22.5,87.5,11.3,216.6,181.0,9.8,57.7,0.42,0.29,0.85,synthetic_demo_feed
tel_mbnr_jadcherla,2024-09-30,16.6,31.9,22.7,83.6,10.0,220.0,183.9,8.7,62.8,0.42,0.29,0.85,synthetic_demo_feed
tel_mbnr_jadcherla,2024-10-01,1.2,35.2,23.6,46.7,3.7,117.2,231.9,3.2,34.7,0.42,0.29,0.85,synthetic_demo_feed
tel_mbnr_jadcherla,2024-10-02,0.0,32.6,22.6,41.7,5.4,130.9,241.9,4.7,23.0,0.42,0.29,0.85,synthetic_demo_feed
tel_mbnr_jadcherla,2024-10-03,0.6,32.6,23.4,46.0,4.9,113.6,252.2,4.3,32.0,0.42,0.29,0.85,synthetic_demo_feed
tel_mbnr_jadcherla,2024-10-04,0.0,34.3,23.3,55.0,3.8,80.6,233.4,3.3,25.7,0.42,0.29,0.85,synthetic_demo_feed
tel_mbnr_jadcherla,2024-10-05,0.0,35.3,23.6,52.4,6.4,107.2,247.8,5.6,27.4,0.42,0.29,0.85,synthetic_demo_feed
tel_mbnr_jadcherla,2024-10-06,0.0,34.9,22.4,51.9,3.8,114.4,226.7,3.3,23.1,0.42,0.29,0.85,synthetic_demo_feed
tel_mbnr_jadcherla,2024-10-07,0.0,33.2,23.6,54.5,4.9,83.6,229.0,4.3,29.1,0.42,0.29,0.85,synthetic_demo_feed
tel_mbnr_jadcherla,2024-10-08,0.0,35.2,23.6,55.1,6.8,88.8,235.3,5.9,27.0,0.42,0.29,0.85,synthetic_demo_feed
tel_mbnr_jadcherla,2024-10-09,0.0,34.5,22.1,40.2,4.7,110.4,232.0,4.1,31.4,0.42,0.29,0.85,synthetic_demo_feed
tel_mbnr_jadcherla,2024-10-10,0.0,35.2,23.6,43.9,4.9,100.5,250.1,4.3,25.2,0.42,0.29,0.85,synthetic_demo_feed
tel_mbnr_jadcherla,2024-10-11,0.0,34.2,23.9,52.0,6.8,117.0,244.3,5.9,27.3,0.42,0.29,0.85,synthetic_demo_feed
tel_mbnr_jadcherla,2024-10-12,0.0,33.2,22.0,55.8,5.1,93.4,225.7,4.4,22.7,0.42,0.29,0.85,synthetic_demo_feed
tel_mbnr_jadcherla,2024-10-13,0.0,33.5,23.5,54.7,4.3,92.3,241.8,3.7,37.2,0.42,0.29,0.85,synthetic_demo_feed
tel_mbnr_jadcherla,2024-10-14,0.0,32.8,22.6,41.5,4.7,91.7,254.6,4.1,22.5,0.42,0.29,0.85,synthetic_demo_feed
tel_mbnr_jadcherla,2024-10-15,0.0,33.0,23.8,40.6,3.6,123.1,246.8,3.1,25.2,0.42,0.29,0.85,synthetic_demo_feed
tel_mbnr_jadcherla,2024-10-16,0.0,35.2,22.0,40.4,4.0,120.6,239.4,3.5,35.5,0.42,0.29,0.85,synthetic_demo_feed
tel_mbnr_jadcherla,2024-10-17,0.0,33.2,23.6,58.7,3.8,119.7,247.6,3.3,26.9,0.42,0.29,0.85,synthetic_demo_feed
tel_mbnr_jadcherla,2024-10-18,0.0,32.7,22.3,57.6,6.9,135.4,254.2,6.0,36.1,0.42,0.29,0.85,synthetic_demo_feed
tel_mbnr_jadcherla,2024-10-19,0.0,35.4,22.5,47.5,4.7,82.8,226.7,4.1,31.6,0.42,0.29,0.85,synthetic_demo_feed
tel_mbnr_jadcherla,2024-10-20,0.0,32.7,23.6,55.8,5.3,132.4,226.6,4.6,27.2,0.42,0.29,0.85,synthetic_demo_feed
tel_mbnr_jadcherla,2024-10-21,0.0,33.9,23.3,44.2,6.6,83.9,253.9,5.7,23.3,0.42,0.29,0.85,synthetic_demo_feed
tel_mbnr_jadcherla,2024-10-22,0.0,33.9,22.6,50.2,5.6,102.4,246.3,4.9,30.0,0.42,0.29,0.85,synthetic_demo_feed
tel_mbnr_jadcherla,2024-10-23,0.0,35.3,23.2,45.4,5.2,82.2,245.0,4.5,28.4,0.42,0.29,0.85,synthetic_demo_feed
tel_mbnr_jadcherla,2024-10-24,0.0,35.2,23.1,47.9,6.4,136.1,227.1,5.6,26.9,0.42,0.29,0.85,synthetic_demo_feed
tel_mbnr_jadcherla,2024-10-25,0.0,33.6,23.2,41.7,3.9,107.9,239.3,3.4,29.1,0.42,0.29,0.85,synthetic_demo_feed
tel_mbnr_jadcherla,2024-10-26,0.0,33.5,22.8,48.2,5.1,90.8,234.9,4.4,34.9,0.42,0.29,0.85,synthetic_demo_feed
tel_mbnr_jadcherla,2024-10-27,0.0,34.0,23.3,41.6,4.7,127.2,242.6,4.1,35.5,0.42,0.29,0.85,synthetic_demo_feed
tel_mbnr_jadcherla,2024-10-28,0.0,33.1,22.7,40.8,3.7,98.2,223.4,3.2,25.2,0.42,0.29,0.85,synthetic_demo_feed
tel_mbnr_jadcherla,2024-10-29,0.0,35.5,23.5,54.1,4.4,124.4,243.9,3.8,38.0,0.42,0.29,0.85,synthetic_demo_feed
tel_mbnr_jadcherla,2024-10-30,0.0,33.7,22.8,56.4,4.5,114.8,220.3,3.9,34.5,0.42,0.29,0.85,synthetic_demo_feed
tel_mbnr_jadcherla,2024-10-31,0.0,33.7,22.5,55.2,5.2,124.9,236.5,4.5,24.4,0.42,0.29,0.85,synthetic_demo_feed
tel_mbnr_jadcherla,2025-05-01,0.0,33.9,23.6,55.2,6.2,98.8,238.1,5.4,33.6,0.42,0.29,0.85,synthetic_demo_feed
tel_mbnr_jadcherla,2025-05-02,0.0,34.2,22.7,44.2,5.9,114.7,247.0,5.1,29.2,0.42,0.29,0.85,synthetic_demo_feed
tel_mbnr_jadcherla,2025-05-03,4.7,33.1,23.4,56.7,6.2,104.2,220.3,5.4,27.4,0.42,0.29,0.85,synthetic_demo_feed
tel_mbnr_jadcherla,2025-05-04,0.0,35.3,22.3,40.5,4.6,137.2,238.8,4.0,34.6,0.42,0.29,0.85,synthetic_demo_feed
tel_mbnr_jadcherla,2025-05-05,0.0,35.4,22.4,52.2,5.5,103.4,242.0,4.8,35.9,0.42,0.29,0.85,synthetic_demo_feed
tel_mbnr_jadcherla,2025-05-06,0.0,35.2,22.2,51.4,3.8,86.3,226.6,3.3,29.2,0.42,0.29,0.85,synthetic_demo_feed
tel_mbnr_jadcherla,2025-05-07,0.0,32.7,23.9,49.8,5.9,97.0,221.1,5.1,25.0,0.42,0.29,0.85,synthetic_demo_feed
tel_mbnr_jadcherla,2025-05-08,0.0,33.0,23.7,41.1,3.7,104.7,243.1,3.2,30.3,0.42,0.29,0.85,synthetic_demo_feed
tel_mbnr_jadcherla,2025-05-09,0.0,35.4,23.7,49.6,5.3,87.8,223.9,4.6,23.1,0.42,0.29,0.85,synthetic_demo_feed
tel_mbnr_jadcherla,2025-05-10,0.0,35.3,23.2,49.5,5.9,110.1,235.1,5.1,31.7,0.42,0.29,0.85,synthetic_demo_feed
tel_mbnr_jadcherla,2025-05-11,0.0,33.7,23.6,42.9,3.4,111.6,229.6,3.0,23.0,0.42,0.29,0.85,synthetic_demo_feed
tel_mbnr_jadcherla,2025-05-12,0.0,33.4,23.8,51.5,5.1,107.4,250.8,4.4,33.8,0.42,0.29,0.85,synthetic_demo_feed
tel_mbnr_jadcherla,2025-05-13,0.0,33.0,22.5,52.3,4.5,134.0,244.9,3.9,35.0,0.42,0.29,0.85,synthetic_demo_feed
tel_mbnr_jadcherla,2025-05-14,0.0,33.7,23.9,43.7,6.6,94.4,236.0,5.7,31.1,0.42,0.29,0.85,synthetic_demo_feed
tel_mbnr_jadcherla,2025-05-15,0.0,34.6,23.4,45.8,5.6,93.0,229.6,4.9,36.7,0.42,0.29,0.85,synthetic_demo_feed
tel_mbnr_jadcherla,2025-05-16,0.0,32.8,23.5,59.9,5.4,99.6,254.7,4.7,23.2,0.42,0.29,0.85,synthetic_demo_feed
tel_mbnr_jadcherla,2025-05-17,0.0,34.6,23.5,49.2,5.2,102.9,228.8,4.5,23.2,0.42,0.29,0.85,synthetic_demo_feed
tel_mbnr_jadcherla,2025-05-18,0.0,35.3,22.7,40.2,4.8,124.9,250.0,4.2,23.8,0.42,0.29,0.85,synthetic_demo_feed
tel_mbnr_jadcherla,2025-05-19,0.0,32.9,23.6,44.8,5.3,130.5,222.4,4.6,37.2,0.42,0.29,0.85,synthetic_demo_feed
tel_mbnr_jadcherla,2025-05-20,0.0,33.7,22.2,45.9,3.8,125.8,220.6,3.3,30.6,0.42,0.29,0.85,synthetic_demo_feed
tel_mbnr_jadcherla,2025-05-21,0.0,34.5,22.4,44.3,4.7,121.8,225.4,4.1,22.6,0.42,0.29,0.85,synthetic_demo_feed
tel_mbnr_jadcherla,2025-05-22,0.0,33.7,22.6,54.3,5.6,83.1,248.4,4.9,36.4,0.42,0.29,0.85,synthetic_demo_feed
tel_mbnr_jadcherla,2025-05-23,3.9,32.2,22.8,47.5,6.7,139.4,246.8,5.8,25.8,0.42,0.29,0.85,synthetic_demo_feed
tel_mbnr_jadcherla,2025-05-24,0.0,34.9,23.7,44.4,5.8,90.1,226.7,5.0,36.1,0.42,0.29,0.85,synthetic_demo_feed
tel_mbnr_jadcherla,2025-05-25,0.0,33.1,22.4,46.5,3.8,112.5,234.5,3.3,31.0,0.42,0.29,0.85,synthetic_demo_feed
tel_mbnr_jadcherla,2025-05-26,0.0,33.7,22.6,47.1,4.1,103.4,224.2,3.6,24.8,0.42,0.29,0.85,synthetic_demo_feed
tel_mbnr_jadcherla,2025-05-27,0.0,32.7,22.4,53.0,6.2,98.1,222.3,5.4,27.9,0.42,0.29,0.85,synthetic_demo_feed
tel_mbnr_jadcherla,2025-05-28,0.0,35.1,22.3,50.7,3.8,137.5,254.4,3.3,37.8,0.42,0.29,0.85,synthetic_demo_feed
tel_mbnr_jadcherla,2025-05-29,0.0,34.6,22.7,53.6,5.9,118.1,254.3,5.1,37.6,0.42,0.29,0.85,synthetic_demo_feed
tel_mbnr_jadcherla,2025-05-30,0.0,34.3,23.2,49.6,6.4,102.9,231.1,5.6,27.4,0.42,0.29,0.85,synthetic_demo_feed
tel_mbnr_jadcherla,2025-05-31,0.0,34.3,23.8,59.8,5.5,98.5,228.1,4.8,25.7,0.42,0.29,0.85,synthetic_demo_feed
tel_mbnr_jadcherla,2025-06-01,0.0,33.4,22.3,66.4,10.7,218.2,210.3,9.3,56.2,0.42,0.29,0.85,synthetic_demo_feed
tel_mbnr_jadcherla,2025-06-02,23.3,29.8,23.3,82.0,12.4,240.4,203.9,10.8,54.9,0.42,0.29,0.85,synthetic_demo_feed
tel_mbnr_jadcherla,2025-06-03,0.0,35.0,22.7,71.6,10.8,219.7,219.1,9.4,45.7,0.42,0.29,0.85,synthetic_demo_feed
tel_mbnr_jadcherla,2025-06-04,0.0,34.7,23.2,70.7,10.9,225.3,216.3,9.5,65.6,0.42,0.29,0.85,synthetic_demo_feed
tel_mbnr_jadcherla,2025-06-05,12.5,32.5,22.3,66.6,12.0,218.2,180.2,10.4,50.8,0.42,0.29,0.85,synthetic_demo_feed
tel_mbnr_jadcherla,2025-06-06,15.8,32.3,22.6,70.4,12.3,238.9,213.2,10.7,47.3,0.42,0.29,0.85,synthetic_demo_feed
tel_mbnr_jadcherla,2025-06-07,6.5,32.3,23.6,75.3,9.0,213.2,190.0,7.8,64.1,0.42,0.29,0.85,synthetic_demo_feed
tel_mbnr_jadcherla,2025-06-08,37.3,28.4,23.5,86.6,10.8,240.4,173.9,9.4,56.0,0.42,0.29,0.85,synthetic_demo_feed
tel_mbnr_jadcherla,2025-06-09,33.3,30.1,23.5,85.7,9.9,246.9,187.8,8.6,62.0,0.42,0.29,0.85,synthetic_demo_feed
tel_mbnr_jadcherla,2025-06-10,27.5,29.8,22.9,83.9,14.4,225.0,165.3,12.5,68.0,0.42,0.29,0.85,synthetic_demo_feed
tel_mbnr_jadcherla,2025-06-11,27.8,28.8,22.4,87.0,10.7,210.5,162.5,9.3,74.0,0.42,0.29,0.85,synthetic_demo_feed
tel_mbnr_jadcherla,2025-06-12,25.0,31.6,23.9,93.9,12.9,224.9,185.4,11.2,80.0,0.42,0.29,0.85,synthetic_demo_feed
tel_mbnr_jadcherla,2025-06-13,0.0,35.3,22.8,74.4,10.5,232.6,205.6,9.1,46.2,0.42,0.29,0.85,synthetic_demo_feed
tel_mbnr_jadcherla,2025-06-14,12.3,32.1,23.4,81.6,12.2,237.9,190.2,10.6,60.3,0.42,0.29,0.85,synthetic_demo_feed
tel_mbnr_jadcherla,2025-06-15,0.0,34.9,23.3,70.6,11.3,237.1,217.1,9.8,46.0,0.42,0.29,0.85,synthetic_demo_feed
tel_mbnr_jadcherla,2025-06-16,0.0,33.3,23.2,75.5,8.9,248.1,205.8,7.7,65.4,0.42,0.29,0.85,synthetic_demo_feed
tel_mbnr_jadcherla,2025-06-17,0.0,33.7,23.2,79.8,11.5,246.0,180.5,10.0,72.5,0.42,0.29,0.85,synthetic_demo_feed
tel_mbnr_jadcherla,2025-06-18,0.0,33.4,23.9,84.1,9.7,236.3,187.6,8.4,52.6,0.42,0.29,0.85,synthetic_demo_feed
tel_mbnr_jadcherla,2025-06-19,9.4,33.0,23.6,81.7,12.0,223.8,196.5,10.4,47.7,0.42,0.29,0.85,synthetic_demo_feed
tel_mbnr_jadcherla,2025-06-20,19.3,32.1,22.0,72.1,9.5,212.8,217.2,8.3,74.6,0.42,0.29,0.85,synthetic_demo_feed
tel_mbnr_jadcherla,2025-06-21,0.0,33.6,23.4,81.9,10.8,217.9,201.0,9.4,50.1,0.42,0.29,0.85,synthetic_demo_feed
tel_mbnr_jadcherla,2025-06-22,23.8,29.5,23.5,69.3,11.7,220.4,198.0,10.2,46.8,0.42,0.29,0.85,synthetic_demo_feed
tel_mbnr_jadcherla,2025-06-23,0.0,33.0,22.6,79.4,10.7,225.1,196.4,9.3,71.1,0.42,0.29,0.85,synthetic_demo_feed
tel_mbnr_jadcherla,2025-06-24,10.2,31.2,23.5,80.5,10.0,210.3,203.4,8.7,48.0,0.42,0.29,0.85,synthetic_demo_feed
tel_mbnr_jadcherla,2025-06-25,0.0,34.3,24.0,77.0,7.9,240.5,219.5,6.9,45.2,0.42,0.29,0.85,synthetic_demo_feed
tel_mbnr_jadcherla,2025-06-26,0.0,35.2,24.0,74.9,9.2,242.7,198.9,8.0,56.1,0.42,0.29,0.85,synthetic_demo_feed
tel_mbnr_jadcherla,2025-06-27,0.0,33.5,22.2,66.3,9.4,228.3,206.6,8.2,55.7,0.42,0.29,0.85,synthetic_demo_feed
tel_mbnr_jadcherla,2025-06-28,0.0,35.1,22.6,68.2,12.1,238.0,209.0,10.5,63.1,0.42,0.29,0.85,synthetic_demo_feed
tel_mbnr_jadcherla,2025-06-29,0.0,33.7,22.4,80.2,10.7,249.4,194.7,9.3,59.3,0.42,0.29,0.85,synthetic_demo_feed
tel_mbnr_jadcherla,2025-06-30,0.0,34.9,22.7,73.3,7.6,227.8,212.5,6.6,46.4,0.42,0.29,0.85,synthetic_demo_feed
tel_mbnr_jadcherla,2025-07-01,0.0,35.3,23.9,66.9,10.7,249.5,196.0,9.3,57.8,0.42,0.29,0.85,synthetic_demo_feed
tel_mbnr_jadcherla,2025-07-02,0.0,32.9,23.0,71.8,11.3,232.9,216.2,9.8,50.9,0.42,0.29,0.85,synthetic_demo_feed
tel_mbnr_jadcherla,2025-07-03,0.0,34.5,23.1,83.3,8.2,245.0,200.2,7.1,54.0,0.42,0.29,0.85,synthetic_demo_feed
tel_mbnr_jadcherla,2025-07-04,12.5,32.9,23.3,70.5,10.9,213.6,184.6,9.5,51.3,0.42,0.29,0.85,synthetic_demo_feed
tel_mbnr_jadcherla,2025-07-05,18.6,30.4,22.5,85.8,12.3,229.1,186.4,10.7,68.0,0.42,0.29,0.85,synthetic_demo_feed
tel_mbnr_jadcherla,2025-07-06,0.0,32.8,23.4,77.3,8.2,244.9,184.9,7.1,66.8,0.42,0.29,0.85,synthetic_demo_feed
tel_mbnr_jadcherla,2025-07-07,0.0,34.7,23.5,79.8,10.6,225.3,210.7,9.2,56.3,0.42,0.29,0.85,synthetic_demo_feed
tel_mbnr_jadcherla,2025-07-08,0.0,32.8,22.2,83.6,12.0,213.6,202.5,10.4,51.7,0.42,0.29,0.85,synthetic_demo_feed
tel_mbnr_jadcherla,2025-07-09,0.0,35.1,23.9,67.7,11.4,233.1,217.5,9.9,56.0,0.42,0.29,0.85,synthetic_demo_feed
tel_mbnr_jadcherla,2025-07-10,3.9,33.0,23.4,87.5,11.8,241.9,201.4,10.3,54.6,0.42,0.29,0.85,synthetic_demo_feed
tel_mbnr_jadcherla,2025-07-11,0.0,33.9,22.3,74.1,8.6,247.7,204.1,7.5,61.1,0.42,0.29,0.85,synthetic_demo_feed
tel_mbnr_jadcherla,2025-07-12,0.0,34.5,23.6,78.8,9.9,238.1,200.0,8.6,49.4,0.42,0.29,0.85,synthetic_demo_feed
tel_mbnr_jadcherla,2025-07-13,0.0,34.6,23.0,67.8,12.6,243.1,192.4,11.0,74.9,0.42,0.29,0.85,synthetic_demo_feed
tel_mbnr_jadcherla,2025-07-14,0.0,35.0,22.4,87.6,9.4,239.3,208.2,8.2,55.0,0.42,0.29,0.85,synthetic_demo_feed
tel_mbnr_jadcherla,2025-07-15,0.0,34.0,22.8,84.9,7.7,249.4,208.0,6.7,50.4,0.42,0.29,0.85,synthetic_demo_feed
tel_mbnr_jadcherla,2025-07-16,0.0,34.5,24.0,77.6,12.6,240.3,213.9,11.0,55.1,0.42,0.29,0.85,synthetic_demo_feed
tel_mbnr_jadcherla,2025-07-17,14.4,31.5,22.3,69.5,11.0,240.1,191.3,9.6,70.7,0.42,0.29,0.85,synthetic_demo_feed
tel_mbnr_jadcherla,2025-07-18,0.0,33.0,22.3,81.3,11.8,237.8,212.2,10.3,58.7,0.42,0.29,0.85,synthetic_demo_feed
tel_mbnr_jadcherla,2025-07-19,5.8,33.8,23.2,81.9,11.4,237.1,188.7,9.9,45.3,0.42,0.29,0.85,synthetic_demo_feed
tel_mbnr_jadcherla,2025-07-20,0.8,34.9,23.9,48.8,5.6,85.8,238.7,4.9,55.5,0.42,0.29,0.85,synthetic_demo_feed
tel_mbnr_jadcherla,2025-07-21,0.8,34.3,23.2,57.7,3.0,138.2,239.5,2.6,51.0,0.42,0.29,0.85,synthetic_demo_feed
tel_mbnr_jadcherla,2025-07-22,0.5,33.9,23.4,45.9,3.0,137.3,245.1,2.6,46.5,0.42,0.29,0.85,synthetic_demo_feed
tel_mbnr_jadcherla,2025-07-23,0.5,34.4,23.6,54.7,4.8,131.9,244.4,4.2,42.0,0.42,0.29,0.85,synthetic_demo_feed
tel_mbnr_jadcherla,2025-07-24,0.5,32.8,22.2,47.9,4.7,109.4,241.9,4.1,37.5,0.42,0.29,0.85,synthetic_demo_feed
tel_mbnr_jadcherla,2025-07-25,0.5,34.1,22.5,51.2,3.0,124.7,247.7,2.6,33.0,0.42,0.29,0.85,synthetic_demo_feed
tel_mbnr_jadcherla,2025-07-26,0.6,33.7,23.1,52.3,4.3,86.0,239.5,3.7,28.5,0.42,0.29,0.85,synthetic_demo_feed
tel_mbnr_jadcherla,2025-07-27,0.1,34.9,22.0,45.0,5.2,113.4,257.7,4.5,24.0,0.42,0.29,0.85,synthetic_demo_feed
tel_mbnr_jadcherla,2025-07-28,0.4,34.2,23.4,50.3,4.3,127.4,255.3,3.7,20.0,0.42,0.29,0.85,synthetic_demo_feed
tel_mbnr_jadcherla,2025-07-29,19.4,30.1,23.1,69.2,12.1,242.0,218.6,10.5,63.0,0.42,0.29,0.85,synthetic_demo_feed
tel_mbnr_jadcherla,2025-07-30,5.4,31.8,24.0,77.9,8.3,230.2,188.2,7.2,70.5,0.42,0.29,0.85,synthetic_demo_feed
tel_mbnr_jadcherla,2025-07-31,14.7,33.1,23.0,65.0,12.4,241.3,196.9,10.8,54.0,0.42,0.29,0.85,synthetic_demo_feed
tel_mbnr_jadcherla,2025-08-01,0.0,35.5,22.7,81.0,10.5,231.5,197.8,9.1,60.7,0.42,0.29,0.85,synthetic_demo_feed
tel_mbnr_jadcherla,2025-08-02,4.7,34.3,23.9,69.3,8.7,234.1,212.8,7.6,54.0,0.42,0.29,0.85,synthetic_demo_feed
tel_mbnr_jadcherla,2025-08-03,10.6,32.1,23.8,66.7,10.7,226.0,185.1,9.3,52.6,0.42,0.29,0.85,synthetic_demo_feed
tel_mbnr_jadcherla,2025-08-04,8.2,33.5,24.0,77.3,11.0,237.9,197.0,9.6,47.1,0.42,0.29,0.85,synthetic_demo_feed
tel_mbnr_jadcherla,2025-08-05,10.9,31.3,24.0,78.9,11.7,227.3,206.3,10.2,57.6,0.42,0.29,0.85,synthetic_demo_feed
tel_mbnr_jadcherla,2025-08-06,16.1,30.3,23.3,67.5,8.2,224.5,183.1,7.1,61.5,0.42,0.29,0.85,synthetic_demo_feed
tel_mbnr_jadcherla,2025-08-07,8.6,34.1,22.8,65.2,8.6,214.2,214.8,7.5,56.3,0.42,0.29,0.85,synthetic_demo_feed
tel_mbnr_jadcherla,2025-08-08,0.0,34.0,23.1,72.1,11.3,238.0,187.0,9.8,69.6,0.42,0.29,0.85,synthetic_demo_feed
tel_mbnr_jadcherla,2025-08-09,0.0,35.3,22.8,85.6,10.6,223.8,202.1,9.2,50.1,0.42,0.29,0.85,synthetic_demo_feed
tel_mbnr_jadcherla,2025-08-10,0.0,33.9,22.3,78.7,10.2,210.4,218.7,8.9,70.5,0.42,0.29,0.85,synthetic_demo_feed
tel_mbnr_jadcherla,2025-08-11,0.0,32.7,23.5,73.7,8.2,249.0,186.2,7.1,67.1,0.42,0.29,0.85,synthetic_demo_feed
tel_mbnr_jadcherla,2025-08-12,0.0,35.5,23.6,81.3,10.6,230.1,190.0,9.2,50.5,0.42,0.29,0.85,synthetic_demo_feed
tel_mbnr_jadcherla,2025-08-13,12.1,33.3,23.9,83.7,12.1,226.3,217.7,10.5,54.2,0.42,0.29,0.85,synthetic_demo_feed
tel_mbnr_jadcherla,2025-08-14,4.5,32.0,23.5,86.7,11.3,232.2,183.2,9.8,50.0,0.42,0.29,0.85,synthetic_demo_feed
tel_mbnr_jadcherla,2025-08-15,0.0,34.7,23.0,74.8,12.4,230.6,215.0,10.8,60.3,0.42,0.29,0.85,synthetic_demo_feed
tel_mbnr_jadcherla,2025-08-16,0.0,35.2,23.5,74.3,11.0,238.6,215.5,9.6,63.5,0.42,0.29,0.85,synthetic_demo_feed
tel_mbnr_jadcherla,2025-08-17,0.0,35.0,23.8,82.0,8.7,231.1,210.0,7.6,73.5,0.42,0.29,0.85,synthetic_demo_feed
tel_mbnr_jadcherla,2025-08-18,0.0,34.1,22.5,80.5,12.4,213.0,204.3,10.8,71.5,0.42,0.29,0.85,synthetic_demo_feed
tel_mbnr_jadcherla,2025-08-19,0.0,33.6,22.2,74.7,12.4,246.6,200.5,10.8,56.4,0.42,0.29,0.85,synthetic_demo_feed
tel_mbnr_jadcherla,2025-08-20,14.6,30.9,23.5,71.9,8.0,232.8,210.7,7.0,53.8,0.42,0.29,0.85,synthetic_demo_feed
tel_mbnr_jadcherla,2025-08-21,9.4,32.5,23.2,84.0,10.8,229.5,217.3,9.4,46.1,0.42,0.29,0.85,synthetic_demo_feed
tel_mbnr_jadcherla,2025-08-22,16.3,30.6,22.7,65.1,9.3,214.1,193.1,8.1,71.7,0.42,0.29,0.85,synthetic_demo_feed
tel_mbnr_jadcherla,2025-08-23,0.0,34.0,22.3,68.5,10.1,236.3,183.4,8.8,48.7,0.42,0.29,0.85,synthetic_demo_feed
tel_mbnr_jadcherla,2025-08-24,11.4,31.1,22.9,69.2,9.7,243.6,192.0,8.4,69.3,0.42,0.29,0.85,synthetic_demo_feed
tel_mbnr_jadcherla,2025-08-25,10.5,31.5,22.1,85.0,9.3,225.8,197.4,8.1,51.0,0.42,0.29,0.85,synthetic_demo_feed
tel_mbnr_jadcherla,2025-08-26,0.0,34.5,22.5,69.6,8.3,226.8,216.0,7.2,59.4,0.42,0.29,0.85,synthetic_demo_feed
tel_mbnr_jadcherla,2025-08-27,0.0,35.1,23.0,72.5,11.2,246.9,212.0,9.7,67.9,0.42,0.29,0.85,synthetic_demo_feed
tel_mbnr_jadcherla,2025-08-28,0.0,33.0,23.0,67.5,8.0,240.7,195.6,7.0,45.6,0.42,0.29,0.85,synthetic_demo_feed
tel_mbnr_jadcherla,2025-08-29,17.8,30.7,23.0,82.0,12.5,240.4,193.7,10.9,58.0,0.42,0.29,0.85,synthetic_demo_feed
tel_mbnr_jadcherla,2025-08-30,5.9,34.6,22.5,82.6,8.7,242.8,200.4,7.6,70.9,0.42,0.29,0.85,synthetic_demo_feed
tel_mbnr_jadcherla,2025-08-31,18.4,32.7,23.2,76.6,11.2,235.4,212.4,9.7,50.4,0.42,0.29,0.85,synthetic_demo_feed
tel_mbnr_jadcherla,2025-09-01,5.5,33.5,22.2,86.4,12.6,212.0,181.5,11.0,57.8,0.42,0.29,0.85,synthetic_demo_feed
tel_mbnr_jadcherla,2025-09-02,9.4,32.6,23.3,72.7,8.6,222.2,205.3,7.5,59.4,0.42,0.29,0.85,synthetic_demo_feed
tel_mbnr_jadcherla,2025-09-03,8.8,31.3,22.1,72.4,9.7,239.8,194.0,8.4,46.4,0.42,0.29,0.85,synthetic_demo_feed
tel_mbnr_jadcherla,2025-09-04,13.1,31.6,22.6,69.3,8.0,213.9,216.3,7.0,73.4,0.42,0.29,0.85,synthetic_demo_feed
tel_mbnr_jadcherla,2025-09-05,14.9,32.6,23.1,82.0,9.2,224.9,214.5,8.0,55.8,0.42,0.29,0.85,synthetic_demo_feed
tel_mbnr_jadcherla,2025-09-06,0.0,34.7,22.2,85.4,9.4,233.5,188.4,8.2,48.9,0.42,0.29,0.85,synthetic_demo_feed
tel_mbnr_jadcherla,2025-09-07,0.0,32.7,23.1,81.2,8.5,223.7,206.2,7.4,72.8,0.42,0.29,0.85,synthetic_demo_feed
tel_mbnr_jadcherla,2025-09-08,0.0,33.1,23.1,81.6,8.5,220.1,219.6,7.4,46.3,0.42,0.29,0.85,synthetic_demo_feed
tel_mbnr_jadcherla,2025-09-09,0.0,33.8,23.4,87.4,12.2,246.4,214.1,10.6,71.8,0.42,0.29,0.85,synthetic_demo_feed
tel_mbnr_jadcherla,2025-09-10,11.9,32.8,22.3,65.5,10.1,211.8,217.3,8.8,63.0,0.42,0.29,0.85,synthetic_demo_feed
tel_mbnr_jadcherla,2025-09-11,0.0,34.6,23.7,82.0,11.0,248.9,211.8,9.6,56.9,0.42,0.29,0.85,synthetic_demo_feed
tel_mbnr_jadcherla,2025-09-12,19.4,30.1,22.3,74.2,11.5,218.7,195.4,10.0,53.1,0.42,0.29,0.85,synthetic_demo_feed
tel_mbnr_jadcherla,2025-09-13,0.0,34.1,22.6,75.5,11.6,218.8,215.2,10.1,66.2,0.42,0.29,0.85,synthetic_demo_feed
tel_mbnr_jadcherla,2025-09-14,0.0,32.6,22.3,66.0,8.4,245.3,202.1,7.3,52.1,0.42,0.29,0.85,synthetic_demo_feed
tel_mbnr_jadcherla,2025-09-15,0.0,35.0,23.1,79.8,11.6,210.1,190.8,10.1,52.5,0.42,0.29,0.85,synthetic_demo_feed
tel_mbnr_jadcherla,2025-09-16,16.1,32.3,22.8,81.2,7.9,234.5,194.8,6.9,61.5,0.42,0.29,0.85,synthetic_demo_feed
tel_mbnr_jadcherla,2025-09-17,3.8,32.5,23.9,70.0,11.7,231.5,212.6,10.2,74.0,0.42,0.29,0.85,synthetic_demo_feed
tel_mbnr_jadcherla,2025-09-18,0.0,33.6,23.3,67.4,11.5,244.8,211.1,10.0,67.4,0.42,0.29,0.85,synthetic_demo_feed
tel_mbnr_jadcherla,2025-09-19,0.0,34.2,23.6,70.1,11.7,240.1,202.0,10.2,53.1,0.42,0.29,0.85,synthetic_demo_feed
tel_mbnr_jadcherla,2025-09-20,7.7,31.9,22.4,85.7,9.4,244.5,209.1,8.2,47.8,0.42,0.29,0.85,synthetic_demo_feed
tel_mbnr_jadcherla,2025-09-21,13.5,31.0,22.8,65.5,10.8,234.3,209.2,9.4,49.9,0.42,0.29,0.85,synthetic_demo_feed
tel_mbnr_jadcherla,2025-09-22,4.1,33.5,23.5,87.3,12.2,242.3,189.8,10.6,48.0,0.42,0.29,0.85,synthetic_demo_feed
tel_mbnr_jadcherla,2025-09-23,0.0,34.4,22.1,84.0,7.6,219.9,195.1,6.6,67.9,0.42,0.29,0.85,synthetic_demo_feed
tel_mbnr_jadcherla,2025-09-24,5.7,32.0,23.5,87.2,7.6,223.5,205.1,6.6,73.7,0.42,0.29,0.85,synthetic_demo_feed
tel_mbnr_jadcherla,2025-09-25,0.0,33.0,22.7,77.9,10.0,216.2,188.1,8.7,58.3,0.42,0.29,0.85,synthetic_demo_feed
tel_mbnr_jadcherla,2025-09-26,18.1,30.7,23.0,84.0,8.2,243.5,205.1,7.1,48.1,0.42,0.29,0.85,synthetic_demo_feed
tel_mbnr_jadcherla,2025-09-27,23.0,29.7,23.8,68.4,9.7,225.4,181.0,8.4,64.7,0.42,0.29,0.85,synthetic_demo_feed
tel_mbnr_jadcherla,2025-09-28,0.0,32.8,23.9,68.9,8.0,224.3,212.9,7.0,48.3,0.42,0.29,0.85,synthetic_demo_feed
tel_mbnr_jadcherla,2025-09-29,0.0,34.3,22.4,86.2,12.3,231.2,184.7,10.7,71.9,0.42,0.29,0.85,synthetic_demo_feed
tel_mbnr_jadcherla,2025-09-30,0.0,35.0,22.7,80.3,8.3,214.2,207.2,7.2,54.0,0.42,0.29,0.85,synthetic_demo_feed
tel_mbnr_jadcherla,2025-10-01,0.0,32.7,22.0,56.2,6.7,136.0,243.2,5.8,33.4,0.42,0.29,0.85,synthetic_demo_feed
tel_mbnr_jadcherla,2025-10-02,3.3,33.4,22.1,54.4,4.8,114.7,231.2,4.2,34.6,0.42,0.29,0.85,synthetic_demo_feed
tel_mbnr_jadcherla,2025-10-03,0.0,33.7,22.6,59.9,3.8,105.4,229.7,3.3,24.9,0.42,0.29,0.85,synthetic_demo_feed
tel_mbnr_jadcherla,2025-10-04,0.0,34.5,22.5,46.7,6.2,105.1,234.5,5.4,34.8,0.42,0.29,0.85,synthetic_demo_feed
tel_mbnr_jadcherla,2025-10-05,0.0,34.2,22.8,56.4,5.3,114.7,238.7,4.6,28.2,0.42,0.29,0.85,synthetic_demo_feed
tel_mbnr_jadcherla,2025-10-06,0.0,35.5,22.0,44.7,5.9,113.5,246.2,5.1,22.0,0.42,0.29,0.85,synthetic_demo_feed
tel_mbnr_jadcherla,2025-10-07,0.0,35.1,23.6,47.0,3.7,97.7,252.2,3.2,35.6,0.42,0.29,0.85,synthetic_demo_feed
tel_mbnr_jadcherla,2025-10-08,4.3,32.0,22.3,44.8,6.6,137.7,254.0,5.7,35.2,0.42,0.29,0.85,synthetic_demo_feed
tel_mbnr_jadcherla,2025-10-09,0.0,34.6,23.3,59.3,3.6,84.4,233.2,3.1,27.9,0.42,0.29,0.85,synthetic_demo_feed
tel_mbnr_jadcherla,2025-10-10,0.0,32.7,23.1,47.3,3.6,128.8,250.5,3.1,23.3,0.42,0.29,0.85,synthetic_demo_feed
tel_mbnr_jadcherla,2025-10-11,0.9,33.6,22.7,54.0,6.0,126.9,246.0,5.2,26.8,0.42,0.29,0.85,synthetic_demo_feed
tel_mbnr_jadcherla,2025-10-12,0.0,34.8,23.0,57.6,4.0,80.7,230.0,3.5,22.5,0.42,0.29,0.85,synthetic_demo_feed
tel_mbnr_jadcherla,2025-10-13,0.0,35.3,23.0,51.1,6.4,122.6,243.8,5.6,35.3,0.42,0.29,0.85,synthetic_demo_feed
tel_mbnr_jadcherla,2025-10-14,0.0,32.9,22.4,50.4,6.8,117.1,225.5,5.9,37.6,0.42,0.29,0.85,synthetic_demo_feed
tel_mbnr_jadcherla,2025-10-15,0.0,34.9,22.9,51.2,6.0,98.8,226.4,5.2,35.5,0.42,0.29,0.85,synthetic_demo_feed
tel_mbnr_jadcherla,2025-10-16,0.0,33.1,22.2,56.1,4.0,84.7,249.0,3.5,32.3,0.42,0.29,0.85,synthetic_demo_feed
tel_mbnr_jadcherla,2025-10-17,0.0,32.7,23.2,45.6,3.6,125.4,249.6,3.1,30.7,0.42,0.29,0.85,synthetic_demo_feed
tel_mbnr_jadcherla,2025-10-18,0.0,35.4,23.1,40.6,5.6,113.8,239.3,4.9,26.3,0.42,0.29,0.85,synthetic_demo_feed
tel_mbnr_jadcherla,2025-10-19,0.0,33.6,22.6,58.9,4.5,103.9,221.6,3.9,22.1,0.42,0.29,0.85,synthetic_demo_feed
tel_mbnr_jadcherla,2025-10-20,0.0,32.8,22.8,59.5,6.0,124.5,246.3,5.2,33.2,0.42,0.29,0.85,synthetic_demo_feed
tel_mbnr_jadcherla,2025-10-21,4.0,34.5,22.6,47.6,5.5,89.1,225.3,4.8,31.4,0.42,0.29,0.85,synthetic_demo_feed
tel_mbnr_jadcherla,2025-10-22,0.0,34.9,23.3,54.4,3.8,126.1,251.0,3.3,36.2,0.42,0.29,0.85,synthetic_demo_feed
tel_mbnr_jadcherla,2025-10-23,0.0,35.3,22.7,54.6,5.2,127.1,253.7,4.5,32.4,0.42,0.29,0.85,synthetic_demo_feed
tel_mbnr_jadcherla,2025-10-24,0.0,34.8,22.8,48.6,6.4,92.5,232.6,5.6,36.3,0.42,0.29,0.85,synthetic_demo_feed
tel_mbnr_jadcherla,2025-10-25,0.0,34.9,22.3,52.6,4.0,132.2,222.6,3.5,30.0,0.42,0.29,0.85,synthetic_demo_feed
tel_mbnr_jadcherla,2025-10-26,0.0,33.4,23.9,41.7,6.1,89.7,253.9,5.3,23.5,0.42,0.29,0.85,synthetic_demo_feed
tel_mbnr_jadcherla,2025-10-27,0.0,33.3,22.9,43.6,3.8,95.4,232.7,3.3,34.4,0.42,0.29,0.85,synthetic_demo_feed
tel_mbnr_jadcherla,2025-10-28,0.0,32.6,23.7,42.5,3.9,104.1,242.8,3.4,31.1,0.42,0.29,0.85,synthetic_demo_feed
tel_mbnr_jadcherla,2025-10-29,0.0,35.4,22.7,47.3,3.9,120.9,252.1,3.4,35.5,0.42,0.29,0.85,synthetic_demo_feed
tel_mbnr_jadcherla,2025-10-30,0.0,34.4,23.5,53.7,6.4,94.7,229.2,5.6,31.9,0.42,0.29,0.85,synthetic_demo_feed
tel_mbnr_jadcherla,2025-10-31,0.0,33.7,22.1,45.8,6.4,103.3,220.3,5.6,24.5,0.42,0.29,0.85,synthetic_demo_feed
ap_gnr_tenali,2023-05-01,0.0,35.3,23.8,41.7,5.1,126.1,251.5,4.4,33.7,0.1,-0.14,1.11,synthetic_demo_feed
ap_gnr_tenali,2023-05-02,0.0,34.6,23.0,59.9,4.6,96.7,231.5,4.0,29.8,0.1,-0.14,1.11,synthetic_demo_feed
ap_gnr_tenali,2023-05-03,0.8,34.2,22.8,46.4,5.6,136.2,236.4,4.9,22.5,0.1,-0.14,1.11,synthetic_demo_feed
ap_gnr_tenali,2023-05-04,0.0,35.4,23.4,41.1,5.1,96.2,235.1,4.4,35.9,0.1,-0.14,1.11,synthetic_demo_feed
ap_gnr_tenali,2023-05-05,0.0,34.6,23.7,48.1,3.7,111.5,222.9,3.2,26.8,0.1,-0.14,1.11,synthetic_demo_feed
ap_gnr_tenali,2023-05-06,0.0,33.5,23.5,41.8,6.3,89.9,229.1,5.5,36.4,0.1,-0.14,1.11,synthetic_demo_feed
ap_gnr_tenali,2023-05-07,0.0,34.6,22.7,53.8,5.1,121.6,234.7,4.4,24.6,0.1,-0.14,1.11,synthetic_demo_feed
ap_gnr_tenali,2023-05-08,0.0,34.5,23.2,51.9,6.1,99.4,220.3,5.3,23.2,0.1,-0.14,1.11,synthetic_demo_feed
ap_gnr_tenali,2023-05-09,0.0,33.0,22.9,54.7,6.0,88.8,252.9,5.2,27.1,0.1,-0.14,1.11,synthetic_demo_feed
ap_gnr_tenali,2023-05-10,0.0,32.5,22.9,48.1,6.8,130.0,224.0,5.9,30.3,0.1,-0.14,1.11,synthetic_demo_feed
ap_gnr_tenali,2023-05-11,2.2,33.4,23.1,44.4,3.8,90.0,253.9,3.3,37.7,0.1,-0.14,1.11,synthetic_demo_feed
ap_gnr_tenali,2023-05-12,0.0,32.5,23.6,59.4,6.8,81.0,232.2,5.9,31.2,0.1,-0.14,1.11,synthetic_demo_feed
ap_gnr_tenali,2023-05-13,0.0,33.9,22.8,54.0,6.4,101.1,237.6,5.6,32.4,0.1,-0.14,1.11,synthetic_demo_feed
ap_gnr_tenali,2023-05-14,0.0,33.8,22.4,42.3,6.1,115.7,238.3,5.3,24.8,0.1,-0.14,1.11,synthetic_demo_feed
ap_gnr_tenali,2023-05-15,0.0,33.3,23.2,53.8,6.3,135.5,233.4,5.5,29.0,0.1,-0.14,1.11,synthetic_demo_feed
ap_gnr_tenali,2023-05-16,0.0,34.3,22.8,42.1,6.2,109.8,254.8,5.4,32.4,0.1,-0.14,1.11,synthetic_demo_feed
ap_gnr_tenali,2023-05-17,0.0,32.6,22.6,48.9,3.8,105.2,252.5,3.3,31.3,0.1,-0.14,1.11,synthetic_demo_feed
ap_gnr_tenali,2023-05-18,0.0,32.9,23.9,43.9,4.7,134.8,235.9,4.1,29.5,0.1,-0.14,1.11,synthetic_demo_feed
ap_gnr_tenali,2023-05-19,0.0,33.6,22.4,54.8,5.9,97.0,248.7,5.1,22.1,0.1,-0.14,1.11,synthetic_demo_feed
ap_gnr_tenali,2023-05-20,0.0,33.2,23.8,55.9,6.3,104.9,229.3,5.5,28.6,0.1,-0.14,1.11,synthetic_demo_feed
ap_gnr_tenali,2023-05-21,0.8,33.4,23.9,56.4,6.3,139.6,233.1,5.5,31.6,0.1,-0.14,1.11,synthetic_demo_feed
ap_gnr_tenali,2023-05-22,0.0,34.9,23.2,52.9,4.1,87.7,254.1,3.6,35.3,0.1,-0.14,1.11,synthetic_demo_feed
ap_gnr_tenali,2023-05-23,0.0,33.8,22.2,58.1,4.0,128.1,254.2,3.5,30.3,0.1,-0.14,1.11,synthetic_demo_feed
ap_gnr_tenali,2023-05-24,0.0,33.3,23.1,56.9,6.2,136.9,242.1,5.4,32.0,0.1,-0.14,1.11,synthetic_demo_feed
ap_gnr_tenali,2023-05-25,0.0,32.6,23.4,52.6,4.9,135.2,223.3,4.3,31.5,0.1,-0.14,1.11,synthetic_demo_feed
ap_gnr_tenali,2023-05-26,1.9,33.3,22.5,49.1,3.9,133.9,246.0,3.4,32.1,0.1,-0.14,1.11,synthetic_demo_feed
ap_gnr_tenali,2023-05-27,0.0,34.8,23.3,55.6,4.3,96.5,238.7,3.7,34.6,0.1,-0.14,1.11,synthetic_demo_feed
ap_gnr_tenali,2023-05-28,0.0,33.9,23.2,51.6,5.6,86.4,242.0,4.9,23.7,0.1,-0.14,1.11,synthetic_demo_feed
ap_gnr_tenali,2023-05-29,0.0,35.0,22.8,49.9,3.8,109.5,251.3,3.3,27.8,0.1,-0.14,1.11,synthetic_demo_feed
ap_gnr_tenali,2023-05-30,0.4,33.4,23.8,53.7,3.7,128.5,253.6,3.2,28.0,0.1,-0.14,1.11,synthetic_demo_feed
ap_gnr_tenali,2023-05-31,0.0,32.6,24.0,51.3,4.0,139.6,220.4,3.5,31.7,0.1,-0.14,1.11,synthetic_demo_feed
ap_gnr_tenali,2023-06-01,0.0,35.3,22.4,68.6,10.3,211.2,204.6,9.0,67.3,0.1,-0.14,1.11,synthetic_demo_feed
ap_gnr_tenali,2023-06-02,14.0,31.4,22.4,67.6,12.0,239.1,186.1,10.4,51.5,0.1,-0.14,1.11,synthetic_demo_feed
ap_gnr_tenali,2023-06-03,0.0,34.2,22.6,86.9,10.0,239.8,190.7,8.7,55.5,0.1,-0.14,1.11,synthetic_demo_feed
ap_gnr_tenali,2023-06-04,0.0,34.6,23.8,69.4,9.5,221.2,200.5,8.3,50.2,0.1,-0.14,1.11,synthetic_demo_feed
ap_gnr_tenali,2023-06-05,15.6,31.6,23.8,83.3,9.1,226.9,210.7,7.9,73.6,0.1,-0.14,1.11,synthetic_demo_feed
ap_gnr_tenali,2023-06-06,0.0,34.2,22.7,79.0,10.7,235.3,212.6,9.3,57.9,0.1,-0.14,1.11,synthetic_demo_feed
ap_gnr_tenali,2023-06-07,6.3,34.0,23.3,78.5,10.1,248.6,181.4,8.8,53.8,0.1,-0.14,1.11,synthetic_demo_feed
ap_gnr_tenali,2023-06-08,21.2,31.7,22.7,84.8,10.9,212.9,161.0,9.5,56.0,0.1,-0.14,1.11,synthetic_demo_feed
ap_gnr_tenali,2023-06-09,29.1,29.1,22.0,81.8,14.7,223.2,173.0,12.8,62.0,0.1,-0.14,1.11,synthetic_demo_feed
ap_gnr_tenali,2023-06-10,24.1,30.0,23.2,88.4,15.4,231.1,187.8,13.4,68.0,0.1,-0.14,1.11,synthetic_demo_feed
ap_gnr_tenali,2023-06-11,14.7,32.9,22.1,93.3,13.6,245.7,169.7,11.8,74.0,0.1,-0.14,1.11,synthetic_demo_feed
ap_gnr_tenali,2023-06-12,23.0,29.6,23.6,84.8,11.7,229.9,186.5,10.2,80.0,0.1,-0.14,1.11,synthetic_demo_feed
ap_gnr_tenali,2023-06-13,0.0,33.6,23.2,68.9,8.2,221.4,196.8,7.1,54.8,0.1,-0.14,1.11,synthetic_demo_feed
ap_gnr_tenali,2023-06-14,0.0,35.0,22.8,86.0,12.5,245.8,214.2,10.9,53.5,0.1,-0.14,1.11,synthetic_demo_feed
ap_gnr_tenali,2023-06-15,0.0,34.9,23.4,66.6,10.8,221.0,181.6,9.4,47.9,0.1,-0.14,1.11,synthetic_demo_feed
ap_gnr_tenali,2023-06-16,0.0,33.7,23.4,72.2,10.3,228.2,196.0,9.0,63.4,0.1,-0.14,1.11,synthetic_demo_feed
ap_gnr_tenali,2023-06-17,0.0,32.6,22.1,73.6,8.0,210.4,218.7,7.0,63.5,0.1,-0.14,1.11,synthetic_demo_feed
ap_gnr_tenali,2023-06-18,9.8,33.7,22.7,68.9,9.8,246.1,207.5,8.5,50.7,0.1,-0.14,1.11,synthetic_demo_feed
ap_gnr_tenali,2023-06-19,0.0,32.8,23.9,71.0,12.0,213.0,217.4,10.4,68.5,0.1,-0.14,1.11,synthetic_demo_feed
ap_gnr_tenali,2023-06-20,16.3,31.4,22.3,68.9,8.9,244.5,212.5,7.7,49.1,0.1,-0.14,1.11,synthetic_demo_feed
ap_gnr_tenali,2023-06-21,0.0,32.9,23.1,74.5,12.4,233.1,215.5,10.8,58.4,0.1,-0.14,1.11,synthetic_demo_feed
ap_gnr_tenali,2023-06-22,0.0,33.3,22.6,81.8,9.1,213.3,219.1,7.9,51.8,0.1,-0.14,1.11,synthetic_demo_feed
ap_gnr_tenali,2023-06-23,0.0,32.7,23.9,81.9,10.9,212.4,214.9,9.5,51.2,0.1,-0.14,1.11,synthetic_demo_feed
ap_gnr_tenali,2023-06-24,7.4,33.2,23.1,67.4,8.4,244.3,212.7,7.3,51.3,0.1,-0.14,1.11,synthetic_demo_feed
ap_gnr_tenali,2023-06-25,0.0,35.2,22.4,68.5,9.8,224.5,192.5,8.5,60.1,0.1,-0.14,1.11,synthetic_demo_feed
ap_gnr_tenali,2023-06-26,0.0,33.3,22.3,82.9,10.1,222.3,214.7,8.8,50.6,0.1,-0.14,1.11,synthetic_demo_feed
ap_gnr_tenali,2023-06-27,0.0,33.2,23.8,85.2,8.3,217.5,205.9,7.2,67.4,0.1,-0.14,1.11,synthetic_demo_feed
ap_gnr_tenali,2023-06-28,17.4,31.2,22.3,86.3,8.9,230.1,198.1,7.7,47.5,0.1,-0.14,1.11,synthetic_demo_feed
ap_gnr_tenali,2023-06-29,0.0,34.7,22.8,67.2,8.9,221.8,182.1,7.7,64.5,0.1,-0.14,1.11,synthetic_demo_feed
ap_gnr_tenali,2023-06-30,15.9,32.1,23.9,75.0,10.0,218.8,201.2,8.7,65.4,0.1,-0.14,1.11,synthetic_demo_feed
ap_gnr_tenali,2023-07-01,3.3,33.9,23.4,67.3,7.8,225.7,190.6,6.8,51.8,0.1,-0.14,1.11,synthetic_demo_feed
ap_gnr_tenali,2023-07-02,19.0,30.7,22.6,69.7,8.9,233.9,215.2,7.7,68.6,0.1,-0.14,1.11,synthetic_demo_feed
ap_gnr_tenali,2023-07-03,0.0,33.4,23.8,81.1,10.1,219.5,183.8,8.8,59.3,0.1,-0.14,1.11,synthetic_demo_feed
ap_gnr_tenali,2023-07-04,4.1,33.3,22.7,68.3,12.1,217.1,187.5,10.5,45.4,0.1,-0.14,1.11,synthetic_demo_feed
ap_gnr_tenali,2023-07-05,4.2,33.6,23.0,78.7,11.8,219.9,207.2,10.3,74.1,0.1,-0.14,1.11,synthetic_demo_feed
ap_gnr_tenali,2023-07-06,20.9,29.9,22.3,84.2,12.6,213.8,202.7,11.0,60.8,0.1,-0.14,1.11,synthetic_demo_feed
ap_gnr_tenali,2023-07-07,19.1,31.1,22.7,87.8,11.3,210.5,198.1,9.8,52.7,0.1,-0.14,1.11,synthetic_demo_feed
ap_gnr_tenali,2023-07-08,18.5,31.5,22.2,84.7,11.5,237.4,215.7,10.0,72.1,0.1,-0.14,1.11,synthetic_demo_feed
ap_gnr_tenali,2023-07-09,0.0,32.9,23.0,84.7,12.5,219.8,180.8,10.9,64.8,0.1,-0.14,1.11,synthetic_demo_feed
ap_gnr_tenali,2023-07-10,0.0,35.4,23.3,82.1,9.3,248.6,218.9,8.1,50.8,0.1,-0.14,1.11,synthetic_demo_feed
ap_gnr_tenali,2023-07-11,0.0,34.1,22.5,75.3,12.1,237.2,207.2,10.5,73.7,0.1,-0.14,1.11,synthetic_demo_feed
ap_gnr_tenali,2023-07-12,0.0,32.6,23.0,87.9,9.7,223.7,195.6,8.4,54.3,0.1,-0.14,1.11,synthetic_demo_feed
ap_gnr_tenali,2023-07-13,0.0,33.4,23.9,87.3,9.8,230.0,197.3,8.5,68.8,0.1,-0.14,1.11,synthetic_demo_feed
ap_gnr_tenali,2023-07-14,0.0,34.5,22.6,87.2,8.3,221.5,198.7,7.2,63.7,0.1,-0.14,1.11,synthetic_demo_feed
ap_gnr_tenali,2023-07-15,0.0,32.7,22.6,71.5,7.7,227.2,180.6,6.7,62.8,0.1,-0.14,1.11,synthetic_demo_feed
ap_gnr_tenali,2023-07-16,0.0,35.1,23.3,73.1,8.7,240.8,180.0,7.6,53.5,0.1,-0.14,1.11,synthetic_demo_feed
ap_gnr_tenali,2023-07-17,4.4,32.1,22.4,69.5,12.6,228.9,190.8,11.0,62.6,0.1,-0.14,1.11,synthetic_demo_feed
ap_gnr_tenali,2023-07-18,20.8,30.2,22.6,87.2,9.7,222.4,205.5,8.4,47.9,0.1,-0.14,1.11,synthetic_demo_feed
ap_gnr_tenali,2023-07-19,0.0,33.1,22.3,78.3,9.2,232.2,207.2,8.0,65.5,0.1,-0.14,1.11,synthetic_demo_feed
ap_gnr_tenali,2023-07-20,0.2,34.1,22.8,52.1,4.5,132.6,237.1,3.9,55.5,0.1,-0.14,1.11,synthetic_demo_feed
ap_gnr_tenali,2023-07-21,0.3,35.3,23.4,47.0,4.1,108.1,238.5,3.6,51.0,0.1,-0.14,1.11,synthetic_demo_feed
ap_gnr_tenali,2023-07-22,0.3,34.1,23.9,42.4,4.0,105.3,245.5,3.5,46.5,0.1,-0.14,1.11,synthetic_demo_feed
ap_gnr_tenali,2023-07-23,0.6,33.9,22.3,45.9,3.8,112.6,250.4,3.3,42.0,0.1,-0.14,1.11,synthetic_demo_feed
ap_gnr_tenali,2023-07-24,0.5,33.6,22.0,48.3,5.1,128.4,242.3,4.4,37.5,0.1,-0.14,1.11,synthetic_demo_feed
ap_gnr_tenali,2023-07-25,0.7,34.9,23.3,42.9,3.0,100.0,246.5,2.6,33.0,0.1,-0.14,1.11,synthetic_demo_feed
ap_gnr_tenali,2023-07-26,0.1,32.7,23.5,47.3,4.3,120.5,242.3,3.7,28.5,0.1,-0.14,1.11,synthetic_demo_feed
ap_gnr_tenali,2023-07-27,0.6,34.6,23.0,44.3,3.4,93.4,236.3,3.0,24.0,0.1,-0.14,1.11,synthetic_demo_feed
ap_gnr_tenali,2023-07-28,0.5,35.4,22.0,47.0,3.8,109.1,256.3,3.3,20.0,0.1,-0.14,1.11,synthetic_demo_feed
ap_gnr_tenali,2023-07-29,0.0,32.8,22.4,78.9,7.5,228.9,184.6,6.5,48.6,0.1,-0.14,1.11,synthetic_demo_feed
ap_gnr_tenali,2023-07-30,0.0,35.4,23.6,67.8,7.8,243.7,197.8,6.8,57.1,0.1,-0.14,1.11,synthetic_demo_feed
ap_gnr_tenali,2023-07-31,0.0,33.8,23.3,84.8,11.0,217.4,212.9,9.6,63.5,0.1,-0.14,1.11,synthetic_demo_feed
ap_gnr_tenali,2023-08-01,0.0,33.9,22.6,82.1,8.4,236.7,206.3,7.3,61.4,0.1,-0.14,1.11,synthetic_demo_feed
ap_gnr_tenali,2023-08-02,0.0,32.8,22.8,74.0,10.9,227.0,199.7,9.5,65.9,0.1,-0.14,1.11,synthetic_demo_feed
ap_gnr_tenali,2023-08-03,12.8,33.3,23.2,72.0,7.5,211.7,202.6,6.5,64.4,0.1,-0.14,1.11,synthetic_demo_feed
ap_gnr_tenali,2023-08-04,0.0,35.4,22.7,81.6,9.9,244.2,218.5,8.6,53.3,0.1,-0.14,1.11,synthetic_demo_feed
ap_gnr_tenali,2023-08-05,0.0,34.5,22.7,74.0,11.2,238.8,194.0,9.7,46.9,0.1,-0.14,1.11,synthetic_demo_feed
ap_gnr_tenali,2023-08-06,18.6,30.9,23.8,82.5,9.0,235.8,211.5,7.8,54.1,0.1,-0.14,1.11,synthetic_demo_feed
ap_gnr_tenali,2023-08-07,13.1,32.1,22.3,86.3,10.5,223.0,206.4,9.1,68.3,0.1,-0.14,1.11,synthetic_demo_feed
ap_gnr_tenali,2023-08-08,0.0,35.1,22.3,74.3,10.7,213.9,193.9,9.3,46.3,0.1,-0.14,1.11,synthetic_demo_feed
ap_gnr_tenali,2023-08-09,23.5,31.2,22.5,87.6,11.4,246.0,199.1,9.9,69.3,0.1,-0.14,1.11,synthetic_demo_feed
ap_gnr_tenali,2023-08-10,22.6,29.5,23.7,66.5,9.7,212.9,210.2,8.4,63.4,0.1,-0.14,1.11,synthetic_demo_feed
ap_gnr_tenali,2023-08-11,0.0,34.6,22.8,86.2,11.8,249.6,204.3,10.3,54.6,0.1,-0.14,1.11,synthetic_demo_feed
ap_gnr_tenali,2023-08-12,0.0,33.1,22.3,75.1,8.7,242.6,188.0,7.6,53.6,0.1,-0.14,1.11,synthetic_demo_feed
ap_gnr_tenali,2023-08-13,0.0,33.1,23.6,79.5,10.5,245.7,187.7,9.1,65.1,0.1,-0.14,1.11,synthetic_demo_feed
ap_gnr_tenali,2023-08-14,11.7,33.5,23.3,69.3,7.8,229.8,201.9,6.8,66.9,0.1,-0.14,1.11,synthetic_demo_feed
ap_gnr_tenali,2023-08-15,0.0,34.2,22.3,73.1,9.9,212.7,202.8,8.6,63.6,0.1,-0.14,1.11,synthetic_demo_feed
ap_gnr_tenali,2023-08-16,11.0,31.2,22.5,83.0,7.9,234.1,182.8,6.9,53.9,0.1,-0.14,1.11,synthetic_demo_feed
ap_gnr_tenali,2023-08-17,7.5,31.6,23.7,70.8,12.3,248.7,217.6,10.7,66.1,0.1,-0.14,1.11,synthetic_demo_feed
ap_gnr_tenali,2023-08-18,15.4,30.4,23.4,76.5,12.3,214.4,214.1,10.7,57.0,0.1,-0.14,1.11,synthetic_demo_feed
ap_gnr_tenali,2023-08-19,0.0,33.3,22.7,65.7,8.9,240.6,216.7,7.7,55.1,0.1,-0.14,1.11,synthetic_demo_feed
ap_gnr_tenali,2023-08-20,14.8,31.0,22.1,80.3,12.3,247.9,209.4,10.7,71.3,0.1,-0.14,1.11,synthetic_demo_feed
ap_gnr_tenali,2023-08-21,0.0,35.3,23.2,65.8,11.4,234.5,208.1,9.9,74.4,0.1,-0.14,1.11,synthetic_demo_feed
ap_gnr_tenali,2023-08-22,14.9,31.8,23.3,66.0,8.9,227.3,217.9,7.7,46.1,0.1,-0.14,1.11,synthetic_demo_feed
ap_gnr_tenali,2023-08-23,21.6,31.7,23.1,66.3,7.6,244.4,218.9,6.6,68.2,0.1,-0.14,1.11,synthetic_demo_feed
ap_gnr_tenali,2023-08-24,0.0,34.6,22.9,66.2,10.3,227.1,209.5,9.0,68.0,0.1,-0.14,1.11,synthetic_demo_feed
ap_gnr_tenali,2023-08-25,12.4,31.9,22.1,73.5,12.5,219.3,215.9,10.9,50.8,0.1,-0.14,1.11,synthetic_demo_feed
ap_gnr_tenali,2023-08-26,0.0,34.2,24.0,85.4,11.4,210.6,189.1,9.9,68.8,0.1,-0.14,1.11,synthetic_demo_feed
ap_gnr_tenali,2023-08-27,0.0,32.6,22.7,67.9,7.8,236.2,212.5,6.8,50.4,0.1,-0.14,1.11,synthetic_demo_feed
ap_gnr_tenali,2023-08-28,9.1,31.9,23.1,67.8,10.0,229.8,204.2,8.7,47.3,0.1,-0.14,1.11,synthetic_demo_feed
ap_gnr_tenali,2023-08-29,0.0,35.3,23.6,70.1,12.2,221.7,194.3,10.6,66.4,0.1,-0.14,1.11,synthetic_demo_feed
ap_gnr_tenali,2023-08-30,0.0,32.7,23.8,81.0,8.9,238.2,201.1,7.7,60.1,0.1,-0.14,1.11,synthetic_demo_feed
ap_gnr_tenali,2023-08-31,0.0,33.2,23.5,68.2,8.5,218.4,191.2,7.4,74.3,0.1,-0.14,1.11,synthetic_demo_feed
ap_gnr_tenali,2023-09-01,20.9,30.7,22.2,81.1,12.5,230.0,185.7,10.9,64.5,0.1,-0.14,1.11,synthetic_demo_feed
ap_gnr_tenali,2023-09-02,8.8,33.0,23.0,66.9,11.7,244.5,195.4,10.2,53.4,0.1,-0.14,1.11,synthetic_demo_feed
ap_gnr_tenali,2023-09-03,3.5,32.9,23.1,74.9,8.4,223.9,188.2,7.3,46.6,0.1,-0.14,1.11,synthetic_demo_feed
ap_gnr_tenali,2023-09-04,16.2,31.8,23.5,85.9,12.3,223.6,215.7,10.7,69.3,0.1,-0.14,1.11,synthetic_demo_feed
ap_gnr_tenali,2023-09-05,0.0,32.7,22.2,81.8,9.7,225.5,197.4,8.4,67.1,0.1,-0.14,1.11,synthetic_demo_feed
ap_gnr_tenali,2023-09-06,0.0,34.2,23.1,86.6,12.0,230.8,207.1,10.4,58.9,0.1,-0.14,1.11,synthetic_demo_feed
ap_gnr_tenali,2023-09-07,11.1,33.2,23.9,68.0,12.3,213.4,209.8,10.7,45.5,0.1,-0.14,1.11,synthetic_demo_feed
ap_gnr_tenali,2023-09-08,14.7,32.3,23.6,79.2,9.5,242.4,193.5,8.3,55.9,0.1,-0.14,1.11,synthetic_demo_feed
ap_gnr_tenali,2023-09-09,0.0,33.0,22.9,72.4,10.5,227.6,185.0,9.1,52.9,0.1,-0.14,1.11,synthetic_demo_feed
ap_gnr_tenali,2023-09-10,0.0,32.7,23.9,84.4,10.0,221.1,218.6,8.7,51.5,0.1,-0.14,1.11,synthetic_demo_feed
ap_gnr_tenali,2023-09-11,0.0,33.3,23.7,69.1,7.8,215.1,192.6,6.8,68.0,0.1,-0.14,1.11,synthetic_demo_feed
ap_gnr_tenali,2023-09-12,0.0,32.6,23.4,66.1,10.7,244.4,185.9,9.3,48.4,0.1,-0.14,1.11,synthetic_demo_feed
ap_gnr_tenali,2023-09-13,0.0,33.3,22.5,66.4,11.2,237.1,181.7,9.7,66.4,0.1,-0.14,1.11,synthetic_demo_feed
ap_gnr_tenali,2023-09-14,0.0,32.7,22.9,78.8,11.2,230.4,194.1,9.7,55.5,0.1,-0.14,1.11,synthetic_demo_feed
ap_gnr_tenali,2023-09-15,9.8,33.7,22.3,74.6,11.7,223.1,194.9,10.2,64.3,0.1,-0.14,1.11,synthetic_demo_feed
ap_gnr_tenali,2023-09-16,0.0,35.4,23.2,80.0,9.5,216.4,193.4,8.3,59.1,0.1,-0.14,1.11,synthetic_demo_feed
ap_gnr_tenali,2023-09-17,23.4,30.5,23.6,79.0,7.6,230.3,216.5,6.6,69.2,0.1,-0.14,1.11,synthetic_demo_feed
ap_gnr_tenali,2023-09-18,0.0,34.7,22.8,84.1,8.6,249.9,193.8,7.5,46.0,0.1,-0.14,1.11,synthetic_demo_feed
ap_gnr_tenali,2023-09-19,4.2,33.5,22.8,76.6,8.6,239.3,217.4,7.5,62.2,0.1,-0.14,1.11,synthetic_demo_feed
ap_gnr_tenali,2023-09-20,0.0,33.8,22.5,75.9,7.7,243.4,201.1,6.7,60.7,0.1,-0.14,1.11,synthetic_demo_feed
ap_gnr_tenali,2023-09-21,8.0,33.5,22.2,73.3,11.5,219.6,189.7,10.0,58.7,0.1,-0.14,1.11,synthetic_demo_feed
ap_gnr_tenali,2023-09-22,0.0,35.2,23.3,73.1,9.3,234.2,215.2,8.1,60.2,0.1,-0.14,1.11,synthetic_demo_feed
ap_gnr_tenali,2023-09-23,11.9,33.0,22.8,67.9,11.7,233.4,202.8,10.2,61.1,0.1,-0.14,1.11,synthetic_demo_feed
ap_gnr_tenali,2023-09-24,8.4,34.2,23.2,66.9,9.1,235.3,191.5,7.9,57.6,0.1,-0.14,1.11,synthetic_demo_feed
ap_gnr_tenali,2023-09-25,0.0,33.3,23.1,65.4,12.0,247.2,216.0,10.4,48.6,0.1,-0.14,1.11,synthetic_demo_feed
ap_gnr_tenali,2023-09-26,0.0,35.5,22.3,74.9,7.7,244.7,185.1,6.7,65.7,0.1,-0.14,1.11,synthetic_demo_feed
ap_gnr_tenali,2023-09-27,0.0,34.6,22.2,74.3,9.3,245.9,216.2,8.1,61.7,0.1,-0.14,1.11,synthetic_demo_feed
ap_gnr_tenali,2023-09-28,0.0,34.7,22.7,87.9,10.7,228.0,203.7,9.3,46.4,0.1,-0.14,1.11,synthetic_demo_feed
ap_gnr_tenali,2023-09-29,12.6,31.2,23.5,76.0,9.0,246.7,213.4,7.8,49.0,0.1,-0.14,1.11,synthetic_demo_feed
ap_gnr_tenali,2023-09-30,0.0,34.4,22.8,78.7,12.1,227.5,183.4,10.5,56.1,0.1,-0.14,1.11,synthetic_demo_feed
ap_gnr_tenali,2023-10-01,0.0,33.5,23.1,41.9,6.7,133.8,240.6,5.8,26.8,0.1,-0.14,1.11,synthetic_demo_feed
ap_gnr_tenali,2023-10-02,0.0,33.0,22.3,46.5,4.9,128.8,249.5,4.3,27.1,0.1,-0.14,1.11,synthetic_demo_feed
ap_gnr_tenali,2023-10-03,0.0,34.3,22.2,50.4,4.1,97.1,254.6,3.6,31.2,0.1,-0.14,1.11,synthetic_demo_feed
ap_gnr_tenali,2023-10-04,1.4,35.3,23.5,45.8,6.6,135.5,235.4,5.7,36.7,0.1,-0.14,1.11,synthetic_demo_feed
ap_gnr_tenali,2023-10-05,0.0,32.6,23.8,56.8,4.1,137.6,224.9,3.6,34.1,0.1,-0.14,1.11,synthetic_demo_feed
ap_gnr_tenali,2023-10-06,0.0,33.1,23.9,56.7,3.4,114.3,248.0,3.0,22.4,0.1,-0.14,1.11,synthetic_demo_feed
ap_gnr_tenali,2023-10-07,0.0,34.6,23.7,45.9,6.3,106.7,238.2,5.5,23.8,0.1,-0.14,1.11,synthetic_demo_feed
ap_gnr_tenali,2023-10-08,0.0,32.8,22.7,59.9,6.4,84.7,229.2,5.6,33.7,0.1,-0.14,1.11,synthetic_demo_feed
ap_gnr_tenali,2023-10-09,0.0,34.4,23.0,50.1,4.6,126.6,245.5,4.0,26.4,0.1,-0.14,1.11,synthetic_demo_feed
ap_gnr_tenali,2023-10-10,0.0,34.9,22.6,48.7,6.7,130.5,231.0,5.8,36.9,0.1,-0.14,1.11,synthetic_demo_feed
ap_gnr_tenali,2023-10-11,0.0,32.9,22.8,52.7,3.6,136.6,250.7,3.1,22.1,0.1,-0.14,1.11,synthetic_demo_feed
ap_gnr_tenali,2023-10-12,0.0,33.3,22.4,56.3,4.0,132.6,229.3,3.5,33.7,0.1,-0.14,1.11,synthetic_demo_feed
ap_gnr_tenali,2023-10-13,0.0,34.2,22.4,40.1,6.0,90.7,250.0,5.2,23.1,0.1,-0.14,1.11,synthetic_demo_feed
ap_gnr_tenali,2023-10-14,0.0,34.0,23.3,51.7,4.7,90.8,229.2,4.1,32.2,0.1,-0.14,1.11,synthetic_demo_feed
ap_gnr_tenali,2023-10-15,0.0,33.7,22.7,49.7,4.5,108.9,228.1,3.9,34.7,0.1,-0.14,1.11,synthetic_demo_feed
ap_gnr_tenali,2023-10-16,0.6,33.4,23.3,45.7,6.1,86.9,250.8,5.3,37.5,0.1,-0.14,1.11,synthetic_demo_feed
ap_gnr_tenali,2023-10-17,0.0,34.8,23.0,53.9,3.8,128.3,231.2,3.3,33.3,0.1,-0.14,1.11,synthetic_demo_feed
ap_gnr_tenali,2023-10-18,0.0,35.2,23.6,45.8,4.3,83.6,234.4,3.7,30.1,0.1,-0.14,1.11,synthetic_demo_feed
ap_gnr_tenali,2023-10-19,0.0,33.7,23.8,47.8,4.6,96.1,229.2,4.0,29.1,0.1,-0.14,1.11,synthetic_demo_feed
ap_gnr_tenali,2023-10-20,0.0,34.2,22.3,46.2,6.3,92.4,231.9,5.5,28.6,0.1,-0.14,1.11,synthetic_demo_feed
ap_gnr_tenali,2023-10-21,0.0,32.6,23.4,46.6,5.5,128.1,253.2,4.8,31.7,0.1,-0.14,1.11,synthetic_demo_feed
ap_gnr_tenali,2023-10-22,3.5,33.5,22.7,51.1,6.1,91.9,251.9,5.3,32.5,0.1,-0.14,1.11,synthetic_demo_feed
ap_gnr_tenali,2023-10-23,0.0,35.2,22.7,44.6,6.4,92.9,238.7,5.6,34.8,0.1,-0.14,1.11,synthetic_demo_feed
ap_gnr_tenali,2023-10-24,0.0,32.8,22.8,40.4,3.6,109.1,252.9,3.1,37.0,0.1,-0.14,1.11,synthetic_demo_feed
ap_gnr_tenali,2023-10-25,0.0,33.3,22.2,55.4,4.3,127.0,230.6,3.7,26.0,0.1,-0.14,1.11,synthetic_demo_feed
ap_gnr_tenali,2023-10-26,0.0,32.7,23.4,45.4,6.0,125.7,224.6,5.2,23.4,0.1,-0.14,1.11,synthetic_demo_feed
ap_gnr_tenali,2023-10-27,0.0,34.7,23.6,52.1,6.3,91.7,220.5,5.5,24.4,0.1,-0.14,1.11,synthetic_demo_feed
ap_gnr_tenali,2023-10-28,0.0,33.3,22.4,50.2,4.6,95.9,230.9,4.0,22.4,0.1,-0.14,1.11,synthetic_demo_feed
ap_gnr_tenali,2023-10-29,0.0,34.2,23.0,41.9,4.5,134.5,236.5,3.9,37.5,0.1,-0.14,1.11,synthetic_demo_feed
ap_gnr_tenali,2023-10-30,0.0,33.6,23.1,49.9,3.6,86.5,228.6,3.1,28.3,0.1,-0.14,1.11,synthetic_demo_feed
ap_gnr_tenali,2023-10-31,0.0,34.2,23.3,44.6,4.8,99.9,254.1,4.2,27.9,0.1,-0.14,1.11,synthetic_demo_feed
ap_gnr_tenali,2024-05-01,0.0,34.0,22.5,43.4,3.8,88.5,254.2,3.3,35.8,0.1,-0.14,1.11,synthetic_demo_feed
ap_gnr_tenali,2024-05-02,0.0,34.8,22.5,51.3,6.0,98.7,236.6,5.2,25.7,0.1,-0.14,1.11,synthetic_demo_feed
ap_gnr_tenali,2024-05-03,0.0,32.5,23.4,51.3,4.6,125.3,225.3,4.0,28.5,0.1,-0.14,1.11,synthetic_demo_feed
ap_gnr_tenali,2024-05-04,0.0,34.6,23.0,53.0,4.5,131.5,239.1,3.9,27.1,0.1,-0.14,1.11,synthetic_demo_feed
ap_gnr_tenali,2024-05-05,0.0,34.8,22.3,54.0,3.8,124.9,222.9,3.3,28.0,0.1,-0.14,1.11,synthetic_demo_feed
ap_gnr_tenali,2024-05-06,0.0,33.0,23.6,40.8,6.8,109.2,235.3,5.9,28.8,0.1,-0.14,1.11,synthetic_demo_feed
ap_gnr_tenali,2024-05-07,0.0,33.4,23.8,45.9,4.8,120.6,239.1,4.2,29.0,0.1,-0.14,1.11,synthetic_demo_feed
ap_gnr_tenali,2024-05-08,0.0,34.1,22.4,53.0,4.7,116.8,241.5,4.1,24.3,0.1,-0.14,1.11,synthetic_demo_feed
ap_gnr_tenali,2024-05-09,0.0,35.3,23.4,49.3,4.4,131.1,238.2,3.8,37.0,0.1,-0.14,1.11,synthetic_demo_feed
ap_gnr_tenali,2024-05-10,2.6,32.3,24.0,48.3,3.4,98.7,249.0,3.0,24.4,0.1,-0.14,1.11,synthetic_demo_feed
ap_gnr_tenali,2024-05-11,0.0,33.9,22.3,46.6,5.3,101.0,244.3,4.6,23.0,0.1,-0.14,1.11,synthetic_demo_feed
ap_gnr_tenali,2024-05-12,0.0,35.0,23.7,58.6,5.6,115.1,227.9,4.9,26.4,0.1,-0.14,1.11,synthetic_demo_feed
ap_gnr_tenali,2024-05-13,0.0,34.5,22.2,45.1,4.8,89.1,241.9,4.2,30.7,0.1,-0.14,1.11,synthetic_demo_feed
ap_gnr_tenali,2024-05-14,0.0,34.3,23.5,42.0,4.4,99.8,229.8,3.8,34.8,0.1,-0.14,1.11,synthetic_demo_feed
ap_gnr_tenali,2024-05-15,0.0,34.5,22.9,56.1,4.4,90.1,240.7,3.8,35.9,0.1,-0.14,1.11,synthetic_demo_feed
ap_gnr_tenali,2024-05-16,0.0,33.0,23.7,56.1,3.8,99.4,254.6,3.3,24.3,0.1,-0.14,1.11,synthetic_demo_feed
ap_gnr_tenali,2024-05-17,0.0,33.5,23.0,48.8,5.2,87.0,221.8,4.5,32.6,0.1,-0.14,1.11,synthetic_demo_feed
ap_gnr_tenali,2024-05-18,0.0,34.1,23.1,49.5,4.8,133.0,233.2,4.2,27.0,0.1,-0.14,1.11,synthetic_demo_feed
ap_gnr_tenali,2024-05-19,0.0,35.0,23.1,56.7,6.7,109.4,253.4,5.8,33.4,0.1,-0.14,1.11,synthetic_demo_feed
ap_gnr_tenali,2024-05-20,0.0,32.6,22.7,48.7,5.4,108.0,244.0,4.7,27.6,0.1,-0.14,1.11,synthetic_demo_feed
ap_gnr_tenali,2024-05-21,0.0,35.3,22.8,51.2,4.1,90.7,245.5,3.6,38.0,0.1,-0.14,1.11,synthetic_demo_feed
ap_gnr_tenali,2024-05-22,0.0,33.4,22.2,50.5,4.9,102.1,220.4,4.3,22.1,0.1,-0.14,1.11,synthetic_demo_feed
ap_gnr_tenali,2024-05-23,0.0,33.9,22.1,40.7,5.5,121.7,252.3,4.8,26.4,0.1,-0.14,1.11,synthetic_demo_feed
ap_gnr_tenali,2024-05-24,0.0,35.3,24.0,56.5,6.8,117.9,241.9,5.9,35.8,0.1,-0.14,1.11,synthetic_demo_feed
ap_gnr_tenali,2024-05-25,0.0,32.6,22.1,55.0,6.4,133.7,236.6,5.6,34.9,0.1,-0.14,1.11,synthetic_demo_feed
ap_gnr_tenali,2024-05-26,0.0,35.0,22.1,42.6,6.4,118.2,245.8,5.6,28.7,0.1,-0.14,1.11,synthetic_demo_feed
ap_gnr_tenali,2024-05-27,0.5,32.5,23.7,43.9,6.9,130.9,239.0,6.0,31.8,0.1,-0.14,1.11,synthetic_demo_feed
ap_gnr_tenali,2024-05-28,0.0,34.0,23.9,51.7,6.6,104.2,244.8,5.7,37.1,0.1,-0.14,1.11,synthetic_demo_feed
ap_gnr_tenali,2024-05-29,0.0,34.7,22.2,56.5,3.7,106.6,243.4,3.2,30.0,0.1,-0.14,1.11,synthetic_demo_feed
ap_gnr_tenali,2024-05-30,0.0,35.0,22.0,43.5,5.2,96.4,227.0,4.5,33.9,0.1,-0.14,1.11,synthetic_demo_feed
ap_gnr_tenali,2024-05-31,0.0,33.9,22.2,53.9,5.4,85.4,232.0,4.7,31.1,0.1,-0.14,1.11,synthetic_demo_feed
ap_gnr_tenali,2024-06-01,0.0,34.9,22.4,87.2,10.6,225.0,187.4,9.2,68.0,0.1,-0.14,1.11,synthetic_demo_feed
ap_gnr_tenali,2024-06-02,18.8,30.3,23.5,79.8,11.8,215.3,189.9,10.3,72.0,0.1,-0.14,1.11,synthetic_demo_feed
ap_gnr_tenali,2024-06-03,18.4,30.3,23.8,72.3,8.2,217.1,187.1,7.1,51.8,0.1,-0.14,1.11,synthetic_demo_feed
ap_gnr_tenali,2024-06-04,18.2,31.7,22.9,78.3,10.0,235.2,190.6,8.7,55.5,0.1,-0.14,1.11,synthetic_demo_feed
ap_gnr_tenali,2024-06-05,0.0,33.1,23.4,73.9,11.8,223.9,181.5,10.3,61.1,0.1,-0.14,1.11,synthetic_demo_feed
ap_gnr_tenali,2024-06-06,0.0,35.0,23.6,81.1,8.5,213.6,211.9,7.4,60.1,0.1,-0.14,1.11,synthetic_demo_feed
ap_gnr_tenali,2024-06-07,0.0,34.5,22.4,65.7,9.9,215.6,190.3,8.6,48.5,0.1,-0.14,1.11,synthetic_demo_feed
ap_gnr_tenali,2024-06-08,27.3,28.5,23.4,88.8,12.2,235.2,173.0,10.6,56.0,0.1,-0.14,1.11,synthetic_demo_feed
ap_gnr_tenali,2024-06-09,34.6,29.3,22.2,85.0,12.4,246.5,160.3,10.8,62.0,0.1,-0.14,1.11,synthetic_demo_feed
ap_gnr_tenali,2024-06-10,20.0,31.9,22.9,80.3,10.9,233.0,176.3,9.5,68.0,0.1,-0.14,1.11,synthetic_demo_feed
ap_gnr_tenali,2024-06-11,23.3,30.1,22.7,83.8,15.1,237.1,174.0,13.1,74.0,0.1,-0.14,1.11,synthetic_demo_feed
ap_gnr_tenali,2024-06-12,19.8,32.2,23.0,91.4,15.3,226.8,194.0,13.3,80.0,0.1,-0.14,1.11,synthetic_demo_feed
ap_gnr_tenali,2024-06-13,0.0,35.3,23.8,65.7,9.5,248.6,218.2,8.3,60.4,0.1,-0.14,1.11,synthetic_demo_feed
ap_gnr_tenali,2024-06-14,0.0,33.5,23.9,82.3,12.5,248.8,187.9,10.9,48.9,0.1,-0.14,1.11,synthetic_demo_feed
ap_gnr_tenali,2024-06-15,19.7,30.0,23.8,68.8,9.9,222.1,212.1,8.6,45.0,0.1,-0.14,1.11,synthetic_demo_feed
ap_gnr_tenali,2024-06-16,7.8,33.9,22.7,70.6,7.9,229.1,188.1,6.9,65.5,0.1,-0.14,1.11,synthetic_demo_feed
ap_gnr_tenali,2024-06-17,13.1,33.0,23.4,86.0,11.0,240.5,207.5,9.6,65.1,0.1,-0.14,1.11,synthetic_demo_feed
ap_gnr_tenali,2024-06-18,5.4,34.1,23.5,82.8,8.2,227.0,210.5,7.1,71.9,0.1,-0.14,1.11,synthetic_demo_feed
ap_gnr_tenali,2024-06-19,4.1,33.7,23.5,78.5,11.3,224.8,199.5,9.8,51.7,0.1,-0.14,1.11,synthetic_demo_feed
ap_gnr_tenali,2024-06-20,21.0,29.8,22.4,86.0,11.4,218.4,204.4,9.9,64.4,0.1,-0.14,1.11,synthetic_demo_feed
ap_gnr_tenali,2024-06-21,10.1,33.4,22.1,71.6,9.7,248.3,206.2,8.4,56.6,0.1,-0.14,1.11,synthetic_demo_feed
ap_gnr_tenali,2024-06-22,6.2,33.6,22.2,75.7,11.8,244.5,207.3,10.3,47.5,0.1,-0.14,1.11,synthetic_demo_feed
ap_gnr_tenali,2024-06-23,0.0,33.9,23.0,78.2,9.1,248.4,180.5,7.9,56.5,0.1,-0.14,1.11,synthetic_demo_feed
ap_gnr_tenali,2024-06-24,19.9,31.9,22.9,79.6,8.9,224.9,192.1,7.7,63.1,0.1,-0.14,1.11,synthetic_demo_feed
ap_gnr_tenali,2024-06-25,0.0,35.4,23.1,73.4,10.2,225.3,193.4,8.9,68.6,0.1,-0.14,1.11,synthetic_demo_feed
ap_gnr_tenali,2024-06-26,0.0,33.1,23.6,86.5,9.2,239.1,186.0,8.0,62.7,0.1,-0.14,1.11,synthetic_demo_feed
ap_gnr_tenali,2024-06-27,0.0,33.6,23.8,67.8,9.0,237.5,181.9,7.8,59.7,0.1,-0.14,1.11,synthetic_demo_feed
ap_gnr_tenali,2024-06-28,10.1,32.1,22.0,77.5,11.7,223.0,191.8,10.2,50.4,0.1,-0.14,1.11,synthetic_demo_feed
ap_gnr_tenali,2024-06-29,0.0,33.2,22.2,65.8,9.3,213.8,203.8,8.1,67.2,0.1,-0.14,1.11,synthetic_demo_feed
ap_gnr_tenali,2024-06-30,0.0,34.6,22.5,71.3,9.7,243.0,205.3,8.4,74.2,0.1,-0.14,1.11,synthetic_demo_feed
ap_gnr_tenali,2024-07-01,0.0,33.6,22.3,75.5,10.2,249.1,209.3,8.9,47.3,0.1,-0.14,1.11,synthetic_demo_feed
ap_gnr_tenali,2024-07-02,0.0,35.3,23.5,87.5,9.4,226.9,215.3,8.2,47.4,0.1,-0.14,1.11,synthetic_demo_feed
ap_gnr_tenali,2024-07-03,23.9,30.2,22.2,85.3,10.8,217.7,190.3,9.4,70.1,0.1,-0.14,1.11,synthetic_demo_feed
ap_gnr_tenali,2024-07-04,9.3,32.2,22.9,70.6,11.8,240.4,200.6,10.3,69.0,0.1,-0.14,1.11,synthetic_demo_feed
ap_gnr_tenali,2024-07-05,19.3,32.3,23.4,80.4,8.9,220.9,211.1,7.7,63.1,0.1,-0.14,1.11,synthetic_demo_feed
ap_gnr_tenali,2024-07-06,2.9,35.0,22.6,71.1,8.2,218.9,196.6,7.1,63.0,0.1,-0.14,1.11,synthetic_demo_feed
ap_gnr_tenali,2024-07-07,9.8,32.8,23.3,81.4,9.0,223.2,182.5,7.8,69.8,0.1,-0.14,1.11,synthetic_demo_feed
ap_gnr_tenali,2024-07-08,23.4,30.4,23.5,73.0,9.2,218.4,180.5,8.0,58.3,0.1,-0.14,1.11,synthetic_demo_feed
ap_gnr_tenali,2024-07-09,0.0,35.4,23.3,65.7,8.9,232.5,206.9,7.7,70.6,0.1,-0.14,1.11,synthetic_demo_feed
ap_gnr_tenali,2024-07-10,7.2,33.4,22.1,71.7,9.4,235.0,219.4,8.2,54.5,0.1,-0.14,1.11,synthetic_demo_feed
ap_gnr_tenali,2024-07-11,10.4,32.6,23.0,65.5,12.6,219.4,197.3,11.0,74.2,0.1,-0.14,1.11,synthetic_demo_feed
ap_gnr_tenali,2024-07-12,0.0,33.2,24.0,84.5,10.6,232.8,185.3,9.2,47.9,0.1,-0.14,1.11,synthetic_demo_feed
ap_gnr_tenali,2024-07-13,6.1,33.8,22.8,74.2,11.3,234.0,211.1,9.8,57.3,0.1,-0.14,1.11,synthetic_demo_feed
ap_gnr_tenali,2024-07-14,10.7,31.8,23.1,87.1,12.1,225.7,184.2,10.5,67.9,0.1,-0.14,1.11,synthetic_demo_feed
ap_gnr_tenali,2024-07-15,0.0,35.3,22.4,84.0,9.9,221.5,199.8,8.6,58.5,0.1,-0.14,1.11,synthetic_demo_feed
ap_gnr_tenali,2024-07-16,0.0,33.7,23.3,69.0,9.9,249.0,193.4,8.6,72.2,0.1,-0.14,1.11,synthetic_demo_feed
ap_gnr_tenali,2024-07-17,16.8,31.8,23.5,79.3,8.2,247.8,204.8,7.1,75.0,0.1,-0.14,1.11,synthetic_demo_feed
ap_gnr_tenali,2024-07-18,8.1,33.5,23.8,67.1,9.9,236.2,202.8,8.6,56.1,0.1,-0.14,1.11,synthetic_demo_feed
ap_gnr_tenali,2024-07-19,0.0,35.1,22.4,68.7,11.8,247.5,214.5,10.3,56.1,0.1,-0.14,1.11,synthetic_demo_feed
ap_gnr_tenali,2024-07-20,0.7,33.0,22.9,56.3,3.7,94.7,243.1,3.2,55.5,0.1,-0.14,1.11,synthetic_demo_feed
ap_gnr_tenali,2024-07-21,0.5,33.9,22.2,57.6,5.2,116.2,259.7,4.5,51.0,0.1,-0.14,1.11,synthetic_demo_feed
ap_gnr_tenali,2024-07-22,0.3,35.3,22.0,49.4,3.3,81.9,258.0,2.9,46.5,0.1,-0.14,1.11,synthetic_demo_feed
ap_gnr_tenali,2024-07-23,0.5,32.6,22.8,55.8,5.8,95.6,256.7,5.0,42.0,0.1,-0.14,1.11,synthetic_demo_feed
ap_gnr_tenali,2024-07-24,0.6,34.0,22.0,52.4,5.1,108.8,238.0,4.4,37.5,0.1,-0.14,1.11,synthetic_demo_feed
ap_gnr_tenali,2024-07-25,0.6,34.7,22.7,55.2,4.0,123.0,242.3,3.5,33.0,0.1,-0.14,1.11,synthetic_demo_feed
ap_gnr_tenali,2024-07-26,0.4,32.9,22.5,44.0,4.1,129.5,251.2,3.6,28.5,0.1,-0.14,1.11,synthetic_demo_feed
ap_gnr_tenali,2024-07-27,0.6,33.4,23.8,48.6,3.3,127.7,237.8,2.9,24.0,0.1,-0.14,1.11,synthetic_demo_feed
ap_gnr_tenali,2024-07-28,0.2,35.2,23.0,43.2,4.7,94.7,237.4,4.1,20.0,0.1,-0.14,1.11,synthetic_demo_feed
ap_gnr_tenali,2024-07-29,9.1,32.9,23.5,81.1,11.5,215.9,197.8,10.0,62.0,0.1,-0.14,1.11,synthetic_demo_feed
ap_gnr_tenali,2024-07-30,7.5,31.8,23.3,71.7,9.3,229.0,194.8,8.1,73.3,0.1,-0.14,1.11,synthetic_demo_feed
ap_gnr_tenali,2024-07-31,9.1,32.3,23.3,68.4,11.0,211.1,209.7,9.6,53.8,0.1,-0.14,1.11,synthetic_demo_feed
ap_gnr_tenali,2024-08-01,9.3,34.1,22.8,81.6,8.9,234.7,203.4,7.7,67.4,0.1,-0.14,1.11,synthetic_demo_feed
ap_gnr_tenali,2024-08-02,10.2,33.6,23.0,72.2,11.8,216.8,186.2,10.3,56.2,0.1,-0.14,1.11,synthetic_demo_feed
ap_gnr_tenali,2024-08-03,0.0,33.5,22.6,65.3,12.1,219.0,187.0,10.5,73.4,0.1,-0.14,1.11,synthetic_demo_feed
ap_gnr_tenali,2024-08-04,20.0,32.2,23.8,73.2,10.8,243.6,211.6,9.4,58.8,0.1,-0.14,1.11,synthetic_demo_feed
ap_gnr_tenali,2024-08-05,0.0,34.5,22.8,70.3,10.2,214.0,211.3,8.9,51.1,0.1,-0.14,1.11,synthetic_demo_feed
ap_gnr_tenali,2024-08-06,4.0,34.8,22.1,82.0,10.2,232.7,202.1,8.9,71.2,0.1,-0.14,1.11,synthetic_demo_feed
ap_gnr_tenali,2024-08-07,8.3,33.3,22.9,80.0,11.0,211.6,209.6,9.6,52.4,0.1,-0.14,1.11,synthetic_demo_feed
ap_gnr_tenali,2024-08-08,0.0,32.7,23.8,69.4,7.9,230.9,202.1,6.9,69.9,0.1,-0.14,1.11,synthetic_demo_feed
ap_gnr_tenali,2024-08-09,7.6,33.7,22.6,75.7,10.5,235.4,203.4,9.1,61.1,0.1,-0.14,1.11,synthetic_demo_feed
ap_gnr_tenali,2024-08-10,5.1,33.2,23.1,77.5,8.5,233.3,183.3,7.4,51.4,0.1,-0.14,1.11,synthetic_demo_feed
ap_gnr_tenali,2024-08-11,0.0,34.9,23.2,82.9,12.1,228.3,184.5,10.5,50.8,0.1,-0.14,1.11,synthetic_demo_feed
ap_gnr_tenali,2024-08-12,19.5,31.1,23.9,69.1,10.0,222.0,204.1,8.7,60.2,0.1,-0.14,1.11,synthetic_demo_feed
ap_gnr_tenali,2024-08-13,0.0,33.8,24.0,77.9,8.9,247.8,190.0,7.7,54.3,0.1,-0.14,1.11,synthetic_demo_feed
ap_gnr_tenali,2024-08-14,0.0,32.7,22.9,75.8,12.5,222.2,192.8,10.9,49.9,0.1,-0.14,1.11,synthetic_demo_feed
ap_gnr_tenali,2024-08-15,0.0,34.8,23.5,77.4,10.8,218.5,197.7,9.4,50.5,0.1,-0.14,1.11,synthetic_demo_feed
ap_gnr_tenali,2024-08-16,0.0,34.3,23.1,67.4,10.2,216.2,192.8,8.9,54.0,0.1,-0.14,1.11,synthetic_demo_feed
ap_gnr_tenali,2024-08-17,19.7,32.4,24.0,79.0,11.8,236.1,211.4,10.3,49.7,0.1,-0.14,1.11,synthetic_demo_feed
ap_gnr_tenali,2024-08-18,0.0,35.1,22.6,86.5,8.9,215.8,211.2,7.7,59.2,0.1,-0.14,1.11,synthetic_demo_feed
ap_gnr_tenali,2024-08-19,10.5,32.2,23.5,74.8,9.8,226.2,209.8,8.5,56.8,0.1,-0.14,1.11,synthetic_demo_feed
ap_gnr_tenali,2024-08-20,0.0,32.6,23.4,87.4,11.6,218.3,194.1,10.1,68.0,0.1,-0.14,1.11,synthetic_demo_feed
ap_gnr_tenali,2024-08-21,0.0,33.5,23.1,72.4,9.4,218.0,191.8,8.2,68.7,0.1,-0.14,1.11,synthetic_demo_feed
ap_gnr_tenali,2024-08-22,13.8,31.9,23.4,70.6,8.0,228.8,214.3,7.0,54.8,0.1,-0.14,1.11,synthetic_demo_feed
ap_gnr_tenali,2024-08-23,0.0,34.0,22.6,80.8,10.9,234.3,181.8,9.5,72.3,0.1,-0.14,1.11,synthetic_demo_feed
ap_gnr_tenali,2024-08-24,4.8,32.1,22.3,73.5,8.9,240.0,205.6,7.7,72.7,0.1,-0.14,1.11,synthetic_demo_feed
ap_gnr_tenali,2024-08-25,19.9,30.1,22.2,68.5,8.3,219.8,196.6,7.2,54.0,0.1,-0.14,1.11,synthetic_demo_feed
ap_gnr_tenali,2024-08-26,0.0,32.6,23.5,77.2,8.9,212.7,210.5,7.7,53.7,0.1,-0.14,1.11,synthetic_demo_feed
ap_gnr_tenali,2024-08-27,0.0,33.8,23.8,84.6,9.1,217.4,208.5,7.9,72.2,0.1,-0.14,1.11,synthetic_demo_feed
ap_gnr_tenali,2024-08-28,0.0,33.3,23.5,80.6,9.2,210.9,198.4,8.0,66.1,0.1,-0.14,1.11,synthetic_demo_feed
ap_gnr_tenali,2024-08-29,11.7,33.5,23.0,66.1,10.0,210.6,195.9,8.7,60.9,0.1,-0.14,1.11,synthetic_demo_feed
ap_gnr_tenali,2024-08-30,3.2,33.7,23.3,83.2,11.6,239.4,200.2,10.1,59.8,0.1,-0.14,1.11,synthetic_demo_feed
ap_gnr_tenali,2024-08-31,0.0,35.0,22.2,77.2,11.5,246.9,219.0,10.0,69.0,0.1,-0.14,1.11,synthetic_demo_feed
ap_gnr_tenali,2024-09-01,0.0,33.3,22.9,82.6,11.4,245.2,219.7,9.9,57.9,0.1,-0.14,1.11,synthetic_demo_feed
ap_gnr_tenali,2024-09-02,0.0,34.1,23.4,79.9,7.8,242.8,206.0,6.8,55.2,0.1,-0.14,1.11,synthetic_demo_feed
ap_gnr_tenali,2024-09-03,3.0,32.7,22.9,84.0,7.5,220.4,203.0,6.5,45.6,0.1,-0.14,1.11,synthetic_demo_feed
ap_gnr_tenali,2024-09-04,17.7,31.6,22.7,80.3,9.9,245.2,193.1,8.6,68.1,0.1,-0.14,1.11,synthetic_demo_feed
ap_gnr_tenali,2024-09-05,0.0,32.6,23.2,69.7,11.5,243.8,186.1,10.0,50.4,0.1,-0.14,1.11,synthetic_demo_feed
ap_gnr_tenali,2024-09-06,0.0,33.2,22.4,72.5,12.4,222.1,201.6,10.8,54.5,0.1,-0.14,1.11,synthetic_demo_feed
ap_gnr_tenali,2024-09-07,8.6,33.9,22.9,73.2,8.6,243.4,217.5,7.5,49.1,0.1,-0.14,1.11,synthetic_demo_feed
ap_gnr_tenali,2024-09-08,12.5,31.8,22.4,73.7,11.3,225.2,209.8,9.8,58.4,0.1,-0.14,1.11,synthetic_demo_feed
ap_gnr_tenali,2024-09-09,0.0,32.9,23.5,86.0,8.4,214.8,183.7,7.3,66.7,0.1,-0.14,1.11,synthetic_demo_feed
ap_gnr_tenali,2024-09-10,0.0,35.5,23.6,72.3,11.4,224.4,204.2,9.9,50.7,0.1,-0.14,1.11,synthetic_demo_feed
ap_gnr_tenali,2024-09-11,5.0,34.3,22.7,83.5,7.5,247.8,198.3,6.5,57.0,0.1,-0.14,1.11,synthetic_demo_feed
ap_gnr_tenali,2024-09-12,0.0,32.8,23.3,71.9,11.8,225.6,197.4,10.3,75.0,0.1,-0.14,1.11,synthetic_demo_feed
ap_gnr_tenali,2024-09-13,0.0,32.9,22.5,79.9,8.9,232.6,218.1,7.7,54.7,0.1,-0.14,1.11,synthetic_demo_feed
ap_gnr_tenali,2024-09-14,6.0,34.2,23.3,66.4,11.4,224.9,207.8,9.9,69.1,0.1,-0.14,1.11,synthetic_demo_feed
ap_gnr_tenali,2024-09-15,6.0,34.0,22.4,87.2,12.3,245.2,186.9,10.7,67.3,0.1,-0.14,1.11,synthetic_demo_feed
ap_gnr_tenali,2024-09-16,6.2,32.4,22.6,79.4,9.1,241.3,199.9,7.9,72.3,0.1,-0.14,1.11,synthetic_demo_feed
ap_gnr_tenali,2024-09-17,22.5,30.3,23.2,86.0,12.0,231.0,181.4,10.4,46.4,0.1,-0.14,1.11,synthetic_demo_feed
ap_gnr_tenali,2024-09-18,2.8,33.5,24.0,87.7,7.9,244.2,215.9,6.9,48.4,0.1,-0.14,1.11,synthetic_demo_feed
ap_gnr_tenali,2024-09-19,0.0,33.9,23.8,79.6,10.6,215.1,185.4,9.2,54.3,0.1,-0.14,1.11,synthetic_demo_feed
ap_gnr_tenali,2024-09-20,0.0,34.7,23.7,81.5,10.7,217.9,194.6,9.3,59.3,0.1,-0.14,1.11,synthetic_demo_feed
ap_gnr_tenali,2024-09-21,5.4,32.9,23.8,66.9,8.6,214.2,217.7,7.5,47.8,0.1,-0.14,1.11,synthetic_demo_feed
ap_gnr_tenali,2024-09-22,6.7,33.1,23.2,87.4,9.2,245.3,206.4,8.0,65.1,0.1,-0.14,1.11,synthetic_demo_feed
ap_gnr_tenali,2024-09-23,0.0,35.3,22.1,80.2,9.7,246.2,185.3,8.4,62.4,0.1,-0.14,1.11,synthetic_demo_feed
ap_gnr_tenali,2024-09-24,3.6,34.3,22.3,68.3,8.4,222.9,187.9,7.3,46.0,0.1,-0.14,1.11,synthetic_demo_feed
ap_gnr_tenali,2024-09-25,0.0,34.2,22.9,79.5,9.2,218.6,199.4,8.0,69.5,0.1,-0.14,1.11,synthetic_demo_feed
ap_gnr_tenali,2024-09-26,0.0,35.3,22.7,71.4,8.0,245.7,201.8,7.0,68.1,0.1,-0.14,1.11,synthetic_demo_feed
ap_gnr_tenali,2024-09-27,20.7,30.4,23.0,80.3,10.3,212.5,199.5,9.0,65.0,0.1,-0.14,1.11,synthetic_demo_feed
ap_gnr_tenali,2024-09-28,17.0,30.3,23.1,70.2,8.2,221.8,218.6,7.1,58.7,0.1,-0.14,1.11,synthetic_demo_feed
ap_gnr_tenali,2024-09-29,0.0,35.1,23.0,87.6,9.8,225.9,192.3,8.5,47.5,0.1,-0.14,1.11,synthetic_demo_feed
ap_gnr_tenali,2024-09-30,0.0,32.6,23.5,84.3,8.5,224.2,219.9,7.4,51.7,0.1,-0.14,1.11,synthetic_demo_feed
ap_gnr_tenali,2024-10-01,0.0,33.6,22.5,50.5,6.4,136.8,225.3,5.6,34.8,0.1,-0.14,1.11,synthetic_demo_feed
ap_gnr_tenali,2024-10-02,0.0,34.4,23.7,43.3,3.8,125.1,233.1,3.3,32.1,0.1,-0.14,1.11,synthetic_demo_feed
ap_gnr_tenali,2024-10-03,0.0,35.4,23.9,57.2,5.5,97.8,253.0,4.8,26.5,0.1,-0.14,1.11,synthetic_demo_feed
ap_gnr_tenali,2024-10-04,0.0,35.3,22.0,49.4,6.6,95.1,254.0,5.7,24.2,0.1,-0.14,1.11,synthetic_demo_feed
ap_gnr_tenali,2024-10-05,0.0,32.7,22.8,52.3,6.7,88.6,230.9,5.8,37.3,0.1,-0.14,1.11,synthetic_demo_feed
ap_gnr_tenali,2024-10-06,0.0,34.9,23.3,59.0,6.2,103.5,246.8,5.4,25.9,0.1,-0.14,1.11,synthetic_demo_feed
ap_gnr_tenali,2024-10-07,0.0,35.2,22.2,59.3,3.7,124.4,249.2,3.2,26.4,0.1,-0.14,1.11,synthetic_demo_feed
ap_gnr_tenali,2024-10-08,0.0,32.5,22.2,53.4,4.9,98.7,225.3,4.3,34.2,0.1,-0.14,1.11,synthetic_demo_feed
ap_gnr_tenali,2024-10-09,3.1,34.3,22.9,46.0,5.8,84.2,236.5,5.0,24.0,0.1,-0.14,1.11,synthetic_demo_feed
ap_gnr_tenali,2024-10-10,0.0,33.6,23.8,45.4,4.6,86.8,251.9,4.0,37.8,0.1,-0.14,1.11,synthetic_demo_feed
ap_gnr_tenali,2024-10-11,0.0,34.8,22.4,53.8,6.4,86.2,240.5,5.6,34.7,0.1,-0.14,1.11,synthetic_demo_feed
ap_gnr_tenali,2024-10-12,0.0,34.5,23.7,47.3,5.5,137.8,241.1,4.8,35.9,0.1,-0.14,1.11,synthetic_demo_feed
ap_gnr_tenali,2024-10-13,0.0,33.3,22.5,45.6,6.4,110.5,242.3,5.6,33.6,0.1,-0.14,1.11,synthetic_demo_feed
ap_gnr_tenali,2024-10-14,0.0,34.9,22.5,41.7,6.8,109.7,249.3,5.9,23.6,0.1,-0.14,1.11,synthetic_demo_feed
ap_gnr_tenali,2024-10-15,0.0,34.2,23.7,55.6,3.8,102.5,243.3,3.3,33.3,0.1,-0.14,1.11,synthetic_demo_feed
ap_gnr_tenali,2024-10-16,0.0,34.9,23.9,52.0,4.7,114.5,252.4,4.1,31.4,0.1,-0.14,1.11,synthetic_demo_feed
ap_gnr_tenali,2024-10-17,3.8,33.1,23.5,58.1,5.8,100.8,232.6,5.0,28.7,0.1,-0.14,1.11,synthetic_demo_feed
ap_gnr_tenali,2024-10-18,0.0,34.9,23.3,50.5,5.4,126.7,249.8,4.7,37.0,0.1,-0.14,1.11,synthetic_demo_feed
ap_gnr_tenali,2024-10-19,0.0,32.8,23.8,40.5,5.4,128.1,220.9,4.7,37.1,0.1,-0.14,1.11,synthetic_demo_feed
ap_gnr_tenali,2024-10-20,0.0,35.4,22.5,56.4,4.4,106.8,249.7,3.8,27.5,0.1,-0.14,1.11,synthetic_demo_feed
ap_gnr_tenali,2024-10-21,2.3,34.5,23.1,55.9,4.4,99.3,254.7,3.8,25.4,0.1,-0.14,1.11,synthetic_demo_feed
ap_gnr_tenali,2024-10-22,0.0,33.5,23.2,56.9,6.2,124.4,232.2,5.4,35.7,0.1,-0.14,1.11,synthetic_demo_feed
ap_gnr_tenali,2024-10-23,0.0,34.4,22.6,42.0,6.3,109.8,228.0,5.5,33.6,0.1,-0.14,1.11,synthetic_demo_feed
ap_gnr_tenali,2024-10-24,0.0,34.9,23.8,54.1,4.4,125.3,233.4,3.8,27.6,0.1,-0.14,1.11,synthetic_demo_feed
ap_gnr_tenali,2024-10-25,0.0,34.6,23.1,51.6,3.8,125.4,231.3,3.3,36.5,0.1,-0.14,1.11,synthetic_demo_feed
ap_gnr_tenali,2024-10-26,0.0,34.3,23.8,44.0,5.9,104.3,233.9,5.1,23.4,0.1,-0.14,1.11,synthetic_demo_feed
ap_gnr_tenali,2024-10-27,0.0,32.8,23.9,47.9,5.3,128.9,245.1,4.6,36.7,0.1,-0.14,1.11,synthetic_demo_feed
ap_gnr_tenali,2024-10-28,0.0,33.8,22.1,41.6,5.4,112.9,230.3,4.7,38.0,0.1,-0.14,1.11,synthetic_demo_feed
ap_gnr_tenali,2024-10-29,0.0,33.2,22.5,56.7,5.2,118.9,229.6,4.5,37.7,0.1,-0.14,1.11,synthetic_demo_feed
ap_gnr_tenali,2024-10-30,0.0,35.0,22.8,40.4,4.3,113.1,220.4,3.7,31.8,0.1,-0.14,1.11,synthetic_demo_feed
ap_gnr_tenali,2024-10-31,0.0,35.2,24.0,51.6,6.3,124.8,234.4,5.5,32.0,0.1,-0.14,1.11,synthetic_demo_feed
ap_gnr_tenali,2025-05-01,0.0,35.2,23.9,45.3,6.2,99.2,254.4,5.4,27.9,0.1,-0.14,1.11,synthetic_demo_feed
ap_gnr_tenali,2025-05-02,0.0,33.2,23.1,57.2,3.9,87.7,253.5,3.4,37.8,0.1,-0.14,1.11,synthetic_demo_feed
ap_gnr_tenali,2025-05-03,0.0,34.9,23.2,49.5,5.2,123.2,247.4,4.5,27.0,0.1,-0.14,1.11,synthetic_demo_feed
ap_gnr_tenali,2025-05-04,0.0,34.2,22.1,59.7,5.4,117.1,242.6,4.7,29.4,0.1,-0.14,1.11,synthetic_demo_feed
ap_gnr_tenali,2025-05-05,0.0,34.2,22.1,43.4,6.8,100.9,235.3,5.9,31.0,0.1,-0.14,1.11,synthetic_demo_feed
ap_gnr_tenali,2025-05-06,0.0,34.2,23.9,41.3,5.8,123.7,225.2,5.0,33.5,0.1,-0.14,1.11,synthetic_demo_feed
ap_gnr_tenali,2025-05-07,0.0,33.1,22.9,58.9,5.9,112.3,237.2,5.1,37.8,0.1,-0.14,1.11,synthetic_demo_feed
ap_gnr_tenali,2025-05-08,0.0,32.9,23.1,57.5,5.4,120.9,231.6,4.7,37.1,0.1,-0.14,1.11,synthetic_demo_feed
ap_gnr_tenali,2025-05-09,0.0,32.9,24.0,54.2,5.5,116.8,220.2,4.8,27.7,0.1,-0.14,1.11,synthetic_demo_feed
ap_gnr_tenali,2025-05-10,0.0,34.8,22.4,45.0,6.0,90.9,245.6,5.2,31.6,0.1,-0.14,1.11,synthetic_demo_feed
ap_gnr_tenali,2025-05-11,0.0,34.2,23.9,41.8,3.9,103.2,237.3,3.4,37.1,0.1,-0.14,1.11,synthetic_demo_feed
ap_gnr_tenali,2025-05-12,0.0,33.6,23.4,46.9,3.9,132.7,244.4,3.4,23.5,0.1,-0.14,1.11,synthetic_demo_feed
ap_gnr_tenali,2025-05-13,0.0,34.4,22.7,44.5,4.8,125.1,226.5,4.2,37.8,0.1,-0.14,1.11,synthetic_demo_feed
ap_gnr_tenali,2025-05-14,0.0,33.6,22.3,59.6,5.5,137.8,220.7,4.8,22.9,0.1,-0.14,1.11,synthetic_demo_feed
ap_gnr_tenali,2025-05-15,0.0,34.2,23.7,40.6,4.8,137.3,220.2,4.2,36.5,0.1,-0.14,1.11,synthetic_demo_feed
ap_gnr_tenali,2025-05-16,0.0,35.1,23.8,44.4,4.0,116.0,241.7,3.5,27.5,0.1,-0.14,1.11,synthetic_demo_feed
ap_gnr_tenali,2025-05-17,0.0,32.9,23.6,57.6,5.9,81.8,251.2,5.1,24.8,0.1,-0.14,1.11,synthetic_demo_feed
ap_gnr_tenali,2025-05-18,2.7,33.0,22.7,56.1,6.7,90.8,253.5,5.8,27.0,0.1,-0.14,1.11,synthetic_demo_feed
ap_gnr_tenali,2025-05-19,0.0,35.3,23.9,52.1,5.2,135.7,251.5,4.5,38.0,0.1,-0.14,1.11,synthetic_demo_feed
ap_gnr_tenali,2025-05-20,0.0,33.5,22.7,42.3,4.9,94.4,233.6,4.3,30.9,0.1,-0.14,1.11,synthetic_demo_feed
ap_gnr_tenali,2025-05-21,0.0,35.3,23.6,47.2,4.8,134.6,226.6,4.2,36.7,0.1,-0.14,1.11,synthetic_demo_feed
ap_gnr_tenali,2025-05-22,0.0,33.5,23.1,50.4,3.8,114.5,249.4,3.3,32.6,0.1,-0.14,1.11,synthetic_demo_feed
ap_gnr_tenali,2025-05-23,0.0,33.8,22.4,44.0,5.3,136.7,233.8,4.6,27.1,0.1,-0.14,1.11,synthetic_demo_feed
ap_gnr_tenali,2025-05-24,0.0,34.2,23.2,40.5,3.7,98.4,235.2,3.2,23.7,0.1,-0.14,1.11,synthetic_demo_feed
ap_gnr_tenali,2025-05-25,0.0,32.6,23.9,54.0,6.1,98.4,247.0,5.3,30.4,0.1,-0.14,1.11,synthetic_demo_feed
ap_gnr_tenali,2025-05-26,0.0,34.1,22.1,52.8,5.3,98.2,251.5,4.6,33.8,0.1,-0.14,1.11,synthetic_demo_feed
ap_gnr_tenali,2025-05-27,0.0,34.7,23.0,56.5,3.7,90.7,253.7,3.2,36.0,0.1,-0.14,1.11,synthetic_demo_feed
ap_gnr_tenali,2025-05-28,0.0,35.2,23.4,42.0,6.6,84.4,244.5,5.7,37.2,0.1,-0.14,1.11,synthetic_demo_feed
ap_gnr_tenali,2025-05-29,0.0,33.1,23.4,40.3,5.6,135.5,227.2,4.9,36.8,0.1,-0.14,1.11,synthetic_demo_feed
ap_gnr_tenali,2025-05-30,1.2,34.8,22.7,59.7,6.3,130.3,248.5,5.5,37.8,0.1,-0.14,1.11,synthetic_demo_feed
ap_gnr_tenali,2025-05-31,0.7,34.1,23.7,57.6,5.8,117.6,228.6,5.0,28.8,0.1,-0.14,1.11,synthetic_demo_feed
ap_gnr_tenali,2025-06-01,22.3,30.4,22.6,80.9,8.9,246.0,209.5,7.7,57.5,0.1,-0.14,1.11,synthetic_demo_feed
ap_gnr_tenali,2025-06-02,0.0,34.6,22.9,79.4,10.6,236.5,199.5,9.2,56.9,0.1,-0.14,1.11,synthetic_demo_feed
ap_gnr_tenali,2025-06-03,16.8,31.0,23.9,76.2,12.2,220.3,184.6,10.6,50.5,0.1,-0.14,1.11,synthetic_demo_feed
ap_gnr_tenali,2025-06-04,0.0,34.2,22.2,77.3,9.5,214.8,217.2,8.3,53.5,0.1,-0.14,1.11,synthetic_demo_feed
ap_gnr_tenali,2025-06-05,0.0,32.9,24.0,77.8,12.4,228.8,215.4,10.8,59.9,0.1,-0.14,1.11,synthetic_demo_feed
ap_gnr_tenali,2025-06-06,7.6,32.1,23.2,82.5,8.4,227.5,213.3,7.3,69.2,0.1,-0.14,1.11,synthetic_demo_feed
ap_gnr_tenali,2025-06-07,15.9,30.7,22.6,82.6,12.3,232.8,181.6,10.7,50.7,0.1,-0.14,1.11,synthetic_demo_feed
ap_gnr_tenali,2025-06-08,36.7,28.0,22.4,93.8,15.8,235.8,171.9,13.7,56.0,0.1,-0.14,1.11,synthetic_demo_feed
ap_gnr_tenali,2025-06-09,22.2,29.7,22.4,81.0,11.6,236.3,165.4,10.1,62.0,0.1,-0.14,1.11,synthetic_demo_feed
ap_gnr_tenali,2025-06-10,23.4,30.6,23.1,83.7,10.2,215.7,190.5,8.9,68.0,0.1,-0.14,1.11,synthetic_demo_feed
ap_gnr_tenali,2025-06-11,37.1,28.5,23.2,86.1,14.1,216.8,162.0,12.3,74.0,0.1,-0.14,1.11,synthetic_demo_feed
ap_gnr_tenali,2025-06-12,36.3,27.8,22.8,81.6,10.7,232.5,173.0,9.3,80.0,0.1,-0.14,1.11,synthetic_demo_feed
ap_gnr_tenali,2025-06-13,0.0,34.2,22.1,70.2,8.0,236.0,210.7,7.0,63.8,0.1,-0.14,1.11,synthetic_demo_feed
ap_gnr_tenali,2025-06-14,0.0,33.8,23.5,71.5,10.8,237.3,217.5,9.4,63.5,0.1,-0.14,1.11,synthetic_demo_feed
ap_gnr_tenali,2025-06-15,0.0,33.0,23.1,75.5,12.5,224.4,193.8,10.9,72.6,0.1,-0.14,1.11,synthetic_demo_feed
ap_gnr_tenali,2025-06-16,16.8,31.1,22.0,88.0,12.5,242.2,187.0,10.9,71.5,0.1,-0.14,1.11,synthetic_demo_feed
ap_gnr_tenali,2025-06-17,12.8,33.1,22.7,70.2,10.2,247.7,208.4,8.9,57.1,0.1,-0.14,1.11,synthetic_demo_feed
ap_gnr_tenali,2025-06-18,11.9,31.7,22.8,73.9,9.8,238.9,209.3,8.5,55.9,0.1,-0.14,1.11,synthetic_demo_feed
ap_gnr_tenali,2025-06-19,7.4,33.2,23.8,85.1,8.5,231.9,187.6,7.4,64.8,0.1,-0.14,1.11,synthetic_demo_feed
ap_gnr_tenali,2025-06-20,0.0,32.8,23.3,69.9,10.8,222.0,196.3,9.4,49.2,0.1,-0.14,1.11,synthetic_demo_feed
ap_gnr_tenali,2025-06-21,0.0,34.2,22.3,66.2,10.7,225.4,211.0,9.3,51.5,0.1,-0.14,1.11,synthetic_demo_feed
ap_gnr_tenali,2025-06-22,0.0,34.5,22.5,81.0,9.8,239.8,187.2,8.5,56.6,0.1,-0.14,1.11,synthetic_demo_feed
ap_gnr_tenali,2025-06-23,0.0,33.7,22.9,83.0,9.5,244.7,186.2,8.3,50.9,0.1,-0.14,1.11,synthetic_demo_feed
ap_gnr_tenali,2025-06-24,23.5,31.6,23.4,79.1,12.3,241.5,192.6,10.7,67.1,0.1,-0.14,1.11,synthetic_demo_feed
ap_gnr_tenali,2025-06-25,2.7,34.8,22.4,84.6,7.7,216.0,214.5,6.7,54.4,0.1,-0.14,1.11,synthetic_demo_feed
ap_gnr_tenali,2025-06-26,21.4,30.7,23.4,78.4,12.2,221.6,194.5,10.6,69.8,0.1,-0.14,1.11,synthetic_demo_feed
ap_gnr_tenali,2025-06-27,15.1,32.1,22.3,74.5,8.3,232.1,216.0,7.2,61.0,0.1,-0.14,1.11,synthetic_demo_feed
ap_gnr_tenali,2025-06-28,0.0,34.5,22.3,85.8,11.0,227.8,219.3,9.6,74.3,0.1,-0.14,1.11,synthetic_demo_feed
ap_gnr_tenali,2025-06-29,0.0,32.6,23.4,73.7,9.4,242.7,185.4,8.2,50.1,0.1,-0.14,1.11,synthetic_demo_feed
ap_gnr_tenali,2025-06-30,0.0,35.3,23.1,85.6,8.4,245.4,203.4,7.3,74.1,0.1,-0.14,1.11,synthetic_demo_feed
ap_gnr_tenali,2025-07-01,0.0,33.7,22.3,68.1,7.8,249.7,215.5,6.8,54.0,0.1,-0.14,1.11,synthetic_demo_feed
ap_gnr_tenali,2025-07-02,0.0,35.3,22.2,72.4,12.4,234.1,206.8,10.8,66.3,0.1,-0.14,1.11,synthetic_demo_feed
ap_gnr_tenali,2025-07-03,0.0,35.1,22.4,74.6,12.1,221.2,180.6,10.5,50.1,0.1,-0.14,1.11,synthetic_demo_feed
ap_gnr_tenali,2025-07-04,0.0,33.2,22.6,85.8,10.0,228.0,216.6,8.7,46.6,0.1,-0.14,1.11,synthetic_demo_feed
ap_gnr_tenali,2025-07-05,3.4,33.6,22.3,75.5,11.4,249.1,210.0,9.9,47.4,0.1,-0.14,1.11,synthetic_demo_feed
ap_gnr_tenali,2025-07-06,0.0,33.6,22.1,73.8,7.6,236.9,209.4,6.6,72.1,0.1,-0.14,1.11,synthetic_demo_feed
ap_gnr_tenali,2025-07-07,0.0,33.7,22.7,84.6,11.6,247.7,193.4,10.1,68.5,0.1,-0.14,1.11,synthetic_demo_feed
ap_gnr_tenali,2025-07-08,0.0,35.3,22.2,71.1,10.0,236.6,202.1,8.7,72.4,0.1,-0.14,1.11,synthetic_demo_feed
ap_gnr_tenali,2025-07-09,13.9,30.6,22.7,83.5,11.6,216.2,184.5,10.1,48.2,0.1,-0.14,1.11,synthetic_demo_feed
ap_gnr_tenali,2025-07-10,0.0,34.9,23.7,65.2,12.0,234.7,211.2,10.4,45.4,0.1,-0.14,1.11,synthetic_demo_feed
ap_gnr_tenali,2025-07-11,16.6,30.3,22.2,85.1,9.9,238.2,214.9,8.6,68.6,0.1,-0.14,1.11,synthetic_demo_feed
ap_gnr_tenali,2025-07-12,19.3,32.0,22.5,86.9,7.9,212.0,183.2,6.9,45.1,0.1,-0.14,1.11,synthetic_demo_feed
ap_gnr_tenali,2025-07-13,9.7,32.9,22.4,69.5,9.9,221.5,201.2,8.6,74.6,0.1,-0.14,1.11,synthetic_demo_feed
ap_gnr_tenali,2025-07-14,0.0,33.0,22.4,69.3,7.8,215.8,214.6,6.8,45.2,0.1,-0.14,1.11,synthetic_demo_feed
ap_gnr_tenali,2025-07-15,0.0,33.1,22.6,81.2,11.0,249.7,218.9,9.6,47.3,0.1,-0.14,1.11,synthetic_demo_feed
ap_gnr_tenali,2025-07-16,16.8,31.3,23.6,76.7,10.6,239.4,203.7,9.2,53.6,0.1,-0.14,1.11,synthetic_demo_feed
ap_gnr_tenali,2025-07-17,0.0,32.7,22.1,70.8,12.5,223.8,206.2,10.9,67.6,0.1,-0.14,1.11,synthetic_demo_feed
ap_gnr_tenali,2025-07-18,0.0,34.6,22.0,66.8,11.7,239.8,204.8,10.2,67.9,0.1,-0.14,1.11,synthetic_demo_feed
ap_gnr_tenali,2025-07-19,15.7,30.3,22.5,80.7,9.3,243.6,216.7,8.1,65.3,0.1,-0.14,1.11,synthetic_demo_feed
ap_gnr_tenali,2025-07-20,0.4,34.7,22.6,50.0,4.3,139.9,253.6,3.7,55.5,0.1,-0.14,1.11,synthetic_demo_feed
ap_gnr_tenali,2025-07-21,0.2,33.9,22.9,47.6,3.0,135.4,249.7,2.6,51.0,0.1,-0.14,1.11,synthetic_demo_feed
ap_gnr_tenali,2025-07-22,0.7,33.8,22.3,56.4,4.3,125.0,259.3,3.7,46.5,0.1,-0.14,1.11,synthetic_demo_feed
ap_gnr_tenali,2025-07-23,0.3,35.4,23.3,47.1,3.2,104.0,235.6,2.8,42.0,0.1,-0.14,1.11,synthetic_demo_feed
ap_gnr_tenali,2025-07-24,0.0,34.3,22.4,44.8,4.8,85.7,254.8,4.2,37.5,0.1,-0.14,1.11,synthetic_demo_feed
ap_gnr_tenali,2025-07-25,0.3,33.6,22.6,42.3,3.8,137.3,238.7,3.3,33.0,0.1,-0.14,1.11,synthetic_demo_feed
ap_gnr_tenali,2025-07-26,0.4,33.7,23.9,53.6,4.3,89.6,240.7,3.7,28.5,0.1,-0.14,1.11,synthetic_demo_feed
ap_gnr_tenali,2025-07-27,0.8,33.3,23.0,43.1,5.6,97.4,236.5,4.9,24.0,0.1,-0.14,1.11,synthetic_demo_feed
ap_gnr_tenali,2025-07-28,0.2,32.5,22.6,48.7,5.2,89.5,258.6,4.5,20.0,0.1,-0.14,1.11,synthetic_demo_feed
ap_gnr_tenali,2025-07-29,0.0,33.3,23.4,67.8,9.7,242.3,207.4,8.4,48.9,0.1,-0.14,1.11,synthetic_demo_feed
ap_gnr_tenali,2025-07-30,0.0,33.8,22.4,66.5,12.5,223.0,194.8,10.9,58.4,0.1,-0.14,1.11,synthetic_demo_feed
ap_gnr_tenali,2025-07-31,22.1,30.8,23.2,87.4,12.2,223.2,192.5,10.6,68.6,0.1,-0.14,1.11,synthetic_demo_feed
ap_gnr_tenali,2025-08-01,5.4,33.5,22.5,87.3,10.7,242.8,192.9,9.3,51.9,0.1,-0.14,1.11,synthetic_demo_feed
ap_gnr_tenali,2025-08-02,0.0,34.8,23.2,76.8,7.6,213.3,198.8,6.6,47.9,0.1,-0.14,1.11,synthetic_demo_feed
ap_gnr_tenali,2025-08-03,0.0,33.8,23.6,87.0,12.1,241.7,204.1,10.5,53.0,0.1,-0.14,1.11,synthetic_demo_feed
ap_gnr_tenali,2025-08-04,5.7,32.6,23.6,70.7,7.8,229.3,213.9,6.8,64.0,0.1,-0.14,1.11,synthetic_demo_feed
ap_gnr_tenali,2025-08-05,8.6,33.7,23.3,78.9,12.5,248.3,192.8,10.9,61.1,0.1,-0.14,1.11,synthetic_demo_feed
ap_gnr_tenali,2025-08-06,0.0,34.9,22.6,81.9,11.3,241.6,184.8,9.8,50.8,0.1,-0.14,1.11,synthetic_demo_feed
ap_gnr_tenali,2025-08-07,20.9,31.3,23.5,68.3,8.9,213.1,180.4,7.7,45.8,0.1,-0.14,1.11,synthetic_demo_feed
ap_gnr_tenali,2025-08-08,0.0,34.3,23.5,79.4,8.3,214.3,216.4,7.2,61.7,0.1,-0.14,1.11,synthetic_demo_feed
ap_gnr_tenali,2025-08-09,8.7,34.1,22.2,68.7,9.8,244.7,208.3,8.5,48.9,0.1,-0.14,1.11,synthetic_demo_feed
ap_gnr_tenali,2025-08-10,0.0,34.4,23.3,81.6,9.1,225.8,194.8,7.9,61.5,0.1,-0.14,1.11,synthetic_demo_feed
ap_gnr_tenali,2025-08-11,21.3,32.0,22.1,78.0,9.0,238.7,181.4,7.8,62.1,0.1,-0.14,1.11,synthetic_demo_feed
ap_gnr_tenali,2025-08-12,3.9,32.6,23.5,77.0,8.3,248.9,182.7,7.2,73.2,0.1,-0.14,1.11,synthetic_demo_feed
ap_gnr_tenali,2025-08-13,11.8,32.7,22.8,77.5,10.0,216.2,210.0,8.7,60.7,0.1,-0.14,1.11,synthetic_demo_feed
ap_gnr_tenali,2025-08-14,0.0,33.3,22.5,67.7,9.8,235.8,212.6,8.5,72.3,0.1,-0.14,1.11,synthetic_demo_feed
ap_gnr_tenali,2025-08-15,0.0,33.2,22.5,70.2,11.8,216.1,182.1,10.3,46.3,0.1,-0.14,1.11,synthetic_demo_feed
ap_gnr_tenali,2025-08-16,0.0,32.6,23.5,82.4,9.2,229.7,200.0,8.0,65.1,0.1,-0.14,1.11,synthetic_demo_feed
ap_gnr_tenali,2025-08-17,0.0,33.1,23.2,65.9,10.3,210.3,207.9,9.0,62.7,0.1,-0.14,1.11,synthetic_demo_feed
ap_gnr_tenali,2025-08-18,0.0,33.1,23.1,85.7,9.4,246.6,203.3,8.2,49.9,0.1,-0.14,1.11,synthetic_demo_feed
ap_gnr_tenali,2025-08-19,0.0,33.1,23.2,76.8,10.3,223.4,191.3,9.0,49.8,0.1,-0.14,1.11,synthetic_demo_feed
ap_gnr_tenali,2025-08-20,8.4,33.2,23.0,65.7,9.0,226.2,184.8,7.8,63.1,0.1,-0.14,1.11,synthetic_demo_feed
ap_gnr_tenali,2025-08-21,3.4,33.7,23.5,85.1,11.3,243.3,212.2,9.8,51.0,0.1,-0.14,1.11,synthetic_demo_feed
ap_gnr_tenali,2025-08-22,0.0,34.4,23.1,73.3,11.7,245.4,215.5,10.2,46.6,0.1,-0.14,1.11,synthetic_demo_feed
ap_gnr_tenali,2025-08-23,14.0,31.9,23.4,69.2,8.6,238.8,192.4,7.5,55.0,0.1,-0.14,1.11,synthetic_demo_feed
ap_gnr_tenali,2025-08-24,0.0,34.3,23.6,86.2,11.4,236.7,195.6,9.9,59.4,0.1,-0.14,1.11,synthetic_demo_feed
ap_gnr_tenali,2025-08-25,0.0,32.7,22.0,65.0,8.0,221.0,183.1,7.0,45.9,0.1,-0.14,1.11,synthetic_demo_feed
ap_gnr_tenali,2025-08-26,12.5,32.6,23.9,67.2,12.4,239.7,209.1,10.8,56.0,0.1,-0.14,1.11,synthetic_demo_feed
ap_gnr_tenali,2025-08-27,8.8,31.6,22.9,65.8,9.0,247.3,206.1,7.8,48.6,0.1,-0.14,1.11,synthetic_demo_feed
ap_gnr_tenali,2025-08-28,0.0,34.9,23.8,79.6,8.0,247.3,216.6,7.0,73.6,0.1,-0.14,1.11,synthetic_demo_feed
ap_gnr_tenali,2025-08-29,5.0,32.6,22.0,85.4,9.8,232.5,209.0,8.5,65.8,0.1,-0.14,1.11,synthetic_demo_feed
ap_gnr_tenali,2025-08-30,18.1,31.1,22.9,73.7,9.5,217.0,188.6,8.3,46.1,0.1,-0.14,1.11,synthetic_demo_feed
ap_gnr_tenali,2025-08-31,22.7,31.3,22.4,85.2,12.4,220.7,206.3,10.8,66.3,0.1,-0.14,1.11,synthetic_demo_feed
ap_gnr_tenali,2025-09-01,0.0,35.5,22.1,80.9,8.4,232.5,218.5,7.3,69.3,0.1,-0.14,1.11,synthetic_demo_feed
ap_gnr_tenali,2025-09-02,0.0,34.7,22.6,83.2,11.2,213.5,202.4,9.7,66.5,0.1,-0.14,1.11,synthetic_demo_feed
ap_gnr_tenali,2025-09-03,21.0,31.0,22.6,85.7,9.4,235.6,201.8,8.2,66.8,0.1,-0.14,1.11,synthetic_demo_feed
ap_gnr_tenali,2025-09-04,15.6,32.2,23.8,82.6,12.5,237.0,194.9,10.9,49.4,0.1,-0.14,1.11,synthetic_demo_feed
ap_gnr_tenali,2025-09-05,24.1,30.8,22.9,68.2,8.7,231.6,183.5,7.6,72.7,0.1,-0.14,1.11,synthetic_demo_feed
ap_gnr_tenali,2025-09-06,0.0,32.9,22.7,86.1,9.2,235.3,215.6,8.0,74.5,0.1,-0.14,1.11,synthetic_demo_feed
ap_gnr_tenali,2025-09-07,0.0,35.0,22.8,87.5,10.5,242.9,214.0,9.1,68.8,0.1,-0.14,1.11,synthetic_demo_feed
ap_gnr_tenali,2025-09-08,0.0,33.3,23.1,77.0,10.2,247.7,219.6,8.9,62.3,0.1,-0.14,1.11,synthetic_demo_feed
ap_gnr_tenali,2025-09-09,0.0,35.0,22.7,76.3,11.5,247.5,207.4,10.0,54.8,0.1,-0.14,1.11,synthetic_demo_feed
ap_gnr_tenali,2025-09-10,0.0,34.8,22.2,73.1,8.6,235.6,212.8,7.5,57.2,0.1,-0.14,1.11,synthetic_demo_feed
ap_gnr_tenali,2025-09-11,0.0,34.9,23.0,69.3,12.1,214.3,213.4,10.5,45.0,0.1,-0.14,1.11,synthetic_demo_feed
ap_gnr_tenali,2025-09-12,4.1,33.5,22.2,74.3,8.7,242.6,218.0,7.6,69.8,0.1,-0.14,1.11,synthetic_demo_feed
ap_gnr_tenali,2025-09-13,3.2,32.8,23.9,82.8,8.4,226.9,184.8,7.3,47.1,0.1,-0.14,1.11,synthetic_demo_feed
ap_gnr_tenali,2025-09-14,11.6,32.0,23.2,73.9,9.1,229.1,207.9,7.9,51.3,0.1,-0.14,1.11,synthetic_demo_feed
ap_gnr_tenali,2025-09-15,0.0,32.6,23.4,65.7,10.0,244.4,181.7,8.7,54.6,0.1,-0.14,1.11,synthetic_demo_feed
ap_gnr_tenali,2025-09-16,14.6,33.2,23.0,79.3,11.0,211.1,183.9,9.6,55.5,0.1,-0.14,1.11,synthetic_demo_feed
ap_gnr_tenali,2025-09-17,13.5,32.6,23.4,77.5,9.9,246.9,216.2,8.6,47.5,0.1,-0.14,1.11,synthetic_demo_feed
ap_gnr_tenali,2025-09-18,0.0,33.4,23.6,87.6,8.7,244.2,210.0,7.6,46.0,0.1,-0.14,1.11,synthetic_demo_feed
ap_gnr_tenali,2025-09-19,11.7,33.6,22.9,84.8,8.2,230.1,180.4,7.1,68.4,0.1,-0.14,1.11,synthetic_demo_feed
ap_gnr_tenali,2025-09-20,0.0,32.6,23.2,86.3,9.4,237.9,207.9,8.2,64.6,0.1,-0.14,1.11,synthetic_demo_feed
ap_gnr_tenali,2025-09-21,0.0,33.5,22.2,68.7,9.0,216.2,216.1,7.8,53.7,0.1,-0.14,1.11,synthetic_demo_feed
ap_gnr_tenali,2025-09-22,0.0,34.9,23.8,65.1,10.0,240.9,188.0,8.7,68.3,0.1,-0.14,1.11,synthetic_demo_feed
ap_gnr_tenali,2025-09-23,6.6,32.8,23.4,84.4,11.0,246.5,193.6,9.6,51.9,0.1,-0.14,1.11,synthetic_demo_feed
ap_gnr_tenali,2025-09-24,5.6,32.8,23.4,77.9,12.4,210.8,209.6,10.8,58.1,0.1,-0.14,1.11,synthetic_demo_feed
ap_gnr_tenali,2025-09-25,0.0,33.3,23.1,67.4,10.8,226.9,207.8,9.4,59.2,0.1,-0.14,1.11,synthetic_demo_feed
ap_gnr_tenali,2025-09-26,8.4,34.0,23.8,74.2,9.3,214.8,217.9,8.1,72.6,0.1,-0.14,1.11,synthetic_demo_feed
ap_gnr_tenali,2025-09-27,15.3,31.0,22.1,87.9,9.8,241.6,206.6,8.5,56.2,0.1,-0.14,1.11,synthetic_demo_feed
ap_gnr_tenali,2025-09-28,11.8,32.8,22.0,68.4,8.6,212.4,202.4,7.5,49.0,0.1,-0.14,1.11,synthetic_demo_feed
ap_gnr_tenali,2025-09-29,0.0,35.1,22.3,78.5,10.9,246.8,184.5,9.5,45.3,0.1,-0.14,1.11,synthetic_demo_feed
ap_gnr_tenali,2025-09-30,0.0,32.8,22.8,75.9,8.4,235.3,212.0,7.3,59.4,0.1,-0.14,1.11,synthetic_demo_feed
ap_gnr_tenali,2025-10-01,0.0,35.1,22.1,42.5,3.9,110.8,248.1,3.4,30.2,0.1,-0.14,1.11,synthetic_demo_feed
ap_gnr_tenali,2025-10-02,0.0,33.6,22.5,55.1,4.3,95.7,239.8,3.7,35.4,0.1,-0.14,1.11,synthetic_demo_feed
ap_gnr_tenali,2025-10-03,2.2,35.0,22.8,40.6,6.1,116.4,250.5,5.3,32.7,0.1,-0.14,1.11,synthetic_demo_feed
ap_gnr_tenali,2025-10-04,0.0,35.2,23.3,52.3,3.9,125.3,246.2,3.4,34.6,0.1,-0.14,1.11,synthetic_demo_feed
ap_gnr_tenali,2025-10-05,0.0,32.6,22.1,55.5,4.5,85.1,241.0,3.9,28.9,0.1,-0.14,1.11,synthetic_demo_feed
ap_gnr_tenali,2025-10-06,0.0,33.9,23.6,47.4,5.6,135.0,225.1,4.9,28.3,0.1,-0.14,1.11,synthetic_demo_feed
ap_gnr_tenali,2025-10-07,0.0,34.0,22.8,46.2,4.6,132.3,238.7,4.0,37.2,0.1,-0.14,1.11,synthetic_demo_feed
ap_gnr_tenali,2025-10-08,0.0,34.2,22.9,52.1,6.7,85.5,244.3,5.8,32.6,0.1,-0.14,1.11,synthetic_demo_feed
ap_gnr_tenali,2025-10-09,0.0,33.3,22.5,52.6,5.3,97.3,232.0,4.6,26.0,0.1,-0.14,1.11,synthetic_demo_feed
ap_gnr_tenali,2025-10-10,0.0,33.5,22.6,58.1,6.6,129.5,231.0,5.7,31.1,0.1,-0.14,1.11,synthetic_demo_feed
ap_gnr_tenali,2025-10-11,0.0,34.8,23.8,48.5,4.4,88.4,234.4,3.8,32.5,0.1,-0.14,1.11,synthetic_demo_feed
ap_gnr_tenali,2025-10-12,0.0,33.5,23.6,47.2,5.9,114.9,230.3,5.1,30.7,0.1,-0.14,1.11,synthetic_demo_feed
ap_gnr_tenali,2025-10-13,0.0,34.9,23.7,52.8,6.4,91.0,245.4,5.6,25.3,0.1,-0.14,1.11,synthetic_demo_feed
ap_gnr_tenali,2025-10-14,0.0,34.2,23.1,49.7,4.3,88.8,237.4,3.7,26.3,0.1,-0.14,1.11,synthetic_demo_feed
ap_gnr_tenali,2025-10-15,0.0,32.5,22.4,56.3,6.8,136.0,228.8,5.9,37.7,0.1,-0.14,1.11,synthetic_demo_feed
ap_gnr_tenali,2025-10-16,0.0,34.2,22.4,51.7,6.9,83.1,235.9,6.0,26.4,0.1,-0.14,1.11,synthetic_demo_feed
ap_gnr_tenali,2025-10-17,0.0,32.9,22.4,49.5,5.5,101.7,254.4,4.8,28.2,0.1,-0.14,1.11,synthetic_demo_feed
ap_gnr_tenali,2025-10-18,0.0,33.3,23.6,45.5,6.3,135.5,221.9,5.5,30.8,0.1,-0.14,1.11,synthetic_demo_feed
ap_gnr_tenali,2025-10-19,0.0,33.5,23.2,51.3,6.6,96.6,227.2,5.7,22.2,0.1,-0.14,1.11,synthetic_demo_feed
ap_gnr_tenali,2025-10-20,0.0,34.2,23.7,51.4,5.6,89.1,228.1,4.9,26.3,0.1,-0.14,1.11,synthetic_demo_feed
ap_gnr_tenali,2025-10-21,0.0,33.1,23.2,56.1,4.3,137.3,231.1,3.7,35.2,0.1,-0.14,1.11,synthetic_demo_feed
ap_gnr_tenali,2025-10-22,3.7,34.5,22.4,49.7,4.4,107.6,254.3,3.8,23.5,0.1,-0.14,1.11,synthetic_demo_feed
ap_gnr_tenali,2025-10-23,0.0,33.4,23.2,42.1,4.3,116.0,226.1,3.7,25.8,0.1,-0.14,1.11,synthetic_demo_feed
ap_gnr_tenali,2025-10-24,0.0,33.8,23.5,41.6,3.8,103.1,227.5,3.3,33.4,0.1,-0.14,1.11,synthetic_demo_feed
ap_gnr_tenali,2025-10-25,0.0,34.0,23.6,45.4,5.3,111.4,233.3,4.6,36.1,0.1,-0.14,1.11,synthetic_demo_feed
ap_gnr_tenali,2025-10-26,0.0,33.6,23.4,56.8,5.5,116.1,237.5,4.8,31.7,0.1,-0.14,1.11,synthetic_demo_feed
ap_gnr_tenali,2025-10-27,0.0,33.7,22.5,44.1,6.2,97.4,233.2,5.4,27.0,0.1,-0.14,1.11,synthetic_demo_feed
ap_gnr_tenali,2025-10-28,0.0,33.2,23.4,40.5,5.1,107.1,241.0,4.4,37.0,0.1,-0.14,1.11,synthetic_demo_feed
ap_gnr_tenali,2025-10-29,0.0,34.7,23.8,47.6,4.6,85.4,233.6,4.0,29.9,0.1,-0.14,1.11,synthetic_demo_feed
ap_gnr_tenali,2025-10-30,0.0,33.0,23.7,59.9,4.7,118.7,228.0,4.1,29.7,0.1,-0.14,1.11,synthetic_demo_feed
ap_gnr_tenali,2025-10-31,0.0,34.8,22.2,59.6,6.3,135.0,248.4,5.5,27.8,0.1,-0.14,1.11,synthetic_demo_feed
ap_knl_adoni,2023-05-01,4.7,34.5,22.5,57.2,4.5,98.7,235.9,3.9,26.5,-0.38,0.22,0.57,synthetic_demo_feed
ap_knl_adoni,2023-05-02,0.0,34.9,23.9,41.0,3.8,136.5,228.1,3.3,32.5,-0.38,0.22,0.57,synthetic_demo_feed
ap_knl_adoni,2023-05-03,0.0,34.9,22.4,57.9,6.7,122.8,239.2,5.8,25.8,-0.38,0.22,0.57,synthetic_demo_feed
ap_knl_adoni,2023-05-04,0.5,34.7,23.4,42.5,4.0,89.2,248.6,3.5,29.4,-0.38,0.22,0.57,synthetic_demo_feed
ap_knl_adoni,2023-05-05,0.0,34.0,22.0,57.1,3.4,110.3,228.6,3.0,34.3,-0.38,0.22,0.57,synthetic_demo_feed
ap_knl_adoni,2023-05-06,0.7,34.9,23.1,42.6,4.0,96.8,221.7,3.5,35.8,-0.38,0.22,0.57,synthetic_demo_feed
ap_knl_adoni,2023-05-07,0.0,34.8,22.1,45.0,3.8,102.6,226.1,3.3,32.2,-0.38,0.22,0.57,synthetic_demo_feed
ap_knl_adoni,2023-05-08,2.3,33.4,23.1,47.9,5.8,137.7,248.0,5.0,30.7,-0.38,0.22,0.57,synthetic_demo_feed
ap_knl_adoni,2023-05-09,0.0,34.8,23.0,54.4,5.5,104.5,232.4,4.8,34.0,-0.38,0.22,0.57,synthetic_demo_feed
ap_knl_adoni,2023-05-10,0.0,33.6,22.6,44.1,6.2,116.3,237.5,5.4,31.6,-0.38,0.22,0.57,synthetic_demo_feed
ap_knl_adoni,2023-05-11,0.0,32.5,22.9,46.3,4.7,118.3,233.2,4.1,25.2,-0.38,0.22,0.57,synthetic_demo_feed
ap_knl_adoni,2023-05-12,4.3,32.6,22.0,53.0,6.0,93.6,247.7,5.2,26.8,-0.38,0.22,0.57,synthetic_demo_feed
ap_knl_adoni,2023-05-13,0.0,33.9,22.8,49.3,5.1,83.1,237.0,4.4,36.1,-0.38,0.22,0.57,synthetic_demo_feed
ap_knl_adoni,2023-05-14,0.0,33.9,22.8,45.9,6.7,119.2,251.4,5.8,22.8,-0.38,0.22,0.57,synthetic_demo_feed
ap_knl_adoni,2023-05-15,0.0,35.3,23.7,50.3,4.7,108.8,240.9,4.1,29.6,-0.38,0.22,0.57,synthetic_demo_feed
ap_knl_adoni,2023-05-16,0.0,32.9,23.4,43.3,6.7,96.2,226.8,5.8,37.9,-0.38,0.22,0.57,synthetic_demo_feed
ap_knl_adoni,2023-05-17,1.1,33.7,23.2,48.1,3.6,97.1,238.2,3.1,34.8,-0.38,0.22,0.57,synthetic_demo_feed
ap_knl_adoni,2023-05-18,2.6,32.2,23.6,49.8,4.9,123.7,224.3,4.3,34.2,-0.38,0.22,0.57,synthetic_demo_feed
ap_knl_adoni,2023-05-19,0.0,34.5,22.9,58.7,6.8,123.4,222.4,5.9,28.0,-0.38,0.22,0.57,synthetic_demo_feed
ap_knl_adoni,2023-05-20,0.0,33.7,22.1,41.9,6.6,98.2,225.0,5.7,28.1,-0.38,0.22,0.57,synthetic_demo_feed
ap_knl_adoni,2023-05-21,0.0,33.0,23.1,48.4,5.4,95.3,226.8,4.7,35.2,-0.38,0.22,0.57,synthetic_demo_feed
ap_knl_adoni,2023-05-22,0.0,33.9,22.1,57.2,3.7,108.1,220.0,3.2,26.2,-0.38,0.22,0.57,synthetic_demo_feed
ap_knl_adoni,2023-05-23,0.0,35.2,23.2,41.6,5.2,138.8,252.4,4.5,29.4,-0.38,0.22,0.57,synthetic_demo_feed
ap_knl_adoni,2023-05-24,0.0,34.9,22.7,51.2,4.4,119.9,253.4,3.8,36.2,-0.38,0.22,0.57,synthetic_demo_feed
ap_knl_adoni,2023-05-25,0.0,34.9,23.6,51.8,6.3,94.7,243.4,5.5,32.9,-0.38,0.22,0.57,synthetic_demo_feed
ap_knl_adoni,2023-05-26,0.0,35.4,24.0,58.8,4.4,83.1,235.2,3.8,26.8,-0.38,0.22,0.57,synthetic_demo_feed
ap_knl_adoni,2023-05-27,0.0,35.0,22.4,56.5,4.4,137.4,248.1,3.8,30.9,-0.38,0.22,0.57,synthetic_demo_feed
ap_knl_adoni,2023-05-28,0.0,34.7,22.8,50.8,3.8,99.9,225.4,3.3,27.8,-0.38,0.22,0.57,synthetic_demo_feed
ap_knl_adoni,2023-05-29,0.8,35.0,22.9,41.3,6.7,128.9,236.8,5.8,27.0,-0.38,0.22,0.57,synthetic_demo_feed
ap_knl_adoni,2023-05-30,0.0,33.2,23.8,58.8,3.6,109.5,236.6,3.1,23.9,-0.38,0.22,0.57,synthetic_demo_feed
ap_knl_adoni,2023-05-31,0.0,34.3,22.3,57.0,4.8,89.6,240.6,4.2,26.6,-0.38,0.22,0.57,synthetic_demo_feed
ap_knl_adoni,2023-06-01,11.0,32.5,23.0,83.3,7.9,213.7,183.3,6.9,45.3,-0.38,0.22,0.57,synthetic_demo_feed
ap_knl_adoni,2023-06-02,0.0,33.0,22.3,87.8,10.8,249.3,212.3,9.4,45.1,-0.38,0.22,0.57,synthetic_demo_feed
ap_knl_adoni,2023-06-03,17.9,32.5,22.7,78.2,9.3,211.6,213.1,8.1,46.2,-0.38,0.22,0.57,synthetic_demo_feed
ap_knl_adoni,2023-06-04,0.0,33.0,22.8,83.9,10.7,249.7,219.5,9.3,50.8,-0.38,0.22,0.57,synthetic_demo_feed
ap_knl_adoni,2023-06-05,15.9,30.3,23.2,84.1,10.2,220.4,204.6,8.9,53.5,-0.38,0.22,0.57,synthetic_demo_feed
ap_knl_adoni,2023-06-06,0.0,32.6,23.7,78.9,7.9,236.6,208.0,6.9,65.7,-0.38,0.22,0.57,synthetic_demo_feed
ap_knl_adoni,2023-06-07,0.0,34.6,22.8,76.7,9.3,242.3,212.4,8.1,53.8,-0.38,0.22,0.57,synthetic_demo_feed
ap_knl_adoni,2023-06-08,18.1,30.5,22.3,84.9,11.7,216.2,194.5,10.2,56.0,-0.38,0.22,0.57,synthetic_demo_feed
ap_knl_adoni,2023-06-09,14.1,31.7,22.3,81.6,10.5,212.9,180.6,9.1,62.0,-0.38,0.22,0.57,synthetic_demo_feed
ap_knl_adoni,2023-06-10,32.0,29.0,22.2,90.8,13.5,235.8,184.1,11.7,68.0,-0.38,0.22,0.57,synthetic_demo_feed
ap_knl_adoni,2023-06-11,36.5,27.7,22.9,94.1,13.5,211.4,179.3,11.7,74.0,-0.38,0.22,0.57,synthetic_demo_feed
ap_knl_adoni,2023-06-12,16.1,32.6,22.5,80.5,10.2,217.5,166.7,8.9,80.0,-0.38,0.22,0.57,synthetic_demo_feed
ap_knl_adoni,2023-06-13,0.0,32.9,22.7,81.3,9.5,248.7,206.3,8.3,54.7,-0.38,0.22,0.57,synthetic_demo_feed
ap_knl_adoni,2023-06-14,9.6,33.4,23.9,81.1,10.3,226.6,216.6,9.0,45.2,-0.38,0.22,0.57,synthetic_demo_feed
ap_knl_adoni,2023-06-15,0.0,34.3,23.9,85.3,8.3,246.3,219.5,7.2,52.2,-0.38,0.22,0.57,synthetic_demo_feed
ap_knl_adoni,2023-06-16,0.0,34.9,22.7,79.5,11.5,210.1,196.7,10.0,66.3,-0.38,0.22,0.57,synthetic_demo_feed
ap_knl_adoni,2023-06-17,0.0,34.5,23.5,69.9,10.1,230.2,213.0,8.8,55.0,-0.38,0.22,0.57,synthetic_demo_feed
ap_knl_adoni,2023-06-18,0.0,33.8,23.9,79.1,12.6,242.0,215.6,11.0,63.4,-0.38,0.22,0.57,synthetic_demo_feed
ap_knl_adoni,2023-06-19,0.0,32.6,22.7,77.4,10.3,226.3,208.8,9.0,67.7,-0.38,0.22,0.57,synthetic_demo_feed
ap_knl_adoni,2023-06-20,0.0,35.2,23.2,85.2,9.9,219.2,211.7,8.6,72.9,-0.38,0.22,0.57,synthetic_demo_feed
ap_knl_adoni,2023-06-21,15.8,30.8,23.8,80.0,9.1,220.2,198.0,7.9,46.2,-0.38,0.22,0.57,synthetic_demo_feed
ap_knl_adoni,2023-06-22,14.4,31.6,23.9,75.3,12.4,242.1,181.6,10.8,56.9,-0.38,0.22,0.57,synthetic_demo_feed
ap_knl_adoni,2023-06-23,20.8,31.8,23.3,76.5,9.7,222.2,201.9,8.4,73.6,-0.38,0.22,0.57,synthetic_demo_feed
ap_knl_adoni,2023-06-24,0.0,33.4,22.2,69.9,12.5,219.4,182.0,10.9,64.8,-0.38,0.22,0.57,synthetic_demo_feed
ap_knl_adoni,2023-06-25,0.0,34.6,22.2,77.5,9.2,235.9,202.4,8.0,51.0,-0.38,0.22,0.57,synthetic_demo_feed
ap_knl_adoni,2023-06-26,0.0,34.5,23.3,82.2,8.2,226.6,180.8,7.1,52.7,-0.38,0.22,0.57,synthetic_demo_feed
ap_knl_adoni,2023-06-27,0.0,33.4,23.1,67.2,8.3,231.9,188.2,7.2,73.0,-0.38,0.22,0.57,synthetic_demo_feed
ap_knl_adoni,2023-06-28,24.6,31.1,23.6,65.1,11.8,247.8,214.9,10.3,52.2,-0.38,0.22,0.57,synthetic_demo_feed
ap_knl_adoni,2023-06-29,0.0,34.8,22.9,67.8,9.8,214.9,184.5,8.5,68.0,-0.38,0.22,0.57,synthetic_demo_feed
ap_knl_adoni,2023-06-30,0.0,33.7,22.4,83.1,7.9,247.8,191.1,6.9,55.6,-0.38,0.22,0.57,synthetic_demo_feed
ap_knl_adoni,2023-07-01,0.0,35.5,22.3,87.3,10.7,223.7,216.4,9.3,68.0,-0.38,0.22,0.57,synthetic_demo_feed
ap_knl_adoni,2023-07-02,0.0,33.6,22.7,87.8,8.5,225.6,207.6,7.4,67.7,-0.38,0.22,0.57,synthetic_demo_feed
ap_knl_adoni,2023-07-03,0.0,33.1,23.3,83.7,10.1,240.9,184.1,8.8,51.4,-0.38,0.22,0.57,synthetic_demo_feed
ap_knl_adoni,2023-07-04,0.0,35.2,23.0,70.2,12.6,240.8,182.7,11.0,64.7,-0.38,0.22,0.57,synthetic_demo_feed
ap_knl_adoni,2023-07-05,17.0,31.0,24.0,75.4,7.7,247.4,188.0,6.7,45.1,-0.38,0.22,0.57,synthetic_demo_feed
ap_knl_adoni,2023-07-06,0.0,32.8,23.7,87.3,11.8,233.8,196.6,10.3,70.9,-0.38,0.22,0.57,synthetic_demo_feed
ap_knl_adoni,2023-07-07,0.0,34.7,22.7,76.4,8.2,235.0,184.7,7.1,74.9,-0.38,0.22,0.57,synthetic_demo_feed
ap_knl_adoni,2023-07-08,21.3,31.9,22.1,83.9,9.1,222.0,192.7,7.9,53.8,-0.38,0.22,0.57,synthetic_demo_feed
ap_knl_adoni,2023-07-09,0.0,33.5,22.8,73.7,8.9,213.0,185.5,7.7,49.6,-0.38,0.22,0.57,synthetic_demo_feed
ap_knl_adoni,2023-07-10,0.0,35.4,22.7,71.9,9.1,238.5,183.0,7.9,45.7,-0.38,0.22,0.57,synthetic_demo_feed
ap_knl_adoni,2023-07-11,0.0,32.8,22.5,84.6,10.6,223.4,217.3,9.2,55.9,-0.38,0.22,0.57,synthetic_demo_feed
ap_knl_adoni,2023-07-12,0.0,33.3,23.7,83.4,8.6,232.0,187.3,7.5,51.9,-0.38,0.22,0.57,synthetic_demo_feed
ap_knl_adoni,2023-07-13,0.0,34.6,22.6,77.6,11.7,232.1,214.4,10.2,62.3,-0.38,0.22,0.57,synthetic_demo_feed
ap_knl_adoni,2023-07-14,22.6,31.1,22.5,86.1,7.7,212.1,210.1,6.7,57.6,-0.38,0.22,0.57,synthetic_demo_feed
ap_knl_adoni,2023-07-15,23.9,30.0,23.1,76.0,8.0,220.6,203.5,7.0,59.1,-0.38,0.22,0.57,synthetic_demo_feed
ap_knl_adoni,2023-07-16,0.0,34.4,23.1,66.9,11.6,244.7,202.4,10.1,50.1,-0.38,0.22,0.57,synthetic_demo_feed
ap_knl_adoni,2023-07-17,0.0,35.4,23.7,81.3,8.6,230.4,180.7,7.5,50.1,-0.38,0.22,0.57,synthetic_demo_feed
ap_knl_adoni,2023-07-18,0.0,34.8,22.4,71.3,10.2,231.9,180.2,8.9,68.8,-0.38,0.22,0.57,synthetic_demo_feed
ap_knl_adoni,2023-07-19,7.2,32.6,23.2,77.1,8.5,246.4,206.7,7.4,55.3,-0.38,0.22,0.57,synthetic_demo_feed
ap_knl_adoni,2023-07-20,0.2,33.7,23.3,44.0,5.3,109.9,241.2,4.6,55.5,-0.38,0.22,0.57,synthetic_demo_feed
ap_knl_adoni,2023-07-21,0.8,32.8,22.4,46.0,3.4,118.4,245.1,3.0,51.0,-0.38,0.22,0.57,synthetic_demo_feed
ap_knl_adoni,2023-07-22,0.1,35.5,23.5,42.6,3.2,123.9,251.8,2.8,46.5,-0.38,0.22,0.57,synthetic_demo_feed
ap_knl_adoni,2023-07-23,0.5,34.1,23.3,57.4,3.4,123.0,238.3,3.0,42.0,-0.38,0.22,0.57,synthetic_demo_feed
ap_knl_adoni,2023-07-24,0.7,32.8,23.4,45.3,3.2,127.1,235.3,2.8,37.5,-0.38,0.22,0.57,synthetic_demo_feed
ap_knl_adoni,2023-07-25,0.7,34.4,22.9,52.6,4.0,92.1,243.1,3.5,33.0,-0.38,0.22,0.57,synthetic_demo_feed
ap_knl_adoni,2023-07-26,0.5,35.0,23.3,55.9,3.9,109.4,240.2,3.4,28.5,-0.38,0.22,0.57,synthetic_demo_feed
ap_knl_adoni,2023-07-27,0.8,32.9,23.6,48.9,3.6,130.0,245.9,3.1,24.0,-0.38,0.22,0.57,synthetic_demo_feed
ap_knl_adoni,2023-07-28,0.6,33.3,22.6,43.8,3.4,90.6,248.1,3.0,20.0,-0.38,0.22,0.57,synthetic_demo_feed
ap_knl_adoni,2023-07-29,0.0,33.4,22.4,66.5,11.4,218.0,198.9,9.9,58.6,-0.38,0.22,0.57,synthetic_demo_feed
ap_knl_adoni,2023-07-30,0.0,33.8,22.3,71.2,12.4,241.2,213.6,10.8,59.4,-0.38,0.22,0.57,synthetic_demo_feed
ap_knl_adoni,2023-07-31,0.0,32.9,22.5,77.7,12.5,224.8,195.4,10.9,64.3,-0.38,0.22,0.57,synthetic_demo_feed
ap_knl_adoni,2023-08-01,4.7,32.0,23.9,72.1,10.1,214.3,214.5,8.8,57.1,-0.38,0.22,0.57,synthetic_demo_feed
ap_knl_adoni,2023-08-02,0.0,35.1,23.1,87.0,8.7,247.0,190.1,7.6,72.9,-0.38,0.22,0.57,synthetic_demo_feed
ap_knl_adoni,2023-08-03,0.0,33.5,23.4,65.1,12.5,232.2,205.1,10.9,73.8,-0.38,0.22,0.57,synthetic_demo_feed
ap_knl_adoni,2023-08-04,0.0,34.8,22.5,67.5,8.5,242.2,180.1,7.4,54.2,-0.38,0.22,0.57,synthetic_demo_feed
ap_knl_adoni,2023-08-05,0.0,33.6,22.8,87.1,10.9,235.0,205.2,9.5,62.0,-0.38,0.22,0.57,synthetic_demo_feed
ap_knl_adoni,2023-08-06,0.0,34.1,23.0,73.2,12.0,227.2,193.0,10.4,67.8,-0.38,0.22,0.57,synthetic_demo_feed
ap_knl_adoni,2023-08-07,0.0,35.1,22.4,85.6,8.0,226.5,207.6,7.0,51.9,-0.38,0.22,0.57,synthetic_demo_feed
ap_knl_adoni,2023-08-08,0.0,32.9,23.5,87.4,11.0,218.7,182.9,9.6,58.2,-0.38,0.22,0.57,synthetic_demo_feed
ap_knl_adoni,2023-08-09,8.3,33.9,23.8,87.8,9.5,213.7,216.7,8.3,64.3,-0.38,0.22,0.57,synthetic_demo_feed
ap_knl_adoni,2023-08-10,0.0,34.7,23.9,70.8,7.9,219.6,204.5,6.9,62.9,-0.38,0.22,0.57,synthetic_demo_feed
ap_knl_adoni,2023-08-11,0.0,35.3,23.0,82.4,8.4,249.7,191.1,7.3,66.9,-0.38,0.22,0.57,synthetic_demo_feed
ap_knl_adoni,2023-08-12,0.0,34.2,22.0,76.6,8.0,237.9,215.5,7.0,51.9,-0.38,0.22,0.57,synthetic_demo_feed
ap_knl_adoni,2023-08-13,0.0,35.4,23.1,68.8,10.3,236.7,210.1,9.0,67.2,-0.38,0.22,0.57,synthetic_demo_feed
ap_knl_adoni,2023-08-14,21.0,29.9,22.6,69.1,7.7,212.5,189.4,6.7,69.8,-0.38,0.22,0.57,synthetic_demo_feed
ap_knl_adoni,2023-08-15,16.4,32.3,23.5,81.7,11.3,243.4,181.3,9.8,56.0,-0.38,0.22,0.57,synthetic_demo_feed
ap_knl_adoni,2023-08-16,18.0,29.9,22.4,73.7,8.3,243.7,213.3,7.2,50.1,-0.38,0.22,0.57,synthetic_demo_feed
ap_knl_adoni,2023-08-17,4.4,33.9,22.3,74.5,7.8,238.5,186.3,6.8,58.0,-0.38,0.22,0.57,synthetic_demo_feed
ap_knl_adoni,2023-08-18,0.0,35.4,23.2,85.7,10.2,223.2,215.4,8.9,62.8,-0.38,0.22,0.57,synthetic_demo_feed
ap_knl_adoni,2023-08-19,0.0,33.8,22.3,80.2,10.6,243.5,213.2,9.2,51.5,-0.38,0.22,0.57,synthetic_demo_feed
ap_knl_adoni,2023-08-20,9.6,31.6,22.6,83.4,12.3,240.9,204.3,10.7,70.1,-0.38,0.22,0.57,synthetic_demo_feed
ap_knl_adoni,2023-08-21,0.0,32.7,23.5,83.3,10.5,231.3,183.6,9.1,48.8,-0.38,0.22,0.57,synthetic_demo_feed
ap_knl_adoni,2023-08-22,0.0,35.0,22.1,79.9,9.5,217.2,202.4,8.3,66.4,-0.38,0.22,0.57,synthetic_demo_feed
ap_knl_adoni,2023-08-23,0.0,34.1,22.1,66.2,8.7,231.6,212.0,7.6,70.7,-0.38,0.22,0.57,synthetic_demo_feed
ap_knl_adoni,2023-08-24,14.3,30.5,23.0,77.6,8.9,243.5,183.7,7.7,69.8,-0.38,0.22,0.57,synthetic_demo_feed
ap_knl_adoni,2023-08-25,20.3,30.7,23.3,68.4,7.9,213.2,208.0,6.9,58.3,-0.38,0.22,0.57,synthetic_demo_feed
ap_knl_adoni,2023-08-26,0.0,32.6,22.0,87.8,11.0,211.1,198.4,9.6,55.1,-0.38,0.22,0.57,synthetic_demo_feed
ap_knl_adoni,2023-08-27,0.0,34.8,23.6,65.7,11.6,233.4,181.0,10.1,54.7,-0.38,0.22,0.57,synthetic_demo_feed
ap_knl_adoni,2023-08-28,6.8,32.6,23.6,83.0,7.9,239.9,218.1,6.9,61.2,-0.38,0.22,0.57,synthetic_demo_feed
ap_knl_adoni,2023-08-29,0.0,34.9,23.0,72.2,12.5,221.6,208.8,10.9,65.2,-0.38,0.22,0.57,synthetic_demo_feed
ap_knl_adoni,2023-08-30,6.1,32.4,23.0,80.4,8.3,240.7,201.8,7.2,61.2,-0.38,0.22,0.57,synthetic_demo_feed
ap_knl_adoni,2023-08-31,21.0,29.5,22.9,66.0,10.7,211.1,191.6,9.3,56.4,-0.38,0.22,0.57,synthetic_demo_feed
ap_knl_adoni,2023-09-01,0.0,33.5,22.7,70.6,8.9,230.6,180.1,7.7,55.4,-0.38,0.22,0.57,synthetic_demo_feed
ap_knl_adoni,2023-09-02,0.0,33.3,22.5,70.4,10.3,222.9,196.2,9.0,49.5,-0.38,0.22,0.57,synthetic_demo_feed
ap_knl_adoni,2023-09-03,0.0,32.6,23.4,83.1,11.7,235.0,194.6,10.2,56.3,-0.38,0.22,0.57,synthetic_demo_feed
ap_knl_adoni,2023-09-04,7.2,33.8,22.0,77.8,12.0,235.0,196.4,10.4,63.5,-0.38,0.22,0.57,synthetic_demo_feed
ap_knl_adoni,2023-09-05,0.0,33.3,22.1,69.2,12.3,214.9,217.5,10.7,46.9,-0.38,0.22,0.57,synthetic_demo_feed
ap_knl_adoni,2023-09-06,21.3,31.2,22.5,77.2,10.3,244.3,185.0,9.0,45.1,-0.38,0.22,0.57,synthetic_demo_feed
ap_knl_adoni,2023-09-07,23.8,31.2,23.1,76.9,12.3,212.6,199.9,10.7,56.3,-0.38,0.22,0.57,synthetic_demo_feed
ap_knl_adoni,2023-09-08,6.0,32.1,23.1,79.2,11.0,236.8,182.6,9.6,53.9,-0.38,0.22,0.57,synthetic_demo_feed
ap_knl_adoni,2023-09-09,0.0,34.7,22.7,70.6,8.3,239.0,196.3,7.2,57.6,-0.38,0.22,0.57,synthetic_demo_feed
ap_knl_adoni,2023-09-10,0.0,35.1,23.6,82.9,9.1,221.7,188.6,7.9,47.5,-0.38,0.22,0.57,synthetic_demo_feed
ap_knl_adoni,2023-09-11,0.0,35.1,22.1,82.3,9.3,226.1,195.6,8.1,67.7,-0.38,0.22,0.57,synthetic_demo_feed
ap_knl_adoni,2023-09-12,17.7,32.6,22.0,71.8,11.0,213.4,193.6,9.6,73.8,-0.38,0.22,0.57,synthetic_demo_feed
ap_knl_adoni,2023-09-13,11.8,32.2,23.8,78.2,9.0,240.9,191.2,7.8,69.4,-0.38,0.22,0.57,synthetic_demo_feed
ap_knl_adoni,2023-09-14,0.0,35.4,22.7,76.5,10.3,248.9,194.7,9.0,50.4,-0.38,0.22,0.57,synthetic_demo_feed
ap_knl_adoni,2023-09-15,0.0,34.6,22.1,80.8,7.8,244.1,213.3,6.8,46.1,-0.38,0.22,0.57,synthetic_demo_feed
ap_knl_adoni,2023-09-16,23.1,29.8,22.6,73.2,11.4,238.4,188.4,9.9,69.9,-0.38,0.22,0.57,synthetic_demo_feed
ap_knl_adoni,2023-09-17,7.5,33.0,23.4,67.2,8.0,241.5,185.7,7.0,63.0,-0.38,0.22,0.57,synthetic_demo_feed
ap_knl_adoni,2023-09-18,0.0,33.1,22.4,78.6,8.5,226.2,204.3,7.4,63.9,-0.38,0.22,0.57,synthetic_demo_feed
ap_knl_adoni,2023-09-19,7.6,34.1,23.2,81.6,11.8,230.2,215.3,10.3,73.7,-0.38,0.22,0.57,synthetic_demo_feed
ap_knl_adoni,2023-09-20,0.0,33.7,23.1,75.6,9.5,244.6,193.1,8.3,60.0,-0.38,0.22,0.57,synthetic_demo_feed
ap_knl_adoni,2023-09-21,0.0,32.6,22.2,83.9,8.4,241.1,180.4,7.3,74.9,-0.38,0.22,0.57,synthetic_demo_feed
ap_knl_adoni,2023-09-22,5.4,33.1,23.4,70.6,12.3,220.6,203.9,10.7,56.3,-0.38,0.22,0.57,synthetic_demo_feed
ap_knl_adoni,2023-09-23,24.5,30.7,22.4,74.6,11.3,224.7,184.8,9.8,45.1,-0.38,0.22,0.57,synthetic_demo_feed
ap_knl_adoni,2023-09-24,0.0,32.9,23.1,72.2,7.8,240.9,185.4,6.8,47.1,-0.38,0.22,0.57,synthetic_demo_feed
ap_knl_adoni,2023-09-25,14.6,32.1,23.5,76.0,9.5,226.3,189.0,8.3,70.1,-0.38,0.22,0.57,synthetic_demo_feed
ap_knl_adoni,2023-09-26,18.8,31.0,22.7,76.6,10.6,226.7,217.7,9.2,47.2,-0.38,0.22,0.57,synthetic_demo_feed
ap_knl_adoni,2023-09-27,23.5,30.2,23.5,71.8,12.0,243.2,207.8,10.4,60.6,-0.38,0.22,0.57,synthetic_demo_feed
ap_knl_adoni,2023-09-28,0.0,33.8,23.6,76.3,9.2,211.9,211.1,8.0,56.9,-0.38,0.22,0.57,synthetic_demo_feed
ap_knl_adoni,2023-09-29,0.0,32.6,22.4,82.9,8.2,249.6,184.7,7.1,45.5,-0.38,0.22,0.57,synthetic_demo_feed
ap_knl_adoni,2023-09-30,0.0,35.1,22.1,85.3,9.5,216.2,188.1,8.3,47.7,-0.38,0.22,0.57,synthetic_demo_feed
ap_knl_adoni,2023-10-01,0.0,33.2,23.8,42.0,6.0,101.3,231.2,5.2,24.8,-0.38,0.22,0.57,synthetic_demo_feed
ap_knl_adoni,2023-10-02,0.0,35.0,22.8,51.4,4.1,113.7,237.8,3.6,29.8,-0.38,0.22,0.57,synthetic_demo_feed
ap_knl_adoni,2023-10-03,0.0,35.4,22.2,56.6,6.9,98.2,241.7,6.0,26.6,-0.38,0.22,0.57,synthetic_demo_feed
ap_knl_adoni,2023-10-04,0.0,33.2,23.7,55.6,6.9,134.8,247.8,6.0,27.5,-0.38,0.22,0.57,synthetic_demo_feed
ap_knl_adoni,2023-10-05,0.0,34.3,22.2,44.2,4.8,86.1,238.5,4.2,32.3,-0.38,0.22,0.57,synthetic_demo_feed
ap_knl_adoni,2023-10-06,0.0,35.5,23.2,56.4,3.6,83.9,244.2,3.1,30.1,-0.38,0.22,0.57,synthetic_demo_feed
ap_knl_adoni,2023-10-07,0.0,33.3,23.6,54.3,6.7,104.2,240.1,5.8,29.2,-0.38,0.22,0.57,synthetic_demo_feed
ap_knl_adoni,2023-10-08,0.0,34.9,23.7,48.4,6.7,119.4,240.0,5.8,32.0,-0.38,0.22,0.57,synthetic_demo_feed
ap_knl_adoni,2023-10-09,0.0,34.8,23.7,54.9,6.1,85.4,242.5,5.3,32.8,-0.38,0.22,0.57,synthetic_demo_feed
ap_knl_adoni,2023-10-10,0.0,34.2,22.3,51.6,6.2,113.9,225.1,5.4,32.2,-0.38,0.22,0.57,synthetic_demo_feed
ap_knl_adoni,2023-10-11,0.0,35.1,23.9,51.4,6.6,133.4,247.0,5.7,34.7,-0.38,0.22,0.57,synthetic_demo_feed
ap_knl_adoni,2023-10-12,4.2,33.2,23.1,55.6,4.3,137.6,248.2,3.7,34.4,-0.38,0.22,0.57,synthetic_demo_feed
ap_knl_adoni,2023-10-13,3.1,33.4,22.8,43.1,5.4,133.5,220.8,4.7,32.2,-0.38,0.22,0.57,synthetic_demo_feed
ap_knl_adoni,2023-10-14,0.0,33.2,23.2,51.2,4.1,99.5,226.1,3.6,37.9,-0.38,0.22,0.57,synthetic_demo_feed
ap_knl_adoni,2023-10-15,0.0,34.5,23.1,58.0,5.8,81.0,251.8,5.0,30.3,-0.38,0.22,0.57,synthetic_demo_feed
ap_knl_adoni,2023-10-16,0.0,34.5,24.0,46.9,3.4,134.1,230.0,3.0,28.5,-0.38,0.22,0.57,synthetic_demo_feed
ap_knl_adoni,2023-10-17,0.0,33.7,23.5,56.1,3.6,112.7,235.2,3.1,34.5,-0.38,0.22,0.57,synthetic_demo_feed
ap_knl_adoni,2023-10-18,3.3,33.9,23.8,51.5,5.4,93.0,223.3,4.7,27.5,-0.38,0.22,0.57,synthetic_demo_feed
ap_knl_adoni,2023-10-19,0.0,34.8,23.6,56.6,3.8,98.8,248.3,3.3,36.1,-0.38,0.22,0.57,synthetic_demo_feed
ap_knl_adoni,2023-10-20,0.0,33.7,22.3,56.9,3.9,115.3,252.3,3.4,34.4,-0.38,0.22,0.57,synthetic_demo_feed
ap_knl_adoni,2023-10-21,0.0,35.0,22.3,58.0,4.4,125.1,249.7,3.8,35.7,-0.38,0.22,0.57,synthetic_demo_feed
ap_knl_adoni,2023-10-22,3.3,35.0,22.2,58.1,5.5,138.8,238.0,4.8,28.2,-0.38,0.22,0.57,synthetic_demo_feed
ap_knl_adoni,2023-10-23,0.0,35.0,23.6,43.9,3.7,81.5,227.1,3.2,31.8,-0.38,0.22,0.57,synthetic_demo_feed
ap_knl_adoni,2023-10-24,0.0,34.4,22.1,53.0,3.7,124.3,233.1,3.2,23.3,-0.38,0.22,0.57,synthetic_demo_feed
ap_knl_adoni,2023-10-25,2.0,33.5,22.8,43.9,5.6,88.6,226.2,4.9,31.3,-0.38,0.22,0.57,synthetic_demo_feed
ap_knl_adoni,2023-10-26,0.0,33.8,22.6,40.3,4.4,89.7,227.7,3.8,29.9,-0.38,0.22,0.57,synthetic_demo_feed
ap_knl_adoni,2023-10-27,0.0,34.5,23.2,48.1,3.9,100.7,235.7,3.4,35.8,-0.38,0.22,0.57,synthetic_demo_feed
ap_knl_adoni,2023-10-28,0.0,35.3,23.8,54.5,6.4,138.9,223.2,5.6,35.2,-0.38,0.22,0.57,synthetic_demo_feed
ap_knl_adoni,2023-10-29,0.0,35.3,23.3,55.6,3.7,95.8,252.6,3.2,22.4,-0.38,0.22,0.57,synthetic_demo_feed
ap_knl_adoni,2023-10-30,0.0,35.3,22.7,41.8,5.1,135.8,226.9,4.4,24.1,-0.38,0.22,0.57,synthetic_demo_feed
ap_knl_adoni,2023-10-31,0.0,33.9,22.4,49.3,4.8,139.8,252.1,4.2,36.8,-0.38,0.22,0.57,synthetic_demo_feed
ap_knl_adoni,2024-05-01,0.0,33.2,22.8,43.3,3.7,129.5,243.7,3.2,28.1,-0.38,0.22,0.57,synthetic_demo_feed
ap_knl_adoni,2024-05-02,0.0,33.6,22.4,50.9,5.1,106.8,231.1,4.4,37.6,-0.38,0.22,0.57,synthetic_demo_feed
ap_knl_adoni,2024-05-03,0.0,33.0,23.2,51.9,4.5,82.9,239.1,3.9,33.6,-0.38,0.22,0.57,synthetic_demo_feed
ap_knl_adoni,2024-05-04,0.0,33.4,22.1,56.3,3.6,107.1,230.3,3.1,28.9,-0.38,0.22,0.57,synthetic_demo_feed
ap_knl_adoni,2024-05-05,0.0,35.2,23.5,50.7,4.8,110.0,249.1,4.2,36.8,-0.38,0.22,0.57,synthetic_demo_feed
ap_knl_adoni,2024-05-06,0.0,35.1,23.8,56.7,3.7,115.3,252.0,3.2,32.2,-0.38,0.22,0.57,synthetic_demo_feed
ap_knl_adoni,2024-05-07,0.0,33.0,23.1,50.4,4.1,124.1,223.6,3.6,37.6,-0.38,0.22,0.57,synthetic_demo_feed
ap_knl_adoni,2024-05-08,0.0,35.0,23.7,44.7,5.5,112.4,245.6,4.8,28.8,-0.38,0.22,0.57,synthetic_demo_feed
ap_knl_adoni,2024-05-09,0.0,32.6,22.5,53.6,4.0,125.0,249.7,3.5,27.1,-0.38,0.22,0.57,synthetic_demo_feed
ap_knl_adoni,2024-05-10,0.0,33.8,23.4,51.8,6.2,139.7,220.8,5.4,33.5,-0.38,0.22,0.57,synthetic_demo_feed
ap_knl_adoni,2024-05-11,0.0,33.7,23.6,58.8,4.8,88.8,244.5,4.2,25.8,-0.38,0.22,0.57,synthetic_demo_feed
ap_knl_adoni,2024-05-12,0.0,35.0,22.4,50.8,3.4,117.8,232.8,3.0,23.3,-0.38,0.22,0.57,synthetic_demo_feed
ap_knl_adoni,2024-05-13,0.0,32.5,22.7,53.6,6.9,139.3,225.6,6.0,32.6,-0.38,0.22,0.57,synthetic_demo_feed
ap_knl_adoni,2024-05-14,0.0,34.5,23.9,43.0,4.8,84.4,244.0,4.2,23.2,-0.38,0.22,0.57,synthetic_demo_feed
ap_knl_adoni,2024-05-15,0.0,32.6,23.2,49.1,4.8,126.4,231.5,4.2,31.5,-0.38,0.22,0.57,synthetic_demo_feed
ap_knl_adoni,2024-05-16,0.0,32.5,22.3,45.8,5.5,133.5,235.0,4.8,30.7,-0.38,0.22,0.57,synthetic_demo_feed
ap_knl_adoni,2024-05-17,1.7,33.9,24.0,54.6,5.5,115.9,221.2,4.8,32.6,-0.38,0.22,0.57,synthetic_demo_feed
ap_knl_adoni,2024-05-18,0.0,33.5,23.5,42.6,4.5,110.7,237.8,3.9,36.1,-0.38,0.22,0.57,synthetic_demo_feed
ap_knl_adoni,2024-05-19,0.0,33.9,23.6,49.0,4.5,134.8,242.7,3.9,30.7,-0.38,0.22,0.57,synthetic_demo_feed
ap_knl_adoni,2024-05-20,0.0,33.7,22.8,43.6,4.7,91.8,235.4,4.1,36.3,-0.38,0.22,0.57,synthetic_demo_feed
ap_knl_adoni,2024-05-21,0.0,34.8,23.9,52.3,3.6,83.8,243.0,3.1,26.4,-0.38,0.22,0.57,synthetic_demo_feed
ap_knl_adoni,2024-05-22,0.0,32.9,23.2,50.6,5.2,134.9,254.1,4.5,28.2,-0.38,0.22,0.57,synthetic_demo_feed
ap_knl_adoni,2024-05-23,0.0,34.2,23.0,56.7,4.0,125.0,245.1,3.5,27.1,-0.38,0.22,0.57,synthetic_demo_feed
ap_knl_adoni,2024-05-24,0.0,34.5,23.6,40.0,5.8,102.1,238.6,5.0,32.3,-0.38,0.22,0.57,synthetic_demo_feed
ap_knl_adoni,2024-05-25,0.0,33.7,23.5,57.4,5.8,99.9,250.9,5.0,34.1,-0.38,0.22,0.57,synthetic_demo_feed
ap_knl_adoni,2024-05-26,0.0,33.0,23.5,43.4,5.8,131.1,221.3,5.0,36.4,-0.38,0.22,0.57,synthetic_demo_feed
ap_knl_adoni,2024-05-27,0.0,32.9,23.7,49.2,5.3,116.7,226.4,4.6,28.3,-0.38,0.22,0.57,synthetic_demo_feed
ap_knl_adoni,2024-05-28,0.0,35.0,23.6,53.7,6.8,129.8,228.6,5.9,33.8,-0.38,0.22,0.57,synthetic_demo_feed
ap_knl_adoni,2024-05-29,0.0,32.8,22.8,58.0,5.3,95.6,252.9,4.6,31.2,-0.38,0.22,0.57,synthetic_demo_feed
ap_knl_adoni,2024-05-30,0.0,35.3,22.4,55.2,4.1,136.7,252.1,3.6,33.6,-0.38,0.22,0.57,synthetic_demo_feed
ap_knl_adoni,2024-05-31,0.0,34.6,22.7,58.9,4.0,116.5,253.9,3.5,25.5,-0.38,0.22,0.57,synthetic_demo_feed
ap_knl_adoni,2024-06-01,0.0,34.6,22.7,86.6,12.0,211.0,184.1,10.4,48.2,-0.38,0.22,0.57,synthetic_demo_feed
ap_knl_adoni,2024-06-02,0.0,32.5,22.6,86.8,12.4,229.5,200.8,10.8,61.8,-0.38,0.22,0.57,synthetic_demo_feed
ap_knl_adoni,2024-06-03,0.0,32.9,23.4,69.5,8.6,230.5,213.0,7.5,63.8,-0.38,0.22,0.57,synthetic_demo_feed
ap_knl_adoni,2024-06-04,0.0,32.6,23.0,76.1,8.0,238.2,217.1,7.0,59.5,-0.38,0.22,0.57,synthetic_demo_feed
ap_knl_adoni,2024-06-05,0.0,33.4,22.7,84.3,7.7,228.1,190.8,6.7,51.3,-0.38,0.22,0.57,synthetic_demo_feed
ap_knl_adoni,2024-06-06,9.9,33.5,23.0,73.4,11.3,243.8,184.3,9.8,71.6,-0.38,0.22,0.57,synthetic_demo_feed
ap_knl_adoni,2024-06-07,0.0,35.4,22.5,84.6,9.7,243.9,189.5,8.4,46.4,-0.38,0.22,0.57,synthetic_demo_feed
ap_knl_adoni,2024-06-08,30.1,30.4,22.1,94.3,10.5,224.2,182.5,9.1,56.0,-0.38,0.22,0.57,synthetic_demo_feed
ap_knl_adoni,2024-06-09,23.9,30.7,22.9,81.8,15.8,212.4,181.6,13.7,62.0,-0.38,0.22,0.57,synthetic_demo_feed
ap_knl_adoni,2024-06-10,31.0,28.2,23.7,84.1,12.8,231.1,164.6,11.1,68.0,-0.38,0.22,0.57,synthetic_demo_feed
ap_knl_adoni,2024-06-11,34.3,28.3,23.6,82.1,10.8,242.4,172.2,9.4,74.0,-0.38,0.22,0.57,synthetic_demo_feed
ap_knl_adoni,2024-06-12,23.1,30.6,23.6,91.6,11.8,228.0,162.0,10.3,80.0,-0.38,0.22,0.57,synthetic_demo_feed
ap_knl_adoni,2024-06-13,9.2,33.3,23.3,72.8,10.0,231.7,186.7,8.7,55.1,-0.38,0.22,0.57,synthetic_demo_feed
ap_knl_adoni,2024-06-14,15.7,32.0,22.4,72.3,11.6,215.2,218.6,10.1,66.4,-0.38,0.22,0.57,synthetic_demo_feed
ap_knl_adoni,2024-06-15,0.0,33.5,22.3,83.7,12.5,244.0,216.4,10.9,57.8,-0.38,0.22,0.57,synthetic_demo_feed
ap_knl_adoni,2024-06-16,0.0,34.4,22.5,73.6,11.6,248.3,181.7,10.1,51.9,-0.38,0.22,0.57,synthetic_demo_feed
ap_knl_adoni,2024-06-17,22.2,29.4,22.0,83.4,11.7,223.6,215.3,10.2,71.1,-0.38,0.22,0.57,synthetic_demo_feed
ap_knl_adoni,2024-06-18,7.1,32.3,23.7,69.2,10.3,231.0,205.3,9.0,48.0,-0.38,0.22,0.57,synthetic_demo_feed
ap_knl_adoni,2024-06-19,15.7,33.1,22.4,76.5,10.0,228.0,219.8,8.7,70.5,-0.38,0.22,0.57,synthetic_demo_feed
ap_knl_adoni,2024-06-20,0.0,32.5,22.7,79.8,12.4,230.6,197.6,10.8,49.5,-0.38,0.22,0.57,synthetic_demo_feed
ap_knl_adoni,2024-06-21,0.0,34.1,23.6,69.8,9.4,216.9,186.7,8.2,73.8,-0.38,0.22,0.57,synthetic_demo_feed
ap_knl_adoni,2024-06-22,0.0,33.1,22.3,69.4,11.3,243.6,212.7,9.8,46.9,-0.38,0.22,0.57,synthetic_demo_feed
ap_knl_adoni,2024-06-23,9.4,31.8,22.5,65.2,9.4,216.4,183.7,8.2,47.7,-0.38,0.22,0.57,synthetic_demo_feed
ap_knl_adoni,2024-06-24,0.0,34.1,22.2,68.8,7.6,228.2,198.5,6.6,59.1,-0.38,0.22,0.57,synthetic_demo_feed
ap_knl_adoni,2024-06-25,0.0,33.6,23.3,72.4,10.0,229.4,216.0,8.7,67.4,-0.38,0.22,0.57,synthetic_demo_feed
ap_knl_adoni,2024-06-26,21.9,31.5,23.3,79.2,9.2,228.1,217.7,8.0,60.3,-0.38,0.22,0.57,synthetic_demo_feed
ap_knl_adoni,2024-06-27,0.0,33.0,22.9,74.0,11.3,214.8,202.2,9.8,61.5,-0.38,0.22,0.57,synthetic_demo_feed
ap_knl_adoni,2024-06-28,0.0,34.7,23.9,69.6,11.0,236.2,182.5,9.6,68.6,-0.38,0.22,0.57,synthetic_demo_feed
ap_knl_adoni,2024-06-29,0.0,34.2,23.1,72.5,12.3,234.6,218.3,10.7,50.2,-0.38,0.22,0.57,synthetic_demo_feed
ap_knl_adoni,2024-06-30,0.0,34.5,23.2,81.9,12.4,235.6,215.3,10.8,69.0,-0.38,0.22,0.57,synthetic_demo_feed
ap_knl_adoni,2024-07-01,14.9,31.0,23.2,80.0,8.3,245.8,189.5,7.2,66.1,-0.38,0.22,0.57,synthetic_demo_feed
ap_knl_adoni,2024-07-02,15.0,32.5,23.8,76.2,9.7,218.8,192.3,8.4,64.3,-0.38,0.22,0.57,synthetic_demo_feed
ap_knl_adoni,2024-07-03,0.0,33.3,23.6,78.1,12.3,241.0,191.6,10.7,52.8,-0.38,0.22,0.57,synthetic_demo_feed
ap_knl_adoni,2024-07-04,0.0,35.1,22.9,75.3,8.4,217.5,209.0,7.3,69.7,-0.38,0.22,0.57,synthetic_demo_feed
ap_knl_adoni,2024-07-05,4.1,33.5,23.0,85.7,8.7,214.5,182.2,7.6,59.1,-0.38,0.22,0.57,synthetic_demo_feed
ap_knl_adoni,2024-07-06,0.0,35.2,22.5,78.3,9.2,216.0,215.8,8.0,61.7,-0.38,0.22,0.57,synthetic_demo_feed
ap_knl_adoni,2024-07-07,0.0,34.9,23.7,83.2,7.9,231.9,210.1,6.9,56.9,-0.38,0.22,0.57,synthetic_demo_feed
ap_knl_adoni,2024-07-08,22.4,31.8,23.0,79.0,10.3,230.2,190.6,9.0,73.2,-0.38,0.22,0.57,synthetic_demo_feed
ap_knl_adoni,2024-07-09,0.0,33.6,23.0,82.0,8.5,217.4,194.0,7.4,66.1,-0.38,0.22,0.57,synthetic_demo_feed
ap_knl_adoni,2024-07-10,0.0,35.5,23.5,84.3,7.8,218.1,195.8,6.8,67.5,-0.38,0.22,0.57,synthetic_demo_feed
ap_knl_adoni,2024-07-11,9.3,32.8,22.2,83.7,10.8,212.7,216.9,9.4,70.7,-0.38,0.22,0.57,synthetic_demo_feed
ap_knl_adoni,2024-07-12,0.0,35.1,22.0,81.7,8.5,216.0,186.5,7.4,72.0,-0.38,0.22,0.57,synthetic_demo_feed
ap_knl_adoni,2024-07-13,0.0,32.6,22.6,78.5,11.3,229.1,211.2,9.8,55.4,-0.38,0.22,0.57,synthetic_demo_feed
ap_knl_adoni,2024-07-14,0.0,32.5,22.8,79.1,8.5,228.8,209.4,7.4,50.9,-0.38,0.22,0.57,synthetic_demo_feed
ap_knl_adoni,2024-07-15,15.9,30.6,22.3,68.3,12.5,218.3,183.7,10.9,46.5,-0.38,0.22,0.57,synthetic_demo_feed
ap_knl_adoni,2024-07-16,18.0,30.0,23.2,75.7,9.9,239.8,208.0,8.6,64.8,-0.38,0.22,0.57,synthetic_demo_feed
ap_knl_adoni,2024-07-17,5.0,33.9,22.9,69.2,8.2,238.9,196.1,7.1,48.6,-0.38,0.22,0.57,synthetic_demo_feed
ap_knl_adoni,2024-07-18,0.0,34.4,23.5,86.4,11.4,211.5,217.0,9.9,50.9,-0.38,0.22,0.57,synthetic_demo_feed
ap_knl_adoni,2024-07-19,0.0,33.9,23.8,77.3,9.2,242.5,197.3,8.0,64.8,-0.38,0.22,0.57,synthetic_demo_feed
ap_knl_adoni,2024-07-20,0.6,32.7,22.6,46.5,5.1,127.4,237.6,4.4,55.5,-0.38,0.22,0.57,synthetic_demo_feed
ap_knl_adoni,2024-07-21,0.5,32.5,23.3,47.4,3.3,138.9,250.6,2.9,51.0,-0.38,0.22,0.57,synthetic_demo_feed
ap_knl_adoni,2024-07-22,0.1,34.3,23.4,55.4,3.2,102.0,242.2,2.8,46.5,-0.38,0.22,0.57,synthetic_demo_feed
ap_knl_adoni,2024-07-23,0.8,34.6,23.3,43.1,5.3,128.3,253.0,4.6,42.0,-0.38,0.22,0.57,synthetic_demo_feed
ap_knl_adoni,2024-07-24,0.2,34.6,23.0,44.1,4.6,81.0,251.7,4.0,37.5,-0.38,0.22,0.57,synthetic_demo_feed
ap_knl_adoni,2024-07-25,0.1,33.8,22.7,46.4,3.2,99.6,259.2,2.8,33.0,-0.38,0.22,0.57,synthetic_demo_feed
ap_knl_adoni,2024-07-26,0.3,32.5,23.9,45.4,5.5,133.3,242.7,4.8,28.5,-0.38,0.22,0.57,synthetic_demo_feed
ap_knl_adoni,2024-07-27,0.6,33.7,22.7,56.9,5.8,89.7,235.6,5.0,24.0,-0.38,0.22,0.57,synthetic_demo_feed
ap_knl_adoni,2024-07-28,0.2,32.7,23.4,51.6,3.1,137.8,247.4,2.7,20.0,-0.38,0.22,0.57,synthetic_demo_feed
ap_knl_adoni,2024-07-29,21.9,31.2,23.8,67.9,8.6,223.7,180.9,7.5,53.4,-0.38,0.22,0.57,synthetic_demo_feed
ap_knl_adoni,2024-07-30,21.9,31.3,22.6,79.8,11.0,220.0,213.1,9.6,51.7,-0.38,0.22,0.57,synthetic_demo_feed
ap_knl_adoni,2024-07-31,16.4,32.0,22.7,76.4,9.5,245.7,216.3,8.3,72.4,-0.38,0.22,0.57,synthetic_demo_feed
ap_knl_adoni,2024-08-01,4.0,33.2,22.3,88.0,10.9,219.8,197.7,9.5,56.2,-0.38,0.22,0.57,synthetic_demo_feed
ap_knl_adoni,2024-08-02,0.0,32.8,23.1,70.8,11.8,240.8,184.3,10.3,58.0,-0.38,0.22,0.57,synthetic_demo_feed
ap_knl_adoni,2024-08-03,0.0,34.9,23.1,65.6,7.7,214.0,200.6,6.7,72.3,-0.38,0.22,0.57,synthetic_demo_feed
ap_knl_adoni,2024-08-04,19.7,31.1,23.6,76.9,8.3,236.8,183.6,7.2,61.3,-0.38,0.22,0.57,synthetic_demo_feed
ap_knl_adoni,2024-08-05,5.8,33.0,22.4,87.4,11.2,211.7,181.2,9.7,66.1,-0.38,0.22,0.57,synthetic_demo_feed
ap_knl_adoni,2024-08-06,0.0,32.6,23.7,70.3,9.9,224.4,189.9,8.6,47.4,-0.38,0.22,0.57,synthetic_demo_feed
ap_knl_adoni,2024-08-07,0.0,34.6,22.0,83.4,9.1,232.6,191.0,7.9,50.2,-0.38,0.22,0.57,synthetic_demo_feed
ap_knl_adoni,2024-08-08,14.5,31.1,22.1,74.8,9.3,214.8,201.1,8.1,57.9,-0.38,0.22,0.57,synthetic_demo_feed
ap_knl_adoni,2024-08-09,7.0,33.9,23.8,69.6,12.0,227.6,206.8,10.4,57.1,-0.38,0.22,0.57,synthetic_demo_feed
ap_knl_adoni,2024-08-10,12.3,32.2,23.7,66.8,11.7,238.0,195.7,10.2,62.6,-0.38,0.22,0.57,synthetic_demo_feed
ap_knl_adoni,2024-08-11,0.0,33.4,22.7,74.3,12.5,233.6,181.3,10.9,57.8,-0.38,0.22,0.57,synthetic_demo_feed
ap_knl_adoni,2024-08-12,0.0,32.9,22.5,78.5,7.7,210.8,211.8,6.7,65.0,-0.38,0.22,0.57,synthetic_demo_feed
ap_knl_adoni,2024-08-13,0.0,34.6,23.5,86.7,10.2,244.3,203.4,8.9,47.0,-0.38,0.22,0.57,synthetic_demo_feed
ap_knl_adoni,2024-08-14,0.0,32.7,23.6,70.7,7.5,211.7,190.8,6.5,74.9,-0.38,0.22,0.57,synthetic_demo_feed
ap_knl_adoni,2024-08-15,0.0,35.0,23.9,71.8,11.6,225.8,200.1,10.1,69.9,-0.38,0.22,0.57,synthetic_demo_feed
ap_knl_adoni,2024-08-16,0.0,34.3,23.4,79.9,10.8,242.5,219.6,9.4,51.0,-0.38,0.22,0.57,synthetic_demo_feed
ap_knl_adoni,2024-08-17,15.0,30.9,22.6,73.8,9.5,212.0,191.7,8.3,48.0,-0.38,0.22,0.57,synthetic_demo_feed
ap_knl_adoni,2024-08-18,0.0,33.0,23.5,69.0,8.6,248.7,190.6,7.5,54.7,-0.38,0.22,0.57,synthetic_demo_feed
ap_knl_adoni,2024-08-19,0.0,33.8,22.0,86.0,10.5,238.5,203.8,9.1,74.9,-0.38,0.22,0.57,synthetic_demo_feed
ap_knl_adoni,2024-08-20,0.0,32.6,22.9,87.7,9.7,230.6,186.6,8.4,64.8,-0.38,0.22,0.57,synthetic_demo_feed
ap_knl_adoni,2024-08-21,0.0,33.0,23.3,67.0,8.4,211.1,201.6,7.3,46.6,-0.38,0.22,0.57,synthetic_demo_feed
ap_knl_adoni,2024-08-22,0.0,35.3,23.6,86.4,7.9,219.4,205.1,6.9,73.1,-0.38,0.22,0.57,synthetic_demo_feed
ap_knl_adoni,2024-08-23,0.0,34.8,22.9,78.7,10.5,215.9,210.0,9.1,71.5,-0.38,0.22,0.57,synthetic_demo_feed
ap_knl_adoni,2024-08-24,24.5,31.7,23.9,77.4,11.3,230.3,218.5,9.8,63.8,-0.38,0.22,0.57,synthetic_demo_feed
ap_knl_adoni,2024-08-25,0.0,33.4,22.3,86.3,12.5,240.3,214.1,10.9,71.8,-0.38,0.22,0.57,synthetic_demo_feed
ap_knl_adoni,2024-08-26,0.0,34.2,22.9,76.8,9.3,230.3,215.2,8.1,72.8,-0.38,0.22,0.57,synthetic_demo_feed
ap_knl_adoni,2024-08-27,2.8,33.5,22.9,71.0,11.7,213.7,186.9,10.2,46.4,-0.38,0.22,0.57,synthetic_demo_feed
ap_knl_adoni,2024-08-28,0.0,32.8,23.3,67.0,9.4,213.4,213.7,8.2,62.9,-0.38,0.22,0.57,synthetic_demo_feed
ap_knl_adoni,2024-08-29,22.5,30.4,23.8,83.2,10.6,216.0,207.0,9.2,63.0,-0.38,0.22,0.57,synthetic_demo_feed
ap_knl_adoni,2024-08-30,0.0,34.5,22.1,80.4,12.3,211.7,195.7,10.7,70.4,-0.38,0.22,0.57,synthetic_demo_feed
ap_knl_adoni,2024-08-31,18.6,30.8,22.1,83.2,11.6,246.0,190.3,10.1,57.7,-0.38,0.22,0.57,synthetic_demo_feed
ap_knl_adoni,2024-09-01,0.0,34.2,22.7,85.6,9.0,225.1,187.1,7.8,65.7,-0.38,0.22,0.57,synthetic_demo_feed
ap_knl_adoni,2024-09-02,23.4,29.5,23.3,80.1,12.0,245.4,203.2,10.4,64.2,-0.38,0.22,0.57,synthetic_demo_feed
ap_knl_adoni,2024-09-03,0.0,33.2,22.5,79.0,9.0,234.5,208.1,7.8,56.5,-0.38,0.22,0.57,synthetic_demo_feed
ap_knl_adoni,2024-09-04,12.7,30.9,22.3,65.3,7.8,249.2,192.5,6.8,61.8,-0.38,0.22,0.57,synthetic_demo_feed
ap_knl_adoni,2024-09-05,19.6,31.1,23.1,77.5,9.5,241.6,213.0,8.3,48.8,-0.38,0.22,0.57,synthetic_demo_feed
ap_knl_adoni,2024-09-06,14.5,30.7,22.5,79.1,10.1,229.2,201.3,8.8,71.4,-0.38,0.22,0.57,synthetic_demo_feed
ap_knl_adoni,2024-09-07,0.0,34.4,22.1,78.2,9.8,222.0,210.1,8.5,57.7,-0.38,0.22,0.57,synthetic_demo_feed
ap_knl_adoni,2024-09-08,21.2,31.6,23.2,81.7,11.4,242.6,203.5,9.9,55.7,-0.38,0.22,0.57,synthetic_demo_feed
ap_knl_adoni,2024-09-09,0.0,34.7,23.8,67.5,11.2,223.7,214.9,9.7,51.4,-0.38,0.22,0.57,synthetic_demo_feed
ap_knl_adoni,2024-09-10,0.0,33.5,23.7,77.8,8.7,210.9,181.8,7.6,47.8,-0.38,0.22,0.57,synthetic_demo_feed
ap_knl_adoni,2024-09-11,22.9,29.4,22.6,68.3,9.1,211.3,191.1,7.9,48.7,-0.38,0.22,0.57,synthetic_demo_feed
ap_knl_adoni,2024-09-12,9.0,33.4,23.0,74.2,10.5,246.5,181.1,9.1,46.9,-0.38,0.22,0.57,synthetic_demo_feed
ap_knl_adoni,2024-09-13,0.0,34.8,23.3,70.9,8.2,231.9,210.9,7.1,61.1,-0.38,0.22,0.57,synthetic_demo_feed
ap_knl_adoni,2024-09-14,0.0,32.8,22.2,75.6,12.0,220.8,209.2,10.4,61.5,-0.38,0.22,0.57,synthetic_demo_feed
ap_knl_adoni,2024-09-15,0.0,35.3,23.3,84.3,11.5,247.9,219.8,10.0,63.7,-0.38,0.22,0.57,synthetic_demo_feed
ap_knl_adoni,2024-09-16,0.0,35.4,22.8,83.5,10.2,234.7,204.7,8.9,52.5,-0.38,0.22,0.57,synthetic_demo_feed
ap_knl_adoni,2024-09-17,23.4,30.0,22.5,85.5,9.1,222.5,195.2,7.9,47.7,-0.38,0.22,0.57,synthetic_demo_feed
ap_knl_adoni,2024-09-18,0.0,32.7,23.4,81.6,10.7,229.1,184.4,9.3,65.4,-0.38,0.22,0.57,synthetic_demo_feed
ap_knl_adoni,2024-09-19,18.2,30.0,23.4,73.1,11.0,212.5,195.3,9.6,47.1,-0.38,0.22,0.57,synthetic_demo_feed
ap_knl_adoni,2024-09-20,0.0,33.4,22.8,83.6,11.5,238.4,201.5,10.0,51.2,-0.38,0.22,0.57,synthetic_demo_feed
ap_knl_adoni,2024-09-21,14.1,30.5,23.2,66.3,9.4,236.1,190.4,8.2,59.6,-0.38,0.22,0.57,synthetic_demo_feed
ap_knl_adoni,2024-09-22,5.6,32.8,22.8,69.1,10.5,244.6,201.2,9.1,53.8,-0.38,0.22,0.57,synthetic_demo_feed
ap_knl_adoni,2024-09-23,0.0,32.7,23.6,75.0,10.3,220.5,209.6,9.0,59.9,-0.38,0.22,0.57,synthetic_demo_feed
ap_knl_adoni,2024-09-24,20.3,30.5,23.8,73.4,9.7,232.8,192.4,8.4,67.7,-0.38,0.22,0.57,synthetic_demo_feed
ap_knl_adoni,2024-09-25,0.0,34.9,22.1,70.1,9.1,215.2,192.3,7.9,68.4,-0.38,0.22,0.57,synthetic_demo_feed
ap_knl_adoni,2024-09-26,0.0,35.1,22.4,85.1,11.6,226.7,194.8,10.1,68.5,-0.38,0.22,0.57,synthetic_demo_feed
ap_knl_adoni,2024-09-27,0.0,33.2,22.1,72.7,9.5,237.8,182.2,8.3,63.2,-0.38,0.22,0.57,synthetic_demo_feed
ap_knl_adoni,2024-09-28,0.0,35.4,23.6,69.0,8.4,227.1,186.4,7.3,53.8,-0.38,0.22,0.57,synthetic_demo_feed
ap_knl_adoni,2024-09-29,0.0,34.3,22.8,74.2,9.9,214.1,207.8,8.6,67.9,-0.38,0.22,0.57,synthetic_demo_feed
ap_knl_adoni,2024-09-30,18.5,32.6,23.1,87.4,9.4,230.7,184.0,8.2,60.1,-0.38,0.22,0.57,synthetic_demo_feed
ap_knl_adoni,2024-10-01,0.0,33.9,23.0,59.6,6.1,103.8,222.1,5.3,22.2,-0.38,0.22,0.57,synthetic_demo_feed
ap_knl_adoni,2024-10-02,0.0,34.3,23.9,57.5,3.9,106.6,254.7,3.4,24.8,-0.38,0.22,0.57,synthetic_demo_feed
ap_knl_adoni,2024-10-03,0.0,33.7,22.5,48.9,6.2,89.8,220.5,5.4,37.9,-0.38,0.22,0.57,synthetic_demo_feed
ap_knl_adoni,2024-10-04,0.0,34.1,22.5,58.4,6.0,125.6,222.7,5.2,22.9,-0.38,0.22,0.57,synthetic_demo_feed
ap_knl_adoni,2024-10-05,0.0,34.8,22.1,51.8,4.6,113.2,228.0,4.0,28.2,-0.38,0.22,0.57,synthetic_demo_feed
ap_knl_adoni,2024-10-06,0.0,33.4,22.2,45.3,4.7,113.4,242.2,4.1,30.2,-0.38,0.22,0.57,synthetic_demo_feed
ap_knl_adoni,2024-10-07,0.0,35.4,22.1,47.2,6.4,120.5,237.6,5.6,34.0,-0.38,0.22,0.57,synthetic_demo_feed
ap_knl_adoni,2024-10-08,0.0,32.9,22.4,53.0,4.7,132.8,230.7,4.1,27.4,-0.38,0.22,0.57,synthetic_demo_feed
ap_knl_adoni,2024-10-09,4.7,33.6,23.5,48.9,5.9,138.6,225.4,5.1,34.3,-0.38,0.22,0.57,synthetic_demo_feed
ap_knl_adoni,2024-10-10,0.0,34.8,23.5,41.7,6.2,94.6,241.7,5.4,29.0,-0.38,0.22,0.57,synthetic_demo_feed
ap_knl_adoni,2024-10-11,0.0,35.1,23.1,49.8,6.0,102.8,242.5,5.2,22.5,-0.38,0.22,0.57,synthetic_demo_feed
ap_knl_adoni,2024-10-12,0.0,32.7,23.7,54.3,5.1,116.4,222.5,4.4,32.5,-0.38,0.22,0.57,synthetic_demo_feed
ap_knl_adoni,2024-10-13,0.0,32.6,23.2,46.6,3.6,127.6,228.6,3.1,32.2,-0.38,0.22,0.57,synthetic_demo_feed
ap_knl_adoni,2024-10-14,0.0,33.2,23.7,42.9,5.2,132.9,245.2,4.5,32.0,-0.38,0.22,0.57,synthetic_demo_feed
ap_knl_adoni,2024-10-15,4.3,34.0,22.8,54.8,6.2,108.5,250.2,5.4,30.2,-0.38,0.22,0.57,synthetic_demo_feed
ap_knl_adoni,2024-10-16,0.0,33.3,23.8,46.9,6.3,137.3,251.7,5.5,24.8,-0.38,0.22,0.57,synthetic_demo_feed
ap_knl_adoni,2024-10-17,0.0,33.6,22.1,44.2,6.3,116.2,235.0,5.5,30.6,-0.38,0.22,0.57,synthetic_demo_feed
ap_knl_adoni,2024-10-18,0.0,34.8,23.6,40.3,5.4,120.2,244.7,4.7,33.0,-0.38,0.22,0.57,synthetic_demo_feed
ap_knl_adoni,2024-10-19,0.0,34.5,23.7,49.1,3.9,124.1,240.9,3.4,30.0,-0.38,0.22,0.57,synthetic_demo_feed
ap_knl_adoni,2024-10-20,0.0,33.0,23.8,51.7,4.9,121.4,239.9,4.3,30.2,-0.38,0.22,0.57,synthetic_demo_feed
ap_knl_adoni,2024-10-21,5.0,32.6,22.9,42.7,5.4,88.3,231.0,4.7,29.7,-0.38,0.22,0.57,synthetic_demo_feed
ap_knl_adoni,2024-10-22,0.0,34.7,22.8,54.6,3.8,95.2,221.3,3.3,31.6,-0.38,0.22,0.57,synthetic_demo_feed
ap_knl_adoni,2024-10-23,0.0,33.0,22.5,53.0,6.3,114.1,251.7,5.5,31.5,-0.38,0.22,0.57,synthetic_demo_feed
ap_knl_adoni,2024-10-24,4.9,34.2,23.9,50.0,5.8,114.0,254.5,5.0,28.3,-0.38,0.22,0.57,synthetic_demo_feed
ap_knl_adoni,2024-10-25,0.0,35.3,22.3,41.0,5.2,87.3,238.1,4.5,31.2,-0.38,0.22,0.57,synthetic_demo_feed
ap_knl_adoni,2024-10-26,0.0,34.6,22.8,57.8,4.3,106.0,220.5,3.7,22.3,-0.38,0.22,0.57,synthetic_demo_feed
ap_knl_adoni,2024-10-27,4.6,34.2,23.0,53.4,5.6,103.2,237.8,4.9,30.9,-0.38,0.22,0.57,synthetic_demo_feed
ap_knl_adoni,2024-10-28,0.4,35.2,22.5,55.9,4.7,113.2,230.3,4.1,26.6,-0.38,0.22,0.57,synthetic_demo_feed
ap_knl_adoni,2024-10-29,0.0,32.6,23.0,41.7,5.6,105.3,242.7,4.9,30.2,-0.38,0.22,0.57,synthetic_demo_feed
ap_knl_adoni,2024-10-30,0.0,35.1,23.2,43.9,5.6,129.9,250.0,4.9,26.9,-0.38,0.22,0.57,synthetic_demo_feed
ap_knl_adoni,2024-10-31,0.0,35.0,22.8,55.5,4.1,90.9,221.2,3.6,22.3,-0.38,0.22,0.57,synthetic_demo_feed
ap_knl_adoni,2025-05-01,0.0,33.8,22.1,59.0,6.7,81.2,248.5,5.8,31.4,-0.38,0.22,0.57,synthetic_demo_feed
ap_knl_adoni,2025-05-02,0.0,32.8,22.0,53.4,6.8,118.8,235.3,5.9,28.8,-0.38,0.22,0.57,synthetic_demo_feed
ap_knl_adoni,2025-05-03,0.0,35.5,22.4,41.8,3.8,96.9,230.5,3.3,35.5,-0.38,0.22,0.57,synthetic_demo_feed
ap_knl_adoni,2025-05-04,0.0,34.3,23.5,52.3,3.8,108.2,239.0,3.3,36.8,-0.38,0.22,0.57,synthetic_demo_feed
ap_knl_adoni,2025-05-05,0.0,34.1,22.6,55.2,6.1,88.4,220.5,5.3,28.9,-0.38,0.22,0.57,synthetic_demo_feed
ap_knl_adoni,2025-05-06,0.0,34.9,23.1,43.2,5.6,112.4,239.9,4.9,31.7,-0.38,0.22,0.57,synthetic_demo_feed
ap_knl_adoni,2025-05-07,0.0,34.5,23.3,42.4,5.6,126.9,238.2,4.9,30.5,-0.38,0.22,0.57,synthetic_demo_feed
ap_knl_adoni,2025-05-08,0.2,34.2,23.8,47.3,4.9,81.4,248.1,4.3,35.5,-0.38,0.22,0.57,synthetic_demo_feed
ap_knl_adoni,2025-05-09,0.0,34.8,22.7,42.7,6.7,131.0,224.4,5.8,36.1,-0.38,0.22,0.57,synthetic_demo_feed
ap_knl_adoni,2025-05-10,0.0,35.4,23.1,43.7,6.3,80.4,240.2,5.5,22.2,-0.38,0.22,0.57,synthetic_demo_feed
ap_knl_adoni,2025-05-11,0.0,33.9,22.7,42.8,4.7,98.9,251.4,4.1,23.2,-0.38,0.22,0.57,synthetic_demo_feed
ap_knl_adoni,2025-05-12,0.0,32.9,22.6,54.1,5.1,116.1,236.1,4.4,32.7,-0.38,0.22,0.57,synthetic_demo_feed
ap_knl_adoni,2025-05-13,0.0,33.3,23.2,56.7,5.8,115.5,223.4,5.0,30.8,-0.38,0.22,0.57,synthetic_demo_feed
ap_knl_adoni,2025-05-14,0.0,33.5,23.2,42.8,4.0,107.0,235.3,3.5,37.1,-0.38,0.22,0.57,synthetic_demo_feed
ap_knl_adoni,2025-05-15,0.0,33.3,22.3,45.3,6.6,129.4,250.9,5.7,33.7,-0.38,0.22,0.57,synthetic_demo_feed
ap_knl_adoni,2025-05-16,0.0,34.8,22.3,56.7,5.2,130.7,230.3,4.5,27.1,-0.38,0.22,0.57,synthetic_demo_feed
ap_knl_adoni,2025-05-17,4.2,34.1,22.1,54.2,6.3,104.0,232.9,5.5,22.3,-0.38,0.22,0.57,synthetic_demo_feed
ap_knl_adoni,2025-05-18,0.0,33.1,22.3,59.0,4.8,130.9,251.4,4.2,29.3,-0.38,0.22,0.57,synthetic_demo_feed
ap_knl_adoni,2025-05-19,0.0,34.7,23.6,51.2,4.0,80.3,226.2,3.5,27.2,-0.38,0.22,0.57,synthetic_demo_feed
ap_knl_adoni,2025-05-20,2.6,34.3,22.5,43.7,6.3,88.2,253.1,5.5,33.0,-0.38,0.22,0.57,synthetic_demo_feed
ap_knl_adoni,2025-05-21,0.0,33.6,23.0,58.5,6.7,83.5,233.6,5.8,34.7,-0.38,0.22,0.57,synthetic_demo_feed
ap_knl_adoni,2025-05-22,0.0,34.2,23.9,59.0,5.9,116.6,239.7,5.1,23.5,-0.38,0.22,0.57,synthetic_demo_feed
ap_knl_adoni,2025-05-23,0.0,33.1,22.2,56.3,3.8,132.8,251.0,3.3,23.4,-0.38,0.22,0.57,synthetic_demo_feed
ap_knl_adoni,2025-05-24,0.0,34.2,22.4,55.9,6.3,82.0,228.0,5.5,22.9,-0.38,0.22,0.57,synthetic_demo_feed
ap_knl_adoni,2025-05-25,2.2,34.3,24.0,59.1,3.4,85.2,231.0,3.0,26.1,-0.38,0.22,0.57,synthetic_demo_feed
ap_knl_adoni,2025-05-26,0.0,34.9,22.3,46.5,5.4,114.0,247.5,4.7,26.7,-0.38,0.22,0.57,synthetic_demo_feed
ap_knl_adoni,2025-05-27,0.0,32.9,22.5,57.3,5.4,137.4,240.8,4.7,28.6,-0.38,0.22,0.57,synthetic_demo_feed
ap_knl_adoni,2025-05-28,0.0,34.0,22.3,59.2,6.0,108.4,234.5,5.2,34.7,-0.38,0.22,0.57,synthetic_demo_feed
ap_knl_adoni,2025-05-29,0.0,32.7,22.5,58.0,3.7,82.7,248.4,3.2,33.6,-0.38,0.22,0.57,synthetic_demo_feed
ap_knl_adoni,2025-05-30,0.0,33.9,22.6,44.4,5.5,138.2,239.7,4.8,24.9,-0.38,0.22,0.57,synthetic_demo_feed
ap_knl_adoni,2025-05-31,0.0,33.2,23.7,50.5,4.9,89.1,245.5,4.3,36.1,-0.38,0.22,0.57,synthetic_demo_feed
ap_knl_adoni,2025-06-01,0.0,33.8,22.4,77.6,8.9,231.9,196.2,7.7,46.2,-0.38,0.22,0.57,synthetic_demo_feed
ap_knl_adoni,2025-06-02,0.0,34.1,23.9,86.4,12.1,222.7,219.9,10.5,60.1,-0.38,0.22,0.57,synthetic_demo_feed
ap_knl_adoni,2025-06-03,23.2,29.4,22.1,84.5,10.7,223.4,211.9,9.3,57.2,-0.38,0.22,0.57,synthetic_demo_feed
ap_knl_adoni,2025-06-04,12.5,31.7,22.7,73.3,7.7,225.9,191.1,6.7,63.6,-0.38,0.22,0.57,synthetic_demo_feed
ap_knl_adoni,2025-06-05,6.6,33.8,22.2,77.4,10.6,229.7,213.0,9.2,55.0,-0.38,0.22,0.57,synthetic_demo_feed
ap_knl_adoni,2025-06-06,0.0,32.8,22.2,78.8,10.9,214.0,209.2,9.5,71.7,-0.38,0.22,0.57,synthetic_demo_feed
ap_knl_adoni,2025-06-07,0.0,33.5,22.6,87.7,7.9,247.7,217.7,6.9,45.6,-0.38,0.22,0.57,synthetic_demo_feed
ap_knl_adoni,2025-06-08,29.7,28.1,23.4,82.5,14.3,224.8,161.9,12.4,56.0,-0.38,0.22,0.57,synthetic_demo_feed
ap_knl_adoni,2025-06-09,18.1,30.0,22.4,90.5,15.6,210.0,188.6,13.6,62.0,-0.38,0.22,0.57,synthetic_demo_feed
ap_knl_adoni,2025-06-10,14.2,32.8,23.1,84.7,12.5,244.9,164.7,10.9,68.0,-0.38,0.22,0.57,synthetic_demo_feed
ap_knl_adoni,2025-06-11,13.5,33.2,22.2,92.2,12.4,214.4,165.5,10.8,74.0,-0.38,0.22,0.57,synthetic_demo_feed
ap_knl_adoni,2025-06-12,17.6,32.8,23.3,93.2,10.9,237.5,185.2,9.5,80.0,-0.38,0.22,0.57,synthetic_demo_feed
ap_knl_adoni,2025-06-13,16.8,31.5,23.5,71.5,7.6,238.2,204.7,6.6,73.7,-0.38,0.22,0.57,synthetic_demo_feed
ap_knl_adoni,2025-06-14,0.0,34.3,22.7,86.4,10.3,211.1,198.5,9.0,66.2,-0.38,0.22,0.57,synthetic_demo_feed
ap_knl_adoni,2025-06-15,19.4,31.5,23.9,74.0,7.5,240.9,182.6,6.5,73.7,-0.38,0.22,0.57,synthetic_demo_feed
ap_knl_adoni,2025-06-16,18.0,32.4,22.9,73.0,7.5,230.3,203.2,6.5,73.1,-0.38,0.22,0.57,synthetic_demo_feed
ap_knl_adoni,2025-06-17,0.0,35.2,23.9,77.5,7.8,249.6,210.4,6.8,63.8,-0.38,0.22,0.57,synthetic_demo_feed
ap_knl_adoni,2025-06-18,16.3,30.8,22.7,73.3,12.4,232.7,215.7,10.8,67.8,-0.38,0.22,0.57,synthetic_demo_feed
ap_knl_adoni,2025-06-19,10.6,32.6,23.3,87.2,7.8,225.9,182.8,6.8,62.1,-0.38,0.22,0.57,synthetic_demo_feed
ap_knl_adoni,2025-06-20,23.1,30.5,22.1,77.6,7.8,237.8,213.0,6.8,66.5,-0.38,0.22,0.57,synthetic_demo_feed
ap_knl_adoni,2025-06-21,13.3,32.5,23.1,81.5,11.0,221.6,190.7,9.6,73.7,-0.38,0.22,0.57,synthetic_demo_feed
ap_knl_adoni,2025-06-22,0.0,34.0,22.8,70.2,9.4,243.9,218.5,8.2,45.1,-0.38,0.22,0.57,synthetic_demo_feed
ap_knl_adoni,2025-06-23,9.9,31.7,22.8,84.1,10.7,220.2,188.7,9.3,47.2,-0.38,0.22,0.57,synthetic_demo_feed
ap_knl_adoni,2025-06-24,0.0,32.7,22.4,77.4,8.0,247.9,187.3,7.0,50.5,-0.38,0.22,0.57,synthetic_demo_feed
ap_knl_adoni,2025-06-25,0.0,32.7,23.5,72.1,11.6,211.3,186.0,10.1,70.7,-0.38,0.22,0.57,synthetic_demo_feed
ap_knl_adoni,2025-06-26,22.6,31.4,23.1,73.2,10.9,246.5,196.9,9.5,45.2,-0.38,0.22,0.57,synthetic_demo_feed
ap_knl_adoni,2025-06-27,0.0,33.7,22.4,85.8,8.3,215.4,189.7,7.2,47.7,-0.38,0.22,0.57,synthetic_demo_feed
ap_knl_adoni,2025-06-28,0.0,33.9,23.5,87.0,11.0,249.8,191.3,9.6,72.7,-0.38,0.22,0.57,synthetic_demo_feed
ap_knl_adoni,2025-06-29,0.0,32.8,23.2,84.7,9.8,233.7,219.3,8.5,70.8,-0.38,0.22,0.57,synthetic_demo_feed
ap_knl_adoni,2025-06-30,6.3,34.2,23.6,70.5,12.4,245.4,181.9,10.8,65.1,-0.38,0.22,0.57,synthetic_demo_feed
ap_knl_adoni,2025-07-01,10.8,31.0,23.2,75.6,7.8,210.0,200.8,6.8,58.9,-0.38,0.22,0.57,synthetic_demo_feed
ap_knl_adoni,2025-07-02,4.5,32.4,22.9,81.4,8.3,248.3,193.8,7.2,61.5,-0.38,0.22,0.57,synthetic_demo_feed
ap_knl_adoni,2025-07-03,20.4,31.8,23.0,73.1,8.4,246.4,209.0,7.3,72.3,-0.38,0.22,0.57,synthetic_demo_feed
ap_knl_adoni,2025-07-04,0.0,34.0,22.4,75.0,10.3,224.9,207.5,9.0,68.2,-0.38,0.22,0.57,synthetic_demo_feed
ap_knl_adoni,2025-07-05,0.0,34.6,22.9,72.2,10.5,238.2,183.3,9.1,67.5,-0.38,0.22,0.57,synthetic_demo_feed
ap_knl_adoni,2025-07-06,15.0,31.0,23.1,87.8,7.7,242.3,181.8,6.7,55.2,-0.38,0.22,0.57,synthetic_demo_feed
ap_knl_adoni,2025-07-07,0.0,34.0,23.2,73.6,10.3,246.0,188.6,9.0,73.3,-0.38,0.22,0.57,synthetic_demo_feed
ap_knl_adoni,2025-07-08,0.0,32.8,23.0,72.2,12.4,216.7,191.0,10.8,46.6,-0.38,0.22,0.57,synthetic_demo_feed
ap_knl_adoni,2025-07-09,0.0,34.1,23.3,77.7,7.7,243.5,186.5,6.7,63.5,-0.38,0.22,0.57,synthetic_demo_feed
ap_knl_adoni,2025-07-10,17.4,30.7,22.4,71.4,8.7,215.3,186.2,7.6,59.6,-0.38,0.22,0.57,synthetic_demo_feed
ap_knl_adoni,2025-07-11,0.0,33.6,23.2,74.7,8.0,217.9,201.0,7.0,73.6,-0.38,0.22,0.57,synthetic_demo_feed
ap_knl_adoni,2025-07-12,5.3,31.9,23.9,65.8,7.6,237.8,205.1,6.6,51.2,-0.38,0.22,0.57,synthetic_demo_feed
ap_knl_adoni,2025-07-13,5.5,34.3,22.5,84.6,10.0,238.7,208.7,8.7,48.8,-0.38,0.22,0.57,synthetic_demo_feed
ap_knl_adoni,2025-07-14,20.0,30.3,22.4,72.7,7.9,237.3,185.2,6.9,46.4,-0.38,0.22,0.57,synthetic_demo_feed
ap_knl_adoni,2025-07-15,0.0,33.9,22.7,70.3,11.6,246.1,193.8,10.1,69.8,-0.38,0.22,0.57,synthetic_demo_feed
ap_knl_adoni,2025-07-16,14.6,32.1,22.8,65.5,7.8,245.3,185.3,6.8,49.9,-0.38,0.22,0.57,synthetic_demo_feed
ap_knl_adoni,2025-07-17,0.0,35.1,22.3,73.7,9.9,240.0,209.7,8.6,63.2,-0.38,0.22,0.57,synthetic_demo_feed
ap_knl_adoni,2025-07-18,0.0,34.7,23.6,71.1,11.5,212.7,184.8,10.0,70.3,-0.38,0.22,0.57,synthetic_demo_feed
ap_knl_adoni,2025-07-19,6.1,33.0,23.0,69.7,11.6,224.7,202.7,10.1,48.6,-0.38,0.22,0.57,synthetic_demo_feed
ap_knl_adoni,2025-07-20,0.4,35.2,22.9,55.5,5.3,125.2,244.2,4.6,55.5,-0.38,0.22,0.57,synthetic_demo_feed
ap_knl_adoni,2025-07-21,0.7,32.6,23.0,56.9,4.9,103.6,244.6,4.3,51.0,-0.38,0.22,0.57,synthetic_demo_feed
ap_knl_adoni,2025-07-22,0.3,33.2,23.3,54.2,3.7,106.5,242.6,3.2,46.5,-0.38,0.22,0.57,synthetic_demo_feed
ap_knl_adoni,2025-07-23,0.3,33.0,22.4,51.7,4.8,105.0,259.5,4.2,42.0,-0.38,0.22,0.57,synthetic_demo_feed
ap_knl_adoni,2025-07-24,0.0,32.9,22.3,49.3,3.9,88.1,251.2,3.4,37.5,-0.38,0.22,0.57,synthetic_demo_feed
ap_knl_adoni,2025-07-25,0.7,33.0,22.8,44.3,3.7,88.2,237.9,3.2,33.0,-0.38,0.22,0.57,synthetic_demo_feed
ap_knl_adoni,2025-07-26,0.7,33.2,22.3,53.1,4.7,120.8,243.6,4.1,28.5,-0.38,0.22,0.57,synthetic_demo_feed
ap_knl_adoni,2025-07-27,0.7,33.9,24.0,50.5,5.6,137.0,250.9,4.9,24.0,-0.38,0.22,0.57,synthetic_demo_feed
ap_knl_adoni,2025-07-28,0.5,33.1,22.6,44.4,5.5,129.2,253.5,4.8,20.0,-0.38,0.22,0.57,synthetic_demo_feed
ap_knl_adoni,2025-07-29,16.0,30.8,22.3,69.6,8.9,248.6,207.3,7.7,55.2,-0.38,0.22,0.57,synthetic_demo_feed
ap_knl_adoni,2025-07-30,0.0,32.7,23.1,69.3,12.5,219.0,217.9,10.9,56.0,-0.38,0.22,0.57,synthetic_demo_feed
ap_knl_adoni,2025-07-31,7.1,33.9,23.7,70.5,11.6,231.2,212.6,10.1,47.4,-0.38,0.22,0.57,synthetic_demo_feed
ap_knl_adoni,2025-08-01,10.9,33.6,23.1,75.7,9.4,220.7,208.8,8.2,66.8,-0.38,0.22,0.57,synthetic_demo_feed
ap_knl_adoni,2025-08-02,12.7,32.9,23.8,83.3,12.1,235.4,203.5,10.5,53.0,-0.38,0.22,0.57,synthetic_demo_feed
ap_knl_adoni,2025-08-03,0.0,35.1,22.8,73.5,8.7,247.2,194.4,7.6,59.2,-0.38,0.22,0.57,synthetic_demo_feed
ap_knl_adoni,2025-08-04,0.0,33.3,22.2,66.5,12.4,223.7,200.1,10.8,51.3,-0.38,0.22,0.57,synthetic_demo_feed
ap_knl_adoni,2025-08-05,14.5,33.1,22.6,86.3,10.5,213.5,216.3,9.1,73.1,-0.38,0.22,0.57,synthetic_demo_feed
ap_knl_adoni,2025-08-06,19.6,30.8,23.7,86.6,9.2,217.3,203.8,8.0,62.3,-0.38,0.22,0.57,synthetic_demo_feed
ap_knl_adoni,2025-08-07,0.0,33.6,23.4,87.6,9.8,249.5,189.6,8.5,49.1,-0.38,0.22,0.57,synthetic_demo_feed
ap_knl_adoni,2025-08-08,11.2,32.8,23.2,87.9,9.0,219.9,217.3,7.8,73.6,-0.38,0.22,0.57,synthetic_demo_feed
ap_knl_adoni,2025-08-09,0.0,33.4,23.4,71.9,11.7,212.2,217.6,10.2,54.5,-0.38,0.22,0.57,synthetic_demo_feed
ap_knl_adoni,2025-08-10,0.0,34.5,22.0,70.2,11.5,231.4,188.8,10.0,73.8,-0.38,0.22,0.57,synthetic_demo_feed
ap_knl_adoni,2025-08-11,0.0,32.9,22.2,83.9,12.3,224.7,184.9,10.7,72.6,-0.38,0.22,0.57,synthetic_demo_feed
ap_knl_adoni,2025-08-12,0.0,33.6,23.9,71.5,12.3,221.2,183.7,10.7,49.7,-0.38,0.22,0.57,synthetic_demo_feed
ap_knl_adoni,2025-08-13,0.0,35.0,23.3,83.3,12.2,237.1,197.3,10.6,52.8,-0.38,0.22,0.57,synthetic_demo_feed
ap_knl_adoni,2025-08-14,13.7,30.5,23.1,79.9,8.3,241.9,205.7,7.2,69.5,-0.38,0.22,0.57,synthetic_demo_feed
ap_knl_adoni,2025-08-15,0.0,34.2,22.8,75.2,8.6,223.0,212.8,7.5,58.6,-0.38,0.22,0.57,synthetic_demo_feed
ap_knl_adoni,2025-08-16,13.0,32.8,23.4,79.9,12.2,242.6,184.5,10.6,46.4,-0.38,0.22,0.57,synthetic_demo_feed
ap_knl_adoni,2025-08-17,0.0,34.4,23.3,86.3,7.8,211.8,217.3,6.8,56.0,-0.38,0.22,0.57,synthetic_demo_feed
ap_knl_adoni,2025-08-18,5.9,32.6,23.3,67.9,8.4,247.8,214.3,7.3,54.3,-0.38,0.22,0.57,synthetic_demo_feed
ap_knl_adoni,2025-08-19,3.1,34.8,23.5,80.9,12.5,231.2,192.0,10.9,48.7,-0.38,0.22,0.57,synthetic_demo_feed
ap_knl_adoni,2025-08-20,0.0,33.1,23.2,85.9,12.6,224.0,183.5,11.0,51.0,-0.38,0.22,0.57,synthetic_demo_feed
ap_knl_adoni,2025-08-21,20.0,31.7,23.7,78.8,11.2,241.4,187.0,9.7,50.6,-0.38,0.22,0.57,synthetic_demo_feed
ap_knl_adoni,2025-08-22,18.7,30.3,22.5,85.5,9.3,216.8,218.7,8.1,64.8,-0.38,0.22,0.57,synthetic_demo_feed
ap_knl_adoni,2025-08-23,0.0,34.1,23.2,81.1,9.8,210.1,210.8,8.5,50.7,-0.38,0.22,0.57,synthetic_demo_feed
ap_knl_adoni,2025-08-24,13.2,31.2,22.5,84.1,12.1,227.1,207.7,10.5,68.5,-0.38,0.22,0.57,synthetic_demo_feed
ap_knl_adoni,2025-08-25,0.0,35.4,22.1,67.1,9.9,217.5,218.9,8.6,46.5,-0.38,0.22,0.57,synthetic_demo_feed
ap_knl_adoni,2025-08-26,0.0,35.1,22.8,76.6,8.0,213.9,211.5,7.0,49.8,-0.38,0.22,0.57,synthetic_demo_feed
ap_knl_adoni,2025-08-27,0.0,35.4,22.4,79.8,7.9,248.5,186.2,6.9,73.6,-0.38,0.22,0.57,synthetic_demo_feed
ap_knl_adoni,2025-08-28,0.0,34.5,23.7,67.1,8.4,227.4,205.3,7.3,70.8,-0.38,0.22,0.57,synthetic_demo_feed
ap_knl_adoni,2025-08-29,0.0,33.5,23.5,82.9,12.0,215.2,190.5,10.4,59.4,-0.38,0.22,0.57,synthetic_demo_feed
ap_knl_adoni,2025-08-30,24.3,31.6,23.0,68.5,11.0,235.4,188.7,9.6,73.6,-0.38,0.22,0.57,synthetic_demo_feed
ap_knl_adoni,2025-08-31,0.0,35.1,23.1,73.0,12.6,238.7,191.7,11.0,74.7,-0.38,0.22,0.57,synthetic_demo_feed
ap_knl_adoni,2025-09-01,0.0,33.7,22.8,69.1,12.0,242.8,207.4,10.4,73.8,-0.38,0.22,0.57,synthetic_demo_feed
ap_knl_adoni,2025-09-02,0.0,33.2,23.8,80.1,8.5,241.6,219.7,7.4,72.0,-0.38,0.22,0.57,synthetic_demo_feed
ap_knl_adoni,2025-09-03,0.0,33.3,23.4,79.9,7.8,229.7,211.9,6.8,60.9,-0.38,0.22,0.57,synthetic_demo_feed
ap_knl_adoni,2025-09-04,7.8,33.6,23.3,84.7,9.1,223.0,199.4,7.9,73.5,-0.38,0.22,0.57,synthetic_demo_feed
ap_knl_adoni,2025-09-05,17.3,32.3,23.3,74.2,9.4,219.2,188.8,8.2,46.7,-0.38,0.22,0.57,synthetic_demo_feed
ap_knl_adoni,2025-09-06,0.0,34.9,22.1,66.5,9.3,222.7,198.9,8.1,66.9,-0.38,0.22,0.57,synthetic_demo_feed
ap_knl_adoni,2025-09-07,0.0,33.8,23.4,80.2,12.3,212.9,212.0,10.7,56.0,-0.38,0.22,0.57,synthetic_demo_feed
ap_knl_adoni,2025-09-08,0.0,35.3,22.2,74.9,9.2,238.8,216.7,8.0,45.5,-0.38,0.22,0.57,synthetic_demo_feed
ap_knl_adoni,2025-09-09,0.0,33.1,23.0,77.6,9.1,210.0,188.5,7.9,55.7,-0.38,0.22,0.57,synthetic_demo_feed
ap_knl_adoni,2025-09-10,8.2,33.2,22.2,65.3,8.3,239.2,197.4,7.2,63.7,-0.38,0.22,0.57,synthetic_demo_feed
ap_knl_adoni,2025-09-11,9.4,33.9,22.8,82.3,10.5,231.3,217.6,9.1,57.9,-0.38,0.22,0.57,synthetic_demo_feed
ap_knl_adoni,2025-09-12,0.0,33.0,23.0,77.0,10.3,229.4,196.2,9.0,51.5,-0.38,0.22,0.57,synthetic_demo_feed
ap_knl_adoni,2025-09-13,16.0,30.2,23.9,80.0,8.2,237.8,210.8,7.1,65.2,-0.38,0.22,0.57,synthetic_demo_feed
ap_knl_adoni,2025-09-14,0.0,35.0,23.9,77.5,9.9,247.6,201.4,8.6,55.6,-0.38,0.22,0.57,synthetic_demo_feed
ap_knl_adoni,2025-09-15,0.0,32.8,23.5,72.1,11.0,223.2,216.0,9.6,48.5,-0.38,0.22,0.57,synthetic_demo_feed
ap_knl_adoni,2025-09-16,24.0,29.3,22.1,79.6,11.5,214.8,206.9,10.0,50.5,-0.38,0.22,0.57,synthetic_demo_feed
ap_knl_adoni,2025-09-17,21.4,31.0,22.9,73.7,10.0,246.9,211.0,8.7,74.8,-0.38,0.22,0.57,synthetic_demo_feed
ap_knl_adoni,2025-09-18,0.0,33.7,22.6,74.7,7.5,236.6,208.4,6.5,61.8,-0.38,0.22,0.57,synthetic_demo_feed
ap_knl_adoni,2025-09-19,11.5,31.0,23.6,86.2,10.6,225.4,202.9,9.2,71.5,-0.38,0.22,0.57,synthetic_demo_feed
ap_knl_adoni,2025-09-20,18.0,30.9,23.4,65.8,12.0,228.8,181.4,10.4,57.2,-0.38,0.22,0.57,synthetic_demo_feed
ap_knl_adoni,2025-09-21,19.1,31.0,22.2,79.2,10.3,235.4,219.0,9.0,73.9,-0.38,0.22,0.57,synthetic_demo_feed
ap_knl_adoni,2025-09-22,0.0,34.6,23.2,70.1,11.0,238.8,185.5,9.6,51.2,-0.38,0.22,0.57,synthetic_demo_feed
ap_knl_adoni,2025-09-23,10.4,31.8,24.0,74.5,8.3,244.1,186.5,7.2,51.2,-0.38,0.22,0.57,synthetic_demo_feed
ap_knl_adoni,2025-09-24,0.0,33.5,22.8,77.9,10.7,246.9,216.6,9.3,62.1,-0.38,0.22,0.57,synthetic_demo_feed
ap_knl_adoni,2025-09-25,12.3,33.4,23.5,71.0,9.2,222.3,191.9,8.0,72.0,-0.38,0.22,0.57,synthetic_demo_feed
ap_knl_adoni,2025-09-26,4.1,33.7,23.5,74.1,10.7,219.7,215.9,9.3,72.8,-0.38,0.22,0.57,synthetic_demo_feed
ap_knl_adoni,2025-09-27,0.0,35.1,23.8,75.4,8.9,220.6,214.3,7.7,51.8,-0.38,0.22,0.57,synthetic_demo_feed
ap_knl_adoni,2025-09-28,0.0,32.6,22.7,77.9,10.9,226.8,207.0,9.5,49.4,-0.38,0.22,0.57,synthetic_demo_feed
ap_knl_adoni,2025-09-29,0.0,34.1,23.5,87.7,12.3,230.9,199.1,10.7,65.1,-0.38,0.22,0.57,synthetic_demo_feed
ap_knl_adoni,2025-09-30,0.0,35.2,23.1,67.4,8.7,215.2,190.8,7.6,45.2,-0.38,0.22,0.57,synthetic_demo_feed
ap_knl_adoni,2025-10-01,0.0,35.2,23.0,40.9,5.1,91.6,224.0,4.4,27.2,-0.38,0.22,0.57,synthetic_demo_feed
ap_knl_adoni,2025-10-02,0.0,35.1,22.3,49.5,4.7,94.7,247.5,4.1,31.4,-0.38,0.22,0.57,synthetic_demo_feed
ap_knl_adoni,2025-10-03,1.4,34.1,23.1,58.6,4.5,129.4,235.1,3.9,24.4,-0.38,0.22,0.57,synthetic_demo_feed
ap_knl_adoni,2025-10-04,3.7,33.3,23.7,42.3,3.9,131.9,232.5,3.4,33.7,-0.38,0.22,0.57,synthetic_demo_feed
ap_knl_adoni,2025-10-05,0.0,35.0,23.9,51.6,4.1,113.3,240.8,3.6,32.0,-0.38,0.22,0.57,synthetic_demo_feed
ap_knl_adoni,2025-10-06,0.0,33.3,22.7,52.2,6.7,97.9,248.2,5.8,37.1,-0.38,0.22,0.57,synthetic_demo_feed
ap_knl_adoni,2025-10-07,0.0,34.1,22.7,41.7,4.8,133.1,231.5,4.2,25.6,-0.38,0.22,0.57,synthetic_demo_feed
ap_knl_adoni,2025-10-08,0.0,32.9,23.7,43.2,6.3,91.7,226.4,5.5,32.7,-0.38,0.22,0.57,synthetic_demo_feed
ap_knl_adoni,2025-10-09,0.0,33.2,22.9,53.1,4.8,114.8,226.4,4.2,22.3,-0.38,0.22,0.57,synthetic_demo_feed
ap_knl_adoni,2025-10-10,0.0,35.0,22.1,47.9,6.2,127.5,244.3,5.4,35.1,-0.38,0.22,0.57,synthetic_demo_feed
ap_knl_adoni,2025-10-11,0.0,33.3,23.5,57.9,5.9,137.6,242.8,5.1,31.1,-0.38,0.22,0.57,synthetic_demo_feed
ap_knl_adoni,2025-10-12,0.0,35.2,22.1,53.3,3.8,95.8,248.2,3.3,29.8,-0.38,0.22,0.57,synthetic_demo_feed
ap_knl_adoni,2025-10-13,0.0,34.9,23.7,41.2,6.3,136.8,230.6,5.5,25.7,-0.38,0.22,0.57,synthetic_demo_feed
ap_knl_adoni,2025-10-14,0.0,33.0,23.5,45.6,5.5,123.8,248.5,4.8,28.3,-0.38,0.22,0.57,synthetic_demo_feed
ap_knl_adoni,2025-10-15,0.0,34.4,22.5,42.7,4.1,88.2,246.6,3.6,37.9,-0.38,0.22,0.57,synthetic_demo_feed
ap_knl_adoni,2025-10-16,2.0,32.9,22.5,57.6,4.1,108.1,254.7,3.6,25.7,-0.38,0.22,0.57,synthetic_demo_feed
ap_knl_adoni,2025-10-17,3.5,32.0,23.7,49.1,4.9,88.5,243.5,4.3,36.9,-0.38,0.22,0.57,synthetic_demo_feed
ap_knl_adoni,2025-10-18,0.0,32.7,22.6,46.3,6.1,102.2,241.3,5.3,36.4,-0.38,0.22,0.57,synthetic_demo_feed
ap_knl_adoni,2025-10-19,4.7,34.2,22.3,51.6,4.3,81.7,226.1,3.7,34.3,-0.38,0.22,0.57,synthetic_demo_feed
ap_knl_adoni,2025-10-20,0.0,33.9,23.9,40.9,6.2,128.0,252.1,5.4,30.6,-0.38,0.22,0.57,synthetic_demo_feed
ap_knl_adoni,2025-10-21,0.0,33.0,22.3,40.3,6.7,127.8,247.9,5.8,29.3,-0.38,0.22,0.57,synthetic_demo_feed
ap_knl_adoni,2025-10-22,0.0,35.2,22.5,56.3,3.7,133.0,250.8,3.2,33.6,-0.38,0.22,0.57,synthetic_demo_feed
ap_knl_adoni,2025-10-23,0.0,34.6,22.6,58.3,3.8,95.6,247.2,3.3,32.3,-0.38,0.22,0.57,synthetic_demo_feed
ap_knl_adoni,2025-10-24,3.9,33.0,23.1,58.5,6.4,112.2,241.0,5.6,22.8,-0.38,0.22,0.57,synthetic_demo_feed
ap_knl_adoni,2025-10-25,0.0,35.1,22.1,52.6,5.8,89.3,225.4,5.0,27.4,-0.38,0.22,0.57,synthetic_demo_feed
ap_knl_adoni,2025-10-26,0.0,34.8,22.6,53.8,5.5,95.3,248.1,4.8,28.2,-0.38,0.22,0.57,synthetic_demo_feed
ap_knl_adoni,2025-10-27,0.0,33.9,23.5,49.7,6.7,84.6,245.9,5.8,32.0,-0.38,0.22,0.57,synthetic_demo_feed
ap_knl_adoni,2025-10-28,0.0,35.4,22.1,40.9,3.8,121.8,224.5,3.3,30.5,-0.38,0.22,0.57,synthetic_demo_feed
ap_knl_adoni,2025-10-29,0.0,35.2,24.0,54.9,6.2,84.4,239.3,5.4,22.8,-0.38,0.22,0.57,synthetic_demo_feed
ap_knl_adoni,2025-10-30,0.0,35.3,23.2,53.9,5.2,101.2,250.2,4.5,34.8,-0.38,0.22,0.57,synthetic_demo_feed
ap_knl_adoni,2025-10-31,0.0,34.7,23.8,47.1,4.4,86.6,241.7,3.8,31.6,-0.38,0.22,0.57,synthetic_demo_feed
mh_amr_chandur,2023-05-01,0.0,32.6,23.7,51.2,4.3,89.0,246.2,3.7,24.9,-0.37,-0.09,1.68,synthetic_demo_feed
mh_amr_chandur,2023-05-02,0.9,33.5,23.9,45.2,5.9,134.5,243.8,5.1,36.1,-0.37,-0.09,1.68,synthetic_demo_feed
mh_amr_chandur,2023-05-03,0.0,33.4,22.9,43.9,5.3,134.3,220.1,4.6,37.6,-0.37,-0.09,1.68,synthetic_demo_feed
mh_amr_chandur,2023-05-04,2.5,32.9,22.0,51.6,5.2,90.0,238.1,4.5,27.3,-0.37,-0.09,1.68,synthetic_demo_feed
mh_amr_chandur,2023-05-05,0.0,34.3,23.7,50.1,4.7,91.4,241.5,4.1,27.6,-0.37,-0.09,1.68,synthetic_demo_feed
mh_amr_chandur,2023-05-06,0.0,34.4,22.4,58.1,5.6,136.9,237.4,4.9,28.4,-0.37,-0.09,1.68,synthetic_demo_feed
mh_amr_chandur,2023-05-07,0.0,33.9,23.6,43.7,4.3,89.6,231.1,3.7,36.7,-0.37,-0.09,1.68,synthetic_demo_feed
mh_amr_chandur,2023-05-08,0.0,32.8,23.6,57.7,4.9,88.0,225.4,4.3,27.6,-0.37,-0.09,1.68,synthetic_demo_feed
mh_amr_chandur,2023-05-09,0.0,32.7,23.8,43.0,6.7,137.3,240.0,5.8,26.6,-0.37,-0.09,1.68,synthetic_demo_feed
mh_amr_chandur,2023-05-10,0.0,34.6,22.8,46.4,4.0,106.2,227.6,3.5,34.1,-0.37,-0.09,1.68,synthetic_demo_feed
mh_amr_chandur,2023-05-11,0.0,34.7,23.3,48.2,4.0,137.2,245.2,3.5,35.2,-0.37,-0.09,1.68,synthetic_demo_feed
mh_amr_chandur,2023-05-12,1.9,33.9,22.2,50.3,4.4,92.3,231.7,3.8,32.3,-0.37,-0.09,1.68,synthetic_demo_feed
mh_amr_chandur,2023-05-13,3.3,34.6,23.4,45.5,3.6,89.4,246.6,3.1,30.6,-0.37,-0.09,1.68,synthetic_demo_feed
mh_amr_chandur,2023-05-14,0.0,34.8,22.7,41.9,6.4,97.8,222.9,5.6,35.3,-0.37,-0.09,1.68,synthetic_demo_feed
mh_amr_chandur,2023-05-15,0.0,34.1,23.1,50.8,5.9,139.5,250.9,5.1,35.9,-0.37,-0.09,1.68,synthetic_demo_feed
mh_amr_chandur,2023-05-16,0.0,34.2,22.1,42.2,6.1,98.6,220.3,5.3,27.2,-0.37,-0.09,1.68,synthetic_demo_feed
mh_amr_chandur,2023-05-17,0.0,33.0,23.9,40.0,6.3,134.9,224.7,5.5,34.7,-0.37,-0.09,1.68,synthetic_demo_feed
mh_amr_chandur,2023-05-18,0.0,34.8,23.9,56.6,5.1,118.3,242.3,4.4,30.3,-0.37,-0.09,1.68,synthetic_demo_feed
mh_amr_chandur,2023-05-19,0.0,33.8,22.3,55.5,6.0,97.8,250.5,5.2,23.9,-0.37,-0.09,1.68,synthetic_demo_feed
mh_amr_chandur,2023-05-20,0.0,32.7,22.4,48.7,5.9,98.3,241.4,5.1,24.3,-0.37,-0.09,1.68,synthetic_demo_feed
mh_amr_chandur,2023-05-21,1.4,34.5,23.9,55.9,5.3,135.0,241.4,4.6,23.8,-0.37,-0.09,1.68,synthetic_demo_feed
mh_amr_chandur,2023-05-22,0.0,33.8,23.7,41.8,6.4,104.4,250.2,5.6,35.8,-0.37,-0.09,1.68,synthetic_demo_feed
mh_amr_chandur,2023-05-23,0.0,33.0,23.4,53.8,4.4,86.7,254.2,3.8,23.5,-0.37,-0.09,1.68,synthetic_demo_feed
mh_amr_chandur,2023-05-24,0.0,34.6,22.3,48.4,6.4,80.1,222.0,5.6,22.3,-0.37,-0.09,1.68,synthetic_demo_feed
mh_amr_chandur,2023-05-25,4.7,34.4,22.0,43.9,5.3,117.9,246.2,4.6,28.3,-0.37,-0.09,1.68,synthetic_demo_feed
mh_amr_chandur,2023-05-26,0.0,34.6,23.9,50.6,4.3,113.2,226.3,3.7,25.8,-0.37,-0.09,1.68,synthetic_demo_feed
mh_amr_chandur,2023-05-27,0.0,34.8,22.1,43.4,6.2,107.1,234.6,5.4,34.5,-0.37,-0.09,1.68,synthetic_demo_feed
mh_amr_chandur,2023-05-28,0.0,35.1,22.4,55.1,6.3,113.3,235.1,5.5,36.9,-0.37,-0.09,1.68,synthetic_demo_feed
mh_amr_chandur,2023-05-29,0.0,35.1,22.4,57.9,5.2,128.9,250.9,4.5,32.8,-0.37,-0.09,1.68,synthetic_demo_feed
mh_amr_chandur,2023-05-30,0.0,35.4,23.8,52.7,5.2,125.0,246.1,4.5,36.1,-0.37,-0.09,1.68,synthetic_demo_feed
mh_amr_chandur,2023-05-31,0.0,35.4,22.2,45.0,5.1,138.4,226.2,4.4,30.8,-0.37,-0.09,1.68,synthetic_demo_feed
mh_amr_chandur,2023-06-01,17.4,30.2,23.1,70.2,8.5,230.3,211.6,7.4,63.3,-0.37,-0.09,1.68,synthetic_demo_feed
mh_amr_chandur,2023-06-02,0.0,32.7,23.0,82.0,8.4,238.3,194.0,7.3,66.8,-0.37,-0.09,1.68,synthetic_demo_feed
mh_amr_chandur,2023-06-03,0.0,33.7,23.3,86.9,7.6,226.9,217.6,6.6,59.5,-0.37,-0.09,1.68,synthetic_demo_feed
mh_amr_chandur,2023-06-04,0.0,34.1,22.2,65.1,10.5,236.2,194.8,9.1,72.0,-0.37,-0.09,1.68,synthetic_demo_feed
mh_amr_chandur,2023-06-05,19.8,30.9,23.0,75.2,9.9,214.4,204.8,8.6,57.3,-0.37,-0.09,1.68,synthetic_demo_feed
mh_amr_chandur,2023-06-06,0.0,33.4,23.3,79.8,11.8,217.1,196.8,10.3,61.2,-0.37,-0.09,1.68,synthetic_demo_feed
mh_amr_chandur,2023-06-07,0.0,33.6,23.9,68.5,11.7,226.0,219.6,10.2,56.7,-0.37,-0.09,1.68,synthetic_demo_feed
mh_amr_chandur,2023-06-08,22.0,29.5,22.6,88.6,15.3,218.2,166.0,13.3,56.0,-0.37,-0.09,1.68,synthetic_demo_feed
mh_amr_chandur,2023-06-09,28.0,29.3,23.2,82.4,15.4,236.8,180.8,13.4,62.0,-0.37,-0.09,1.68,synthetic_demo_feed
mh_amr_chandur,2023-06-10,28.3,28.7,23.7,84.5,12.5,210.9,160.3,10.9,68.0,-0.37,-0.09,1.68,synthetic_demo_feed
mh_amr_chandur,2023-06-11,19.0,31.4,24.0,86.2,14.6,212.5,176.6,12.7,74.0,-0.37,-0.09,1.68,synthetic_demo_feed
mh_amr_chandur,2023-06-12,23.4,30.6,23.2,88.4,12.9,222.3,181.7,11.2,80.0,-0.37,-0.09,1.68,synthetic_demo_feed
mh_amr_chandur,2023-06-13,0.0,33.7,22.2,79.2,9.3,230.4,190.2,8.1,62.1,-0.37,-0.09,1.68,synthetic_demo_feed
mh_amr_chandur,2023-06-14,0.0,33.4,22.9,67.6,11.8,247.7,212.1,10.3,58.9,-0.37,-0.09,1.68,synthetic_demo_feed
mh_amr_chandur,2023-06-15,11.5,33.1,23.1,67.5,11.6,220.6,203.3,10.1,56.4,-0.37,-0.09,1.68,synthetic_demo_feed
mh_amr_chandur,2023-06-16,20.3,30.4,22.3,83.5,10.8,243.4,186.7,9.4,71.3,-0.37,-0.09,1.68,synthetic_demo_feed
mh_amr_chandur,2023-06-17,0.0,33.4,23.2,75.5,8.2,212.4,186.6,7.1,56.9,-0.37,-0.09,1.68,synthetic_demo_feed
mh_amr_chandur,2023-06-18,0.0,34.8,22.0,70.8,10.2,245.1,187.2,8.9,60.6,-0.37,-0.09,1.68,synthetic_demo_feed
mh_amr_chandur,2023-06-19,0.0,34.5,23.1,65.9,10.9,219.5,187.6,9.5,59.5,-0.37,-0.09,1.68,synthetic_demo_feed
mh_amr_chandur,2023-06-20,0.0,33.5,24.0,82.1,11.8,219.5,198.9,10.3,48.2,-0.37,-0.09,1.68,synthetic_demo_feed
mh_amr_chandur,2023-06-21,24.1,30.9,23.4,66.1,12.2,240.4,211.5,10.6,51.4,-0.37,-0.09,1.68,synthetic_demo_feed
mh_amr_chandur,2023-06-22,15.8,33.0,22.7,79.8,10.6,221.7,214.8,9.2,45.5,-0.37,-0.09,1.68,synthetic_demo_feed
mh_amr_chandur,2023-06-23,0.0,35.0,24.0,75.1,8.5,227.3,210.7,7.4,61.2,-0.37,-0.09,1.68,synthetic_demo_feed
mh_amr_chandur,2023-06-24,0.0,32.9,22.9,81.6,10.0,226.6,200.1,8.7,45.6,-0.37,-0.09,1.68,synthetic_demo_feed
mh_amr_chandur,2023-06-25,0.0,35.2,22.2,82.3,8.0,219.2,181.4,7.0,57.8,-0.37,-0.09,1.68,synthetic_demo_feed
mh_amr_chandur,2023-06-26,0.0,32.6,23.0,68.0,12.5,236.6,192.1,10.9,62.9,-0.37,-0.09,1.68,synthetic_demo_feed
mh_amr_chandur,2023-06-27,0.0,33.4,22.1,83.8,12.3,215.7,202.3,10.7,56.2,-0.37,-0.09,1.68,synthetic_demo_feed
mh_amr_chandur,2023-06-28,0.0,33.9,22.6,79.1,12.2,227.0,184.7,10.6,58.1,-0.37,-0.09,1.68,synthetic_demo_feed
mh_amr_chandur,2023-06-29,23.6,30.9,23.3,72.6,10.6,227.6,187.2,9.2,51.5,-0.37,-0.09,1.68,synthetic_demo_feed
mh_amr_chandur,2023-06-30,13.7,31.4,23.2,77.4,9.4,234.0,199.2,8.2,65.5,-0.37,-0.09,1.68,synthetic_demo_feed
mh_amr_chandur,2023-07-01,4.7,34.3,23.9,70.2,8.6,221.5,213.0,7.5,45.2,-0.37,-0.09,1.68,synthetic_demo_feed
mh_amr_chandur,2023-07-02,0.0,32.7,23.5,84.1,8.3,225.8,188.7,7.2,72.0,-0.37,-0.09,1.68,synthetic_demo_feed
mh_amr_chandur,2023-07-03,0.0,33.9,23.8,66.6,12.3,235.6,217.9,10.7,66.5,-0.37,-0.09,1.68,synthetic_demo_feed
mh_amr_chandur,2023-07-04,0.0,34.1,22.5,82.8,8.3,223.9,198.5,7.2,61.1,-0.37,-0.09,1.68,synthetic_demo_feed
mh_amr_chandur,2023-07-05,17.7,31.9,22.7,78.4,8.4,238.5,202.2,7.3,54.2,-0.37,-0.09,1.68,synthetic_demo_feed
mh_amr_chandur,2023-07-06,11.6,31.0,22.7,73.5,9.2,212.1,219.1,8.0,47.5,-0.37,-0.09,1.68,synthetic_demo_feed
mh_amr_chandur,2023-07-07,0.0,33.4,22.9,67.1,9.1,240.6,181.9,7.9,58.4,-0.37,-0.09,1.68,synthetic_demo_feed
mh_amr_chandur,2023-07-08,0.0,34.7,23.5,75.1,8.2,214.5,194.3,7.1,60.9,-0.37,-0.09,1.68,synthetic_demo_feed
mh_amr_chandur,2023-07-09,0.0,34.2,22.4,71.9,9.3,221.6,198.4,8.1,69.2,-0.37,-0.09,1.68,synthetic_demo_feed
mh_amr_chandur,2023-07-10,0.0,33.2,22.2,76.2,9.2,218.7,188.1,8.0,61.0,-0.37,-0.09,1.68,synthetic_demo_feed
mh_amr_chandur,2023-07-11,20.2,32.4,22.9,79.8,8.7,211.5,207.5,7.6,72.6,-0.37,-0.09,1.68,synthetic_demo_feed
mh_amr_chandur,2023-07-12,0.0,34.9,23.0,86.0,8.4,229.0,201.4,7.3,47.0,-0.37,-0.09,1.68,synthetic_demo_feed
mh_amr_chandur,2023-07-13,21.1,30.7,22.6,66.4,9.1,223.1,197.4,7.9,50.4,-0.37,-0.09,1.68,synthetic_demo_feed
mh_amr_chandur,2023-07-14,0.0,34.0,22.2,76.1,11.3,232.6,217.1,9.8,69.2,-0.37,-0.09,1.68,synthetic_demo_feed
mh_amr_chandur,2023-07-15,12.1,32.9,22.9,85.0,9.0,225.2,199.1,7.8,59.9,-0.37,-0.09,1.68,synthetic_demo_feed
mh_amr_chandur,2023-07-16,20.7,30.6,23.2,72.1,7.8,233.0,203.6,6.8,51.3,-0.37,-0.09,1.68,synthetic_demo_feed
mh_amr_chandur,2023-07-17,0.0,34.3,23.2,87.3,9.7,241.6,205.2,8.4,55.2,-0.37,-0.09,1.68,synthetic_demo_feed
mh_amr_chandur,2023-07-18,0.0,34.2,23.1,77.7,10.2,219.4,184.5,8.9,59.4,-0.37,-0.09,1.68,synthetic_demo_feed
mh_amr_chandur,2023-07-19,0.0,33.7,23.0,81.2,8.3,246.2,208.4,7.2,61.2,-0.37,-0.09,1.68,synthetic_demo_feed
mh_amr_chandur,2023-07-20,0.1,34.8,22.6,57.0,3.7,125.1,242.4,3.2,55.5,-0.37,-0.09,1.68,synthetic_demo_feed
mh_amr_chandur,2023-07-21,0.7,33.7,23.1,51.3,4.9,132.6,251.7,4.3,51.0,-0.37,-0.09,1.68,synthetic_demo_feed
mh_amr_chandur,2023-07-22,0.7,33.4,23.0,53.4,3.8,136.7,257.2,3.3,46.5,-0.37,-0.09,1.68,synthetic_demo_feed
mh_amr_chandur,2023-07-23,0.6,33.7,23.2,44.3,3.0,123.9,256.1,2.6,42.0,-0.37,-0.09,1.68,synthetic_demo_feed
mh_amr_chandur,2023-07-24,0.5,34.9,22.6,55.4,5.3,112.4,257.4,4.6,37.5,-0.37,-0.09,1.68,synthetic_demo_feed
mh_amr_chandur,2023-07-25,0.5,32.5,22.7,43.3,4.1,114.8,257.7,3.6,33.0,-0.37,-0.09,1.68,synthetic_demo_feed
mh_amr_chandur,2023-07-26,0.2,34.8,23.6,55.0,5.5,92.4,259.1,4.8,28.5,-0.37,-0.09,1.68,synthetic_demo_feed
mh_amr_chandur,2023-07-27,0.4,34.0,22.2,48.3,4.4,123.6,256.8,3.8,24.0,-0.37,-0.09,1.68,synthetic_demo_feed
mh_amr_chandur,2023-07-28,0.5,35.0,22.2,54.0,4.4,84.9,240.2,3.8,20.0,-0.37,-0.09,1.68,synthetic_demo_feed
mh_amr_chandur,2023-07-29,24.7,30.5,23.8,71.3,10.2,210.9,199.7,8.9,72.5,-0.37,-0.09,1.68,synthetic_demo_feed
mh_amr_chandur,2023-07-30,0.0,35.0,23.7,84.4,12.0,227.8,206.3,10.4,62.2,-0.37,-0.09,1.68,synthetic_demo_feed
mh_amr_chandur,2023-07-31,0.0,34.3,22.4,84.8,8.3,241.6,194.8,7.2,72.7,-0.37,-0.09,1.68,synthetic_demo_feed
mh_amr_chandur,2023-08-01,21.2,30.7,23.5,82.3,10.1,240.8,192.5,8.8,67.6,-0.37,-0.09,1.68,synthetic_demo_feed
mh_amr_chandur,2023-08-02,0.0,32.9,22.5,65.5,10.9,233.4,187.8,9.5,67.3,-0.37,-0.09,1.68,synthetic_demo_feed
mh_amr_chandur,2023-08-03,24.1,30.8,22.6,87.6,11.8,214.9,201.3,10.3,54.2,-0.37,-0.09,1.68,synthetic_demo_feed
mh_amr_chandur,2023-08-04,0.0,34.9,23.7,77.2,7.8,238.7,181.7,6.8,69.8,-0.37,-0.09,1.68,synthetic_demo_feed
mh_amr_chandur,2023-08-05,9.9,31.2,22.7,81.4,9.0,237.9,215.2,7.8,51.2,-0.37,-0.09,1.68,synthetic_demo_feed
mh_amr_chandur,2023-08-06,0.0,32.7,23.4,74.2,9.4,230.4,199.8,8.2,72.5,-0.37,-0.09,1.68,synthetic_demo_feed
mh_amr_chandur,2023-08-07,0.0,34.6,23.3,70.6,8.5,231.8,202.7,7.4,63.6,-0.37,-0.09,1.68,synthetic_demo_feed
mh_amr_chandur,2023-08-08,0.0,35.4,22.9,74.9,11.8,219.9,219.1,10.3,56.0,-0.37,-0.09,1.68,synthetic_demo_feed
mh_amr_chandur,2023-08-09,0.0,33.1,22.7,70.5,11.7,245.1,214.4,10.2,59.6,-0.37,-0.09,1.68,synthetic_demo_feed
mh_amr_chandur,2023-08-10,9.0,32.7,22.5,66.0,11.0,229.4,195.7,9.6,49.0,-0.37,-0.09,1.68,synthetic_demo_feed
mh_amr_chandur,2023-08-11,0.0,33.6,22.0,74.7,10.3,246.6,214.2,9.0,68.0,-0.37,-0.09,1.68,synthetic_demo_feed
mh_amr_chandur,2023-08-12,14.2,31.6,22.1,66.6,8.7,214.2,195.1,7.6,66.1,-0.37,-0.09,1.68,synthetic_demo_feed
mh_amr_chandur,2023-08-13,0.0,34.1,23.6,79.6,12.4,246.8,198.5,10.8,51.1,-0.37,-0.09,1.68,synthetic_demo_feed
mh_amr_chandur,2023-08-14,8.5,32.9,22.3,65.9,12.4,249.2,219.0,10.8,65.1,-0.37,-0.09,1.68,synthetic_demo_feed
mh_amr_chandur,2023-08-15,5.7,32.0,23.3,86.5,9.7,237.1,196.8,8.4,60.3,-0.37,-0.09,1.68,synthetic_demo_feed
mh_amr_chandur,2023-08-16,0.0,35.3,23.2,78.6,10.5,233.0,201.2,9.1,68.8,-0.37,-0.09,1.68,synthetic_demo_feed
mh_amr_chandur,2023-08-17,13.6,32.3,23.4,86.1,11.4,210.1,190.4,9.9,70.8,-0.37,-0.09,1.68,synthetic_demo_feed
mh_amr_chandur,2023-08-18,13.9,31.2,22.6,79.1,9.0,248.4,210.5,7.8,58.6,-0.37,-0.09,1.68,synthetic_demo_feed
mh_amr_chandur,2023-08-19,18.4,30.1,23.0,77.4,11.5,228.1,213.2,10.0,71.8,-0.37,-0.09,1.68,synthetic_demo_feed
mh_amr_chandur,2023-08-20,0.0,35.5,23.6,83.5,12.5,240.3,180.9,10.9,73.8,-0.37,-0.09,1.68,synthetic_demo_feed
mh_amr_chandur,2023-08-21,0.0,33.4,22.4,82.6,11.5,230.2,212.8,10.0,46.1,-0.37,-0.09,1.68,synthetic_demo_feed
mh_amr_chandur,2023-08-22,0.0,34.7,23.9,77.6,10.0,218.9,182.6,8.7,58.3,-0.37,-0.09,1.68,synthetic_demo_feed
mh_amr_chandur,2023-08-23,11.6,32.9,23.2,84.1,9.8,234.9,210.4,8.5,47.8,-0.37,-0.09,1.68,synthetic_demo_feed
mh_amr_chandur,2023-08-24,23.9,29.5,22.3,85.1,11.7,215.3,187.7,10.2,74.1,-0.37,-0.09,1.68,synthetic_demo_feed
mh_amr_chandur,2023-08-25,6.3,34.2,23.8,80.1,8.9,234.4,181.6,7.7,50.1,-0.37,-0.09,1.68,synthetic_demo_feed
mh_amr_chandur,2023-08-26,0.0,32.7,22.1,65.2,9.9,237.6,194.2,8.6,67.7,-0.37,-0.09,1.68,synthetic_demo_feed
mh_amr_chandur,2023-08-27,0.0,33.6,23.6,78.0,8.9,243.6,213.6,7.7,49.8,-0.37,-0.09,1.68,synthetic_demo_feed
mh_amr_chandur,2023-08-28,0.0,34.4,22.3,79.2,10.0,240.0,182.4,8.7,48.0,-0.37,-0.09,1.68,synthetic_demo_feed
mh_amr_chandur,2023-08-29,0.0,34.7,24.0,81.9,10.5,244.6,198.6,9.1,59.2,-0.37,-0.09,1.68,synthetic_demo_feed
mh_amr_chandur,2023-08-30,0.0,33.4,22.3,66.8,8.4,221.6,188.2,7.3,59.9,-0.37,-0.09,1.68,synthetic_demo_feed
mh_amr_chandur,2023-08-31,22.5,31.6,22.1,74.6,8.6,217.7,205.8,7.5,48.2,-0.37,-0.09,1.68,synthetic_demo_feed
mh_amr_chandur,2023-09-01,12.2,31.9,23.4,75.9,8.6,216.8,207.5,7.5,49.5,-0.37,-0.09,1.68,synthetic_demo_feed
mh_amr_chandur,2023-09-02,0.0,33.2,23.8,78.7,7.7,226.6,186.1,6.7,68.4,-0.37,-0.09,1.68,synthetic_demo_feed
mh_amr_chandur,2023-09-03,15.4,31.6,23.2,78.4,12.4,211.2,187.9,10.8,45.3,-0.37,-0.09,1.68,synthetic_demo_feed
mh_amr_chandur,2023-09-04,8.0,32.7,23.2,87.2,11.6,213.6,193.3,10.1,45.8,-0.37,-0.09,1.68,synthetic_demo_feed
mh_amr_chandur,2023-09-05,0.0,34.1,22.8,68.7,9.8,211.7,181.4,8.5,48.3,-0.37,-0.09,1.68,synthetic_demo_feed
mh_amr_chandur,2023-09-06,0.0,32.6,23.6,76.4,10.8,222.6,215.4,9.4,50.6,-0.37,-0.09,1.68,synthetic_demo_feed
mh_amr_chandur,2023-09-07,0.0,32.8,22.3,83.2,11.3,242.3,210.9,9.8,75.0,-0.37,-0.09,1.68,synthetic_demo_feed
mh_amr_chandur,2023-09-08,0.0,32.7,24.0,70.9,7.5,243.0,199.0,6.5,52.3,-0.37,-0.09,1.68,synthetic_demo_feed
mh_amr_chandur,2023-09-09,0.0,32.9,23.3,85.8,11.5,210.6,191.7,10.0,50.5,-0.37,-0.09,1.68,synthetic_demo_feed
mh_amr_chandur,2023-09-10,7.3,34.2,23.5,68.3,11.4,233.3,203.5,9.9,67.0,-0.37,-0.09,1.68,synthetic_demo_feed
mh_amr_chandur,2023-09-11,21.0,30.0,22.4,69.1,9.9,235.7,211.9,8.6,63.5,-0.37,-0.09,1.68,synthetic_demo_feed
mh_amr_chandur,2023-09-12,4.6,34.3,23.4,66.8,9.9,211.0,216.9,8.6,59.0,-0.37,-0.09,1.68,synthetic_demo_feed
mh_amr_chandur,2023-09-13,0.0,34.1,22.2,84.0,12.4,211.5,185.4,10.8,55.8,-0.37,-0.09,1.68,synthetic_demo_feed
mh_amr_chandur,2023-09-14,15.4,30.5,23.6,77.4,12.4,231.6,184.4,10.8,72.7,-0.37,-0.09,1.68,synthetic_demo_feed
mh_amr_chandur,2023-09-15,19.5,31.0,22.9,77.3,10.6,245.2,191.4,9.2,57.4,-0.37,-0.09,1.68,synthetic_demo_feed
mh_amr_chandur,2023-09-16,0.0,35.2,23.0,75.7,8.2,220.8,207.0,7.1,75.0,-0.37,-0.09,1.68,synthetic_demo_feed
mh_amr_chandur,2023-09-17,0.0,35.4,24.0,75.1,11.4,214.4,180.9,9.9,64.7,-0.37,-0.09,1.68,synthetic_demo_feed
mh_amr_chandur,2023-09-18,9.1,32.3,23.5,75.1,8.2,240.6,213.9,7.1,46.3,-0.37,-0.09,1.68,synthetic_demo_feed
mh_amr_chandur,2023-09-19,0.0,34.7,22.3,69.6,12.3,217.9,210.7,10.7,63.2,-0.37,-0.09,1.68,synthetic_demo_feed
mh_amr_chandur,2023-09-20,7.7,31.5,22.3,71.2,10.1,219.0,201.6,8.8,73.3,-0.37,-0.09,1.68,synthetic_demo_feed
mh_amr_chandur,2023-09-21,0.0,32.5,22.1,69.3,8.9,216.7,196.4,7.7,66.4,-0.37,-0.09,1.68,synthetic_demo_feed
mh_amr_chandur,2023-09-22,0.0,35.2,22.0,68.4,12.3,218.3,199.7,10.7,45.4,-0.37,-0.09,1.68,synthetic_demo_feed
mh_amr_chandur,2023-09-23,3.9,34.1,22.8,70.7,10.1,219.6,180.7,8.8,53.8,-0.37,-0.09,1.68,synthetic_demo_feed
mh_amr_chandur,2023-09-24,2.6,32.5,22.2,82.9,10.5,241.9,200.6,9.1,75.0,-0.37,-0.09,1.68,synthetic_demo_feed
mh_amr_chandur,2023-09-25,24.0,31.4,22.3,82.3,9.4,229.8,214.0,8.2,63.8,-0.37,-0.09,1.68,synthetic_demo_feed
mh_amr_chandur,2023-09-26,0.0,34.7,23.5,77.2,10.5,234.7,209.7,9.1,68.2,-0.37,-0.09,1.68,synthetic_demo_feed
mh_amr_chandur,2023-09-27,14.7,33.1,23.7,87.7,9.1,231.9,209.3,7.9,73.5,-0.37,-0.09,1.68,synthetic_demo_feed
mh_amr_chandur,2023-09-28,0.0,34.9,23.9,66.2,8.7,230.6,190.3,7.6,72.6,-0.37,-0.09,1.68,synthetic_demo_feed
mh_amr_chandur,2023-09-29,0.0,35.4,22.2,67.2,8.0,213.8,190.0,7.0,70.1,-0.37,-0.09,1.68,synthetic_demo_feed
mh_amr_chandur,2023-09-30,0.0,33.3,23.0,77.8,10.9,240.4,192.7,9.5,56.1,-0.37,-0.09,1.68,synthetic_demo_feed
mh_amr_chandur,2023-10-01,0.0,35.0,22.0,43.8,6.8,101.8,230.8,5.9,26.2,-0.37,-0.09,1.68,synthetic_demo_feed
mh_amr_chandur,2023-10-02,0.0,35.3,23.2,40.6,4.8,95.0,228.4,4.2,27.1,-0.37,-0.09,1.68,synthetic_demo_feed
mh_amr_chandur,2023-10-03,0.0,32.7,22.1,48.6,6.4,88.3,244.6,5.6,24.4,-0.37,-0.09,1.68,synthetic_demo_feed
mh_amr_chandur,2023-10-04,0.0,32.8,23.0,54.1,6.2,135.2,245.2,5.4,30.6,-0.37,-0.09,1.68,synthetic_demo_feed
mh_amr_chandur,2023-10-05,0.0,32.9,23.8,55.3,5.5,88.4,238.0,4.8,37.5,-0.37,-0.09,1.68,synthetic_demo_feed
mh_amr_chandur,2023-10-06,0.0,32.9,22.5,45.2,3.7,134.8,237.5,3.2,27.2,-0.37,-0.09,1.68,synthetic_demo_feed
mh_amr_chandur,2023-10-07,0.0,35.5,22.0,59.0,4.5,97.7,226.7,3.9,25.6,-0.37,-0.09,1.68,synthetic_demo_feed
mh_amr_chandur,2023-10-08,0.0,33.5,23.1,59.0,6.1,121.2,223.3,5.3,30.8,-0.37,-0.09,1.68,synthetic_demo_feed
mh_amr_chandur,2023-10-09,0.0,32.6,23.3,59.5,6.2,133.5,242.0,5.4,27.5,-0.37,-0.09,1.68,synthetic_demo_feed
mh_amr_chandur,2023-10-10,0.2,32.5,22.2,41.1,4.0,113.7,236.3,3.5,28.8,-0.37,-0.09,1.68,synthetic_demo_feed
mh_amr_chandur,2023-10-11,0.0,33.0,24.0,54.5,3.6,87.6,236.0,3.1,33.9,-0.37,-0.09,1.68,synthetic_demo_feed
mh_amr_chandur,2023-10-12,0.0,34.5,22.5,47.0,4.9,111.9,252.4,4.3,24.0,-0.37,-0.09,1.68,synthetic_demo_feed
mh_amr_chandur,2023-10-13,0.0,34.9,23.8,55.0,4.9,134.8,237.4,4.3,25.6,-0.37,-0.09,1.68,synthetic_demo_feed
mh_amr_chandur,2023-10-14,0.0,33.0,22.3,59.4,6.0,106.4,230.9,5.2,26.9,-0.37,-0.09,1.68,synthetic_demo_feed
mh_amr_chandur,2023-10-15,0.0,34.4,22.7,56.5,4.5,80.4,249.8,3.9,22.4,-0.37,-0.09,1.68,synthetic_demo_feed
mh_amr_chandur,2023-10-16,0.0,34.0,22.3,44.1,5.6,94.1,246.0,4.9,33.7,-0.37,-0.09,1.68,synthetic_demo_feed
mh_amr_chandur,2023-10-17,0.0,35.3,23.5,48.2,5.2,125.0,234.8,4.5,24.7,-0.37,-0.09,1.68,synthetic_demo_feed
mh_amr_chandur,2023-10-18,2.3,34.7,23.4,59.7,4.8,103.2,253.3,4.2,30.2,-0.37,-0.09,1.68,synthetic_demo_feed
mh_amr_chandur,2023-10-19,0.0,35.5,23.9,43.1,4.8,117.3,244.5,4.2,24.1,-0.37,-0.09,1.68,synthetic_demo_feed
mh_amr_chandur,2023-10-20,0.0,33.3,23.2,48.8,6.4,108.4,254.9,5.6,35.7,-0.37,-0.09,1.68,synthetic_demo_feed
mh_amr_chandur,2023-10-21,0.0,32.6,23.9,52.8,5.4,86.5,243.2,4.7,27.8,-0.37,-0.09,1.68,synthetic_demo_feed
mh_amr_chandur,2023-10-22,0.0,33.2,23.7,46.0,5.2,128.7,237.5,4.5,24.3,-0.37,-0.09,1.68,synthetic_demo_feed
mh_amr_chandur,2023-10-23,0.0,33.0,22.2,54.8,4.9,85.2,230.8,4.3,28.1,-0.37,-0.09,1.68,synthetic_demo_feed
mh_amr_chandur,2023-10-24,0.0,33.6,23.1,54.8,4.4,90.3,235.1,3.8,27.7,-0.37,-0.09,1.68,synthetic_demo_feed
mh_amr_chandur,2023-10-25,0.0,34.8,22.2,45.7,4.4,122.6,243.1,3.8,35.1,-0.37,-0.09,1.68,synthetic_demo_feed
mh_amr_chandur,2023-10-26,0.0,32.5,23.3,50.6,5.4,94.0,226.8,4.7,29.4,-0.37,-0.09,1.68,synthetic_demo_feed
mh_amr_chandur,2023-10-27,0.0,34.9,23.4,50.0,6.2,111.7,243.7,5.4,35.8,-0.37,-0.09,1.68,synthetic_demo_feed
mh_amr_chandur,2023-10-28,0.0,35.1,22.0,59.9,5.3,130.8,248.0,4.6,28.5,-0.37,-0.09,1.68,synthetic_demo_feed
mh_amr_chandur,2023-10-29,0.0,33.4,23.3,43.2,4.0,96.7,254.8,3.5,36.1,-0.37,-0.09,1.68,synthetic_demo_feed
mh_amr_chandur,2023-10-30,0.0,33.4,23.5,42.4,6.4,111.7,226.5,5.6,28.4,-0.37,-0.09,1.68,synthetic_demo_feed
mh_amr_chandur,2023-10-31,4.7,33.0,24.0,54.6,3.8,92.2,237.4,3.3,36.0,-0.37,-0.09,1.68,synthetic_demo_feed
mh_amr_chandur,2024-05-01,3.5,34.7,22.1,56.6,4.9,85.4,223.7,4.3,32.0,-0.37,-0.09,1.68,synthetic_demo_feed
mh_amr_chandur,2024-05-02,0.0,32.9,22.2,58.4,4.1,121.4,252.8,3.6,29.6,-0.37,-0.09,1.68,synthetic_demo_feed
mh_amr_chandur,2024-05-03,0.0,34.8,22.2,53.0,5.1,117.8,240.6,4.4,28.6,-0.37,-0.09,1.68,synthetic_demo_feed
mh_amr_chandur,2024-05-04,0.0,34.4,23.5,58.8,6.1,83.1,252.5,5.3,32.9,-0.37,-0.09,1.68,synthetic_demo_feed
mh_amr_chandur,2024-05-05,0.0,35.0,22.7,56.9,5.6,101.9,223.4,4.9,32.2,-0.37,-0.09,1.68,synthetic_demo_feed
mh_amr_chandur,2024-05-06,0.6,34.5,22.0,44.5,4.9,135.4,227.2,4.3,30.5,-0.37,-0.09,1.68,synthetic_demo_feed
mh_amr_chandur,2024-05-07,0.0,32.9,22.9,50.5,6.3,125.6,243.7,5.5,22.1,-0.37,-0.09,1.68,synthetic_demo_feed
mh_amr_chandur,2024-05-08,0.0,34.6,22.2,42.1,6.7,116.9,236.4,5.8,22.4,-0.37,-0.09,1.68,synthetic_demo_feed
mh_amr_chandur,2024-05-09,0.0,34.3,24.0,53.5,6.6,95.1,225.4,5.7,36.1,-0.37,-0.09,1.68,synthetic_demo_feed
mh_amr_chandur,2024-05-10,0.0,33.8,22.8,46.8,4.1,131.8,224.2,3.6,25.6,-0.37,-0.09,1.68,synthetic_demo_feed
mh_amr_chandur,2024-05-11,0.0,34.6,22.7,50.9,6.2,101.1,220.2,5.4,32.8,-0.37,-0.09,1.68,synthetic_demo_feed
mh_amr_chandur,2024-05-12,0.0,33.4,23.6,53.0,3.4,88.1,237.5,3.0,32.7,-0.37,-0.09,1.68,synthetic_demo_feed
mh_amr_chandur,2024-05-13,0.0,32.6,24.0,56.5,4.0,116.1,253.7,3.5,28.3,-0.37,-0.09,1.68,synthetic_demo_feed
mh_amr_chandur,2024-05-14,0.0,32.6,23.6,45.2,6.3,120.9,239.3,5.5,32.7,-0.37,-0.09,1.68,synthetic_demo_feed
mh_amr_chandur,2024-05-15,0.0,35.2,22.7,44.9,5.9,124.9,235.3,5.1,35.6,-0.37,-0.09,1.68,synthetic_demo_feed
mh_amr_chandur,2024-05-16,0.0,35.2,23.6,54.7,4.6,103.3,225.0,4.0,35.4,-0.37,-0.09,1.68,synthetic_demo_feed
mh_amr_chandur,2024-05-17,4.6,33.8,23.5,59.6,4.7,133.6,227.6,4.1,37.3,-0.37,-0.09,1.68,synthetic_demo_feed
mh_amr_chandur,2024-05-18,0.0,35.1,23.2,53.9,5.9,97.3,249.7,5.1,31.9,-0.37,-0.09,1.68,synthetic_demo_feed
mh_amr_chandur,2024-05-19,0.0,34.7,23.2,40.2,4.3,128.6,237.6,3.7,36.6,-0.37,-0.09,1.68,synthetic_demo_feed
mh_amr_chandur,2024-05-20,0.0,32.7,23.0,42.9,4.3,101.9,231.1,3.7,27.9,-0.37,-0.09,1.68,synthetic_demo_feed
mh_amr_chandur,2024-05-21,0.0,33.2,23.3,45.8,4.8,136.1,239.3,4.2,33.4,-0.37,-0.09,1.68,synthetic_demo_feed
mh_amr_chandur,2024-05-22,0.0,35.0,23.8,41.9,5.3,96.6,228.1,4.6,27.2,-0.37,-0.09,1.68,synthetic_demo_feed
mh_amr_chandur,2024-05-23,0.0,34.3,22.8,49.8,6.9,137.5,229.1,6.0,35.1,-0.37,-0.09,1.68,synthetic_demo_feed
mh_amr_chandur,2024-05-24,0.0,32.8,23.1,54.9,4.6,84.6,228.6,4.0,36.6,-0.37,-0.09,1.68,synthetic_demo_feed
mh_amr_chandur,2024-05-25,0.0,34.8,23.0,42.7,6.2,85.9,237.2,5.4,31.5,-0.37,-0.09,1.68,synthetic_demo_feed
mh_amr_chandur,2024-05-26,0.0,34.9,22.9,52.8,6.4,93.6,225.4,5.6,34.2,-0.37,-0.09,1.68,synthetic_demo_feed
mh_amr_chandur,2024-05-27,0.0,35.5,23.5,48.7,6.2,105.4,225.4,5.4,33.8,-0.37,-0.09,1.68,synthetic_demo_feed
mh_amr_chandur,2024-05-28,0.0,33.1,23.7,48.8,4.7,107.8,224.9,4.1,22.4,-0.37,-0.09,1.68,synthetic_demo_feed
mh_amr_chandur,2024-05-29,0.0,34.8,23.0,49.6,6.1,123.4,248.2,5.3,37.9,-0.37,-0.09,1.68,synthetic_demo_feed
mh_amr_chandur,2024-05-30,0.0,33.1,22.9,44.6,4.5,129.3,237.0,3.9,22.3,-0.37,-0.09,1.68,synthetic_demo_feed
mh_amr_chandur,2024-05-31,0.0,32.6,23.1,49.2,4.6,99.9,237.6,4.0,24.9,-0.37,-0.09,1.68,synthetic_demo_feed
mh_amr_chandur,2024-06-01,0.0,33.1,23.0,87.6,10.2,222.0,195.8,8.9,71.8,-0.37,-0.09,1.68,synthetic_demo_feed
mh_amr_chandur,2024-06-02,11.9,31.3,23.0,80.0,7.5,212.7,190.0,6.5,56.3,-0.37,-0.09,1.68,synthetic_demo_feed
mh_amr_chandur,2024-06-03,0.0,33.7,22.8,81.7,9.2,215.5,188.3,8.0,74.0,-0.37,-0.09,1.68,synthetic_demo_feed
mh_amr_chandur,2024-06-04,0.0,34.3,22.8,81.6,10.2,236.9,188.7,8.9,70.1,-0.37,-0.09,1.68,synthetic_demo_feed
mh_amr_chandur,2024-06-05,8.4,31.8,23.4,74.0,10.2,241.2,216.7,8.9,65.4,-0.37,-0.09,1.68,synthetic_demo_feed
mh_amr_chandur,2024-06-06,0.0,35.0,23.5,65.6,9.3,229.0,190.4,8.1,60.7,-0.37,-0.09,1.68,synthetic_demo_feed
mh_amr_chandur,2024-06-07,0.0,33.8,22.5,72.5,12.4,210.4,209.7,10.8,70.6,-0.37,-0.09,1.68,synthetic_demo_feed
mh_amr_chandur,2024-06-08,17.0,32.2,23.0,86.8,11.8,245.3,183.0,10.3,56.0,-0.37,-0.09,1.68,synthetic_demo_feed
mh_amr_chandur,2024-06-09,25.0,29.0,23.4,86.5,11.4,211.1,171.9,9.9,62.0,-0.37,-0.09,1.68,synthetic_demo_feed
mh_amr_chandur,2024-06-10,33.6,28.1,22.8,82.7,10.7,243.5,178.4,9.3,68.0,-0.37,-0.09,1.68,synthetic_demo_feed
mh_amr_chandur,2024-06-11,23.8,31.8,22.3,82.6,10.1,214.1,167.2,8.8,74.0,-0.37,-0.09,1.68,synthetic_demo_feed
mh_amr_chandur,2024-06-12,31.8,29.2,23.2,89.8,15.1,248.7,189.3,13.1,80.0,-0.37,-0.09,1.68,synthetic_demo_feed
mh_amr_chandur,2024-06-13,6.2,32.4,23.7,85.3,8.3,226.2,211.2,7.2,56.2,-0.37,-0.09,1.68,synthetic_demo_feed
mh_amr_chandur,2024-06-14,0.0,34.2,22.4,67.4,8.4,244.3,181.3,7.3,57.7,-0.37,-0.09,1.68,synthetic_demo_feed
mh_amr_chandur,2024-06-15,3.2,33.7,22.2,87.1,9.7,249.2,187.2,8.4,62.1,-0.37,-0.09,1.68,synthetic_demo_feed
mh_amr_chandur,2024-06-16,17.8,32.4,22.9,66.4,11.7,245.3,190.7,10.2,61.4,-0.37,-0.09,1.68,synthetic_demo_feed
mh_amr_chandur,2024-06-17,0.0,33.8,23.6,66.8,11.6,245.5,216.9,10.1,72.7,-0.37,-0.09,1.68,synthetic_demo_feed
mh_amr_chandur,2024-06-18,0.0,35.0,22.4,69.6,9.0,246.7,217.7,7.8,50.5,-0.37,-0.09,1.68,synthetic_demo_feed
mh_amr_chandur,2024-06-19,7.5,32.7,24.0,68.7,11.6,246.6,184.5,10.1,53.4,-0.37,-0.09,1.68,synthetic_demo_feed
mh_amr_chandur,2024-06-20,7.5,31.6,23.8,82.4,11.3,234.6,202.5,9.8,54.8,-0.37,-0.09,1.68,synthetic_demo_feed
mh_amr_chandur,2024-06-21,0.0,34.3,22.3,81.1,9.2,238.0,219.5,8.0,51.6,-0.37,-0.09,1.68,synthetic_demo_feed
mh_amr_chandur,2024-06-22,0.0,32.9,22.8,67.0,10.2,223.9,199.7,8.9,71.8,-0.37,-0.09,1.68,synthetic_demo_feed
mh_amr_chandur,2024-06-23,24.4,30.1,22.8,67.9,9.7,223.2,202.5,8.4,57.9,-0.37,-0.09,1.68,synthetic_demo_feed
mh_amr_chandur,2024-06-24,21.9,30.0,23.5,87.5,9.1,233.5,202.1,7.9,62.6,-0.37,-0.09,1.68,synthetic_demo_feed
mh_amr_chandur,2024-06-25,18.8,31.9,24.0,71.9,10.3,240.1,200.2,9.0,45.1,-0.37,-0.09,1.68,synthetic_demo_feed
mh_amr_chandur,2024-06-26,0.0,32.8,23.9,65.2,7.7,243.8,180.9,6.7,66.4,-0.37,-0.09,1.68,synthetic_demo_feed
mh_amr_chandur,2024-06-27,0.0,35.3,23.8,85.8,11.5,219.5,186.6,10.0,68.3,-0.37,-0.09,1.68,synthetic_demo_feed
mh_amr_chandur,2024-06-28,8.3,32.3,22.4,70.2,7.7,218.3,202.9,6.7,72.0,-0.37,-0.09,1.68,synthetic_demo_feed
mh_amr_chandur,2024-06-29,6.3,34.0,22.7,83.6,7.7,248.9,194.3,6.7,72.2,-0.37,-0.09,1.68,synthetic_demo_feed
mh_amr_chandur,2024-06-30,22.4,31.8,22.5,72.6,9.2,226.2,189.0,8.0,66.5,-0.37,-0.09,1.68,synthetic_demo_feed
mh_amr_chandur,2024-07-01,0.0,33.1,23.6,81.0,10.3,217.7,202.2,9.0,51.2,-0.37,-0.09,1.68,synthetic_demo_feed
mh_amr_chandur,2024-07-02,21.6,30.9,22.7,74.8,8.3,239.9,195.8,7.2,45.2,-0.37,-0.09,1.68,synthetic_demo_feed
mh_amr_chandur,2024-07-03,0.0,34.8,22.2,84.1,8.2,245.2,205.8,7.1,68.7,-0.37,-0.09,1.68,synthetic_demo_feed
mh_amr_chandur,2024-07-04,20.1,31.3,23.9,85.9,9.5,214.7,210.1,8.3,63.4,-0.37,-0.09,1.68,synthetic_demo_feed
mh_amr_chandur,2024-07-05,13.7,30.9,23.8,72.1,10.0,225.4,187.9,8.7,56.2,-0.37,-0.09,1.68,synthetic_demo_feed
mh_amr_chandur,2024-07-06,0.0,33.5,24.0,78.0,10.8,213.9,214.7,9.4,72.1,-0.37,-0.09,1.68,synthetic_demo_feed
mh_amr_chandur,2024-07-07,11.4,32.0,23.9,76.1,8.6,244.2,183.0,7.5,52.0,-0.37,-0.09,1.68,synthetic_demo_feed
mh_amr_chandur,2024-07-08,9.7,31.4,23.8,86.1,10.1,238.0,206.7,8.8,52.6,-0.37,-0.09,1.68,synthetic_demo_feed
mh_amr_chandur,2024-07-09,0.0,34.2,22.3,82.6,9.8,239.7,197.0,8.5,45.8,-0.37,-0.09,1.68,synthetic_demo_feed
mh_amr_chandur,2024-07-10,0.0,34.6,22.1,71.2,12.0,237.6,190.7,10.4,50.7,-0.37,-0.09,1.68,synthetic_demo_feed
mh_amr_chandur,2024-07-11,0.0,32.9,23.2,71.2,9.1,214.2,194.2,7.9,66.6,-0.37,-0.09,1.68,synthetic_demo_feed
mh_amr_chandur,2024-07-12,21.4,29.7,22.9,86.1,9.8,249.0,200.7,8.5,58.8,-0.37,-0.09,1.68,synthetic_demo_feed
mh_amr_chandur,2024-07-13,19.2,31.7,22.5,67.1,8.3,241.9,214.4,7.2,61.4,-0.37,-0.09,1.68,synthetic_demo_feed
mh_amr_chandur,2024-07-14,23.5,29.9,23.1,81.9,10.6,229.7,211.6,9.2,74.1,-0.37,-0.09,1.68,synthetic_demo_feed
mh_amr_chandur,2024-07-15,16.8,30.5,23.2,69.8,8.5,232.3,213.2,7.4,52.0,-0.37,-0.09,1.68,synthetic_demo_feed
mh_amr_chandur,2024-07-16,10.6,32.9,23.9,72.8,7.8,221.0,204.7,6.8,66.5,-0.37,-0.09,1.68,synthetic_demo_feed
mh_amr_chandur,2024-07-17,0.0,34.1,23.7,83.0,10.1,231.7,193.3,8.8,67.1,-0.37,-0.09,1.68,synthetic_demo_feed
mh_amr_chandur,2024-07-18,0.0,34.9,22.0,83.3,9.8,230.3,192.8,8.5,49.0,-0.37,-0.09,1.68,synthetic_demo_feed
mh_amr_chandur,2024-07-19,5.3,34.0,23.7,72.0,8.4,239.5,203.4,7.3,51.5,-0.37,-0.09,1.68,synthetic_demo_feed
mh_amr_chandur,2024-07-20,0.1,33.0,22.7,44.5,3.3,125.3,249.6,2.9,55.5,-0.37,-0.09,1.68,synthetic_demo_feed
mh_amr_chandur,2024-07-21,0.4,33.7,23.5,56.9,5.2,139.3,243.8,4.5,51.0,-0.37,-0.09,1.68,synthetic_demo_feed
mh_amr_chandur,2024-07-22,0.4,35.1,23.3,54.2,3.4,85.4,248.8,3.0,46.5,-0.37,-0.09,1.68,synthetic_demo_feed
mh_amr_chandur,2024-07-23,0.8,33.2,23.1,46.4,3.6,115.6,254.8,3.1,42.0,-0.37,-0.09,1.68,synthetic_demo_feed
mh_amr_chandur,2024-07-24,0.6,34.9,22.9,48.3,4.7,88.1,250.1,4.1,37.5,-0.37,-0.09,1.68,synthetic_demo_feed
mh_amr_chandur,2024-07-25,0.3,35.0,23.9,47.5,5.3,101.7,241.6,4.6,33.0,-0.37,-0.09,1.68,synthetic_demo_feed
mh_amr_chandur,2024-07-26,0.2,32.5,22.5,52.4,5.3,84.5,236.7,4.6,28.5,-0.37,-0.09,1.68,synthetic_demo_feed
mh_amr_chandur,2024-07-27,0.6,33.0,23.2,47.9,3.4,88.1,237.1,3.0,24.0,-0.37,-0.09,1.68,synthetic_demo_feed
mh_amr_chandur,2024-07-28,0.2,33.6,22.0,51.5,3.1,82.8,246.6,2.7,20.0,-0.37,-0.09,1.68,synthetic_demo_feed
mh_amr_chandur,2024-07-29,0.0,33.7,22.8,76.2,8.2,246.9,217.3,7.1,46.1,-0.37,-0.09,1.68,synthetic_demo_feed
mh_amr_chandur,2024-07-30,0.0,33.7,22.4,87.4,7.7,231.0,213.2,6.7,71.1,-0.37,-0.09,1.68,synthetic_demo_feed
mh_amr_chandur,2024-07-31,0.0,33.3,22.2,70.3,10.5,243.0,180.4,9.1,50.2,-0.37,-0.09,1.68,synthetic_demo_feed
mh_amr_chandur,2024-08-01,0.0,33.1,22.8,69.7,10.9,210.5,214.3,9.5,71.0,-0.37,-0.09,1.68,synthetic_demo_feed
mh_amr_chandur,2024-08-02,0.0,32.9,22.4,67.1,9.0,214.0,204.7,7.8,58.1,-0.37,-0.09,1.68,synthetic_demo_feed
mh_amr_chandur,2024-08-03,22.7,30.5,23.8,69.5,12.2,230.9,191.5,10.6,50.4,-0.37,-0.09,1.68,synthetic_demo_feed
mh_amr_chandur,2024-08-04,0.0,33.1,22.5,65.7,12.2,221.7,196.8,10.6,70.8,-0.37,-0.09,1.68,synthetic_demo_feed
mh_amr_chandur,2024-08-05,0.0,33.5,22.7,74.9,8.9,230.5,181.8,7.7,47.1,-0.37,-0.09,1.68,synthetic_demo_feed
mh_amr_chandur,2024-08-06,25.0,29.6,22.4,79.2,10.0,245.3,213.4,8.7,50.7,-0.37,-0.09,1.68,synthetic_demo_feed
mh_amr_chandur,2024-08-07,7.4,32.0,22.7,66.8,11.5,241.2,192.3,10.0,59.9,-0.37,-0.09,1.68,synthetic_demo_feed
mh_amr_chandur,2024-08-08,0.0,35.5,22.3,70.9,9.4,245.0,200.0,8.2,62.1,-0.37,-0.09,1.68,synthetic_demo_feed
mh_amr_chandur,2024-08-09,0.0,34.2,22.1,84.4,8.6,237.5,194.8,7.5,49.1,-0.37,-0.09,1.68,synthetic_demo_feed
mh_amr_chandur,2024-08-10,14.1,30.4,22.7,80.0,8.9,230.0,209.4,7.7,74.4,-0.37,-0.09,1.68,synthetic_demo_feed
mh_amr_chandur,2024-08-11,22.4,30.0,22.6,69.0,12.3,233.6,199.3,10.7,56.7,-0.37,-0.09,1.68,synthetic_demo_feed
mh_amr_chandur,2024-08-12,20.5,30.7,22.6,77.3,8.6,243.9,203.3,7.5,52.9,-0.37,-0.09,1.68,synthetic_demo_feed
mh_amr_chandur,2024-08-13,0.0,34.1,22.6,75.5,9.0,228.3,209.5,7.8,73.7,-0.37,-0.09,1.68,synthetic_demo_feed
mh_amr_chandur,2024-08-14,10.9,33.5,22.5,80.0,9.8,226.6,201.7,8.5,70.7,-0.37,-0.09,1.68,synthetic_demo_feed
mh_amr_chandur,2024-08-15,0.0,34.9,23.9,70.4,9.4,212.7,207.2,8.2,61.6,-0.37,-0.09,1.68,synthetic_demo_feed
mh_amr_chandur,2024-08-16,0.0,34.3,22.1,73.6,7.9,212.4,215.3,6.9,60.5,-0.37,-0.09,1.68,synthetic_demo_feed
mh_amr_chandur,2024-08-17,0.0,34.1,22.7,84.4,8.4,237.9,217.0,7.3,45.3,-0.37,-0.09,1.68,synthetic_demo_feed
mh_amr_chandur,2024-08-18,0.0,33.7,23.8,71.7,9.4,211.3,213.5,8.2,52.1,-0.37,-0.09,1.68,synthetic_demo_feed
mh_amr_chandur,2024-08-19,0.0,34.0,22.4,71.1,8.7,225.9,189.1,7.6,57.7,-0.37,-0.09,1.68,synthetic_demo_feed
mh_amr_chandur,2024-08-20,0.0,35.2,22.2,74.3,7.6,247.3,206.6,6.6,66.0,-0.37,-0.09,1.68,synthetic_demo_feed
mh_amr_chandur,2024-08-21,6.6,33.8,23.2,86.0,12.0,240.8,196.4,10.4,64.3,-0.37,-0.09,1.68,synthetic_demo_feed
mh_amr_chandur,2024-08-22,0.0,34.5,23.6,70.0,9.7,211.9,205.9,8.4,67.8,-0.37,-0.09,1.68,synthetic_demo_feed
mh_amr_chandur,2024-08-23,0.0,34.6,23.4,72.0,9.7,244.7,188.2,8.4,69.4,-0.37,-0.09,1.68,synthetic_demo_feed
mh_amr_chandur,2024-08-24,0.0,35.5,22.6,82.1,9.5,210.9,199.3,8.3,54.4,-0.37,-0.09,1.68,synthetic_demo_feed
mh_amr_chandur,2024-08-25,0.0,32.7,23.3,84.1,8.2,232.4,192.1,7.1,65.8,-0.37,-0.09,1.68,synthetic_demo_feed
mh_amr_chandur,2024-08-26,0.0,32.6,22.8,74.2,10.3,217.5,210.6,9.0,66.7,-0.37,-0.09,1.68,synthetic_demo_feed
mh_amr_chandur,2024-08-27,4.1,31.9,22.4,87.1,10.5,242.4,210.5,9.1,71.9,-0.37,-0.09,1.68,synthetic_demo_feed
mh_amr_chandur,2024-08-28,0.0,34.2,23.1,79.2,10.1,216.4,210.7,8.8,65.2,-0.37,-0.09,1.68,synthetic_demo_feed
mh_amr_chandur,2024-08-29,6.0,32.3,22.2,82.7,12.4,239.5,208.1,10.8,68.2,-0.37,-0.09,1.68,synthetic_demo_feed
mh_amr_chandur,2024-08-30,0.0,33.7,22.6,72.1,11.7,211.2,201.4,10.2,52.9,-0.37,-0.09,1.68,synthetic_demo_feed
mh_amr_chandur,2024-08-31,0.0,32.8,23.5,80.3,11.0,248.3,203.7,9.6,74.2,-0.37,-0.09,1.68,synthetic_demo_feed
mh_amr_chandur,2024-09-01,24.8,30.6,22.8,71.5,7.6,211.1,204.1,6.6,68.3,-0.37,-0.09,1.68,synthetic_demo_feed
mh_amr_chandur,2024-09-02,6.5,32.3,23.2,75.1,11.7,216.5,204.7,10.2,45.1,-0.37,-0.09,1.68,synthetic_demo_feed
mh_amr_chandur,2024-09-03,0.0,34.9,23.6,82.1,12.2,237.9,189.3,10.6,53.3,-0.37,-0.09,1.68,synthetic_demo_feed
mh_amr_chandur,2024-09-04,0.0,32.8,22.9,66.7,11.7,244.4,207.7,10.2,66.7,-0.37,-0.09,1.68,synthetic_demo_feed
mh_amr_chandur,2024-09-05,16.8,32.6,23.1,70.1,8.9,244.5,218.2,7.7,48.4,-0.37,-0.09,1.68,synthetic_demo_feed
mh_amr_chandur,2024-09-06,0.0,34.8,23.8,80.0,8.0,236.3,216.8,7.0,52.6,-0.37,-0.09,1.68,synthetic_demo_feed
mh_amr_chandur,2024-09-07,0.0,34.8,22.2,65.0,7.9,212.2,206.2,6.9,73.2,-0.37,-0.09,1.68,synthetic_demo_feed
mh_amr_chandur,2024-09-08,0.0,33.1,23.0,66.0,10.7,231.6,186.2,9.3,71.4,-0.37,-0.09,1.68,synthetic_demo_feed
mh_amr_chandur,2024-09-09,0.0,33.0,22.3,66.5,12.4,247.8,215.9,10.8,49.8,-0.37,-0.09,1.68,synthetic_demo_feed
mh_amr_chandur,2024-09-10,0.0,33.5,23.9,84.2,11.5,236.4,206.1,10.0,70.3,-0.37,-0.09,1.68,synthetic_demo_feed
mh_amr_chandur,2024-09-11,5.8,33.6,22.9,72.8,10.5,221.0,200.3,9.1,61.9,-0.37,-0.09,1.68,synthetic_demo_feed
mh_amr_chandur,2024-09-12,14.6,33.0,23.7,67.6,10.6,216.9,196.9,9.2,63.0,-0.37,-0.09,1.68,synthetic_demo_feed
mh_amr_chandur,2024-09-13,0.0,32.6,23.2,65.8,7.6,228.3,195.7,6.6,49.0,-0.37,-0.09,1.68,synthetic_demo_feed
mh_amr_chandur,2024-09-14,0.0,35.1,22.6,74.7,12.6,218.7,212.2,11.0,65.2,-0.37,-0.09,1.68,synthetic_demo_feed
mh_amr_chandur,2024-09-15,0.0,34.1,23.6,79.8,10.8,229.4,195.3,9.4,55.0,-0.37,-0.09,1.68,synthetic_demo_feed
mh_amr_chandur,2024-09-16,6.5,32.4,23.3,80.2,9.0,225.0,209.4,7.8,64.7,-0.37,-0.09,1.68,synthetic_demo_feed
mh_amr_chandur,2024-09-17,2.9,32.8,22.4,87.0,12.3,246.4,183.6,10.7,58.8,-0.37,-0.09,1.68,synthetic_demo_feed
mh_amr_chandur,2024-09-18,0.0,33.6,23.5,81.2,11.7,210.0,196.2,10.2,52.5,-0.37,-0.09,1.68,synthetic_demo_feed
mh_amr_chandur,2024-09-19,0.0,34.6,22.1,68.1,9.4,224.2,191.7,8.2,67.9,-0.37,-0.09,1.68,synthetic_demo_feed
mh_amr_chandur,2024-09-20,0.0,33.8,22.7,66.8,10.1,247.7,197.0,8.8,61.0,-0.37,-0.09,1.68,synthetic_demo_feed
mh_amr_chandur,2024-09-21,0.0,35.1,23.0,84.0,12.0,215.9,218.8,10.4,53.2,-0.37,-0.09,1.68,synthetic_demo_feed
mh_amr_chandur,2024-09-22,18.6,31.8,22.8,76.9,10.0,250.0,198.1,8.7,53.3,-0.37,-0.09,1.68,synthetic_demo_feed
mh_amr_chandur,2024-09-23,0.0,34.8,23.9,74.3,7.7,226.3,189.2,6.7,58.9,-0.37,-0.09,1.68,synthetic_demo_feed
mh_amr_chandur,2024-09-24,0.0,35.2,23.8,78.0,10.5,246.2,185.2,9.1,59.5,-0.37,-0.09,1.68,synthetic_demo_feed
mh_amr_chandur,2024-09-25,3.6,33.2,23.2,73.9,10.6,210.4,190.3,9.2,50.0,-0.37,-0.09,1.68,synthetic_demo_feed
mh_amr_chandur,2024-09-26,4.1,34.6,22.8,78.4,12.3,249.4,198.1,10.7,50.3,-0.37,-0.09,1.68,synthetic_demo_feed
mh_amr_chandur,2024-09-27,0.0,34.3,23.9,68.5,10.9,231.9,217.9,9.5,72.4,-0.37,-0.09,1.68,synthetic_demo_feed
mh_amr_chandur,2024-09-28,19.4,31.7,22.9,74.2,12.0,217.5,209.4,10.4,60.4,-0.37,-0.09,1.68,synthetic_demo_feed
mh_amr_chandur,2024-09-29,0.0,32.6,23.9,70.7,9.1,242.3,197.4,7.9,60.8,-0.37,-0.09,1.68,synthetic_demo_feed
mh_amr_chandur,2024-09-30,0.0,33.1,23.5,69.6,7.9,213.4,212.5,6.9,60.8,-0.37,-0.09,1.68,synthetic_demo_feed
mh_amr_chandur,2024-10-01,0.0,32.6,24.0,57.9,3.6,121.9,234.1,3.1,26.6,-0.37,-0.09,1.68,synthetic_demo_feed
mh_amr_chandur,2024-10-02,0.0,34.9,23.5,54.9,5.6,119.7,225.1,4.9,23.1,-0.37,-0.09,1.68,synthetic_demo_feed
mh_amr_chandur,2024-10-03,0.0,32.9,22.4,51.3,6.0,128.7,250.5,5.2,25.5,-0.37,-0.09,1.68,synthetic_demo_feed
mh_amr_chandur,2024-10-04,0.0,34.3,23.1,50.9,5.6,118.7,225.3,4.9,24.1,-0.37,-0.09,1.68,synthetic_demo_feed
mh_amr_chandur,2024-10-05,0.0,32.9,23.8,55.7,4.0,99.8,233.4,3.5,37.0,-0.37,-0.09,1.68,synthetic_demo_feed
mh_amr_chandur,2024-10-06,0.0,33.2,23.1,43.7,3.7,109.1,242.7,3.2,27.4,-0.37,-0.09,1.68,synthetic_demo_feed
mh_amr_chandur,2024-10-07,0.0,35.2,22.8,52.4,6.2,134.9,241.3,5.4,26.2,-0.37,-0.09,1.68,synthetic_demo_feed
mh_amr_chandur,2024-10-08,0.0,32.6,24.0,58.4,6.1,102.2,254.2,5.3,37.7,-0.37,-0.09,1.68,synthetic_demo_feed
mh_amr_chandur,2024-10-09,0.0,35.3,22.9,53.2,3.8,104.5,250.8,3.3,25.9,-0.37,-0.09,1.68,synthetic_demo_feed
mh_amr_chandur,2024-10-10,2.6,34.9,23.3,43.1,6.8,126.3,240.0,5.9,34.2,-0.37,-0.09,1.68,synthetic_demo_feed
mh_amr_chandur,2024-10-11,0.0,32.9,22.3,58.8,4.3,93.5,220.2,3.7,29.9,-0.37,-0.09,1.68,synthetic_demo_feed
mh_amr_chandur,2024-10-12,1.0,33.8,23.0,48.1,4.5,118.5,243.1,3.9,22.2,-0.37,-0.09,1.68,synthetic_demo_feed
mh_amr_chandur,2024-10-13,5.0,33.7,23.9,41.7,4.3,88.8,232.2,3.7,31.2,-0.37,-0.09,1.68,synthetic_demo_feed
mh_amr_chandur,2024-10-14,0.0,33.1,23.0,52.0,6.3,92.6,241.8,5.5,23.1,-0.37,-0.09,1.68,synthetic_demo_feed
mh_amr_chandur,2024-10-15,1.5,33.6,23.1,59.9,4.5,80.0,226.4,3.9,26.4,-0.37,-0.09,1.68,synthetic_demo_feed
mh_amr_chandur,2024-10-16,0.0,32.9,22.5,59.2,4.9,139.2,235.1,4.3,28.7,-0.37,-0.09,1.68,synthetic_demo_feed
mh_amr_chandur,2024-10-17,0.0,34.8,23.2,49.4,5.9,127.2,251.0,5.1,27.1,-0.37,-0.09,1.68,synthetic_demo_feed
mh_amr_chandur,2024-10-18,0.0,32.8,23.4,57.1,5.9,137.7,254.2,5.1,37.6,-0.37,-0.09,1.68,synthetic_demo_feed
mh_amr_chandur,2024-10-19,0.0,35.4,22.1,45.4,4.6,128.8,238.8,4.0,28.1,-0.37,-0.09,1.68,synthetic_demo_feed
mh_amr_chandur,2024-10-20,0.0,34.7,23.6,46.9,3.4,99.3,232.4,3.0,33.9,-0.37,-0.09,1.68,synthetic_demo_feed
mh_amr_chandur,2024-10-21,0.0,33.2,23.3,52.4,6.0,135.3,229.1,5.2,32.7,-0.37,-0.09,1.68,synthetic_demo_feed
mh_amr_chandur,2024-10-22,2.5,34.6,22.0,40.2,3.7,98.7,236.5,3.2,25.9,-0.37,-0.09,1.68,synthetic_demo_feed
mh_amr_chandur,2024-10-23,0.0,34.3,23.6,40.4,4.4,112.8,224.1,3.8,34.2,-0.37,-0.09,1.68,synthetic_demo_feed
mh_amr_chandur,2024-10-24,0.0,34.8,23.5,44.2,3.6,124.3,248.1,3.1,28.1,-0.37,-0.09,1.68,synthetic_demo_feed
mh_amr_chandur,2024-10-25,2.6,34.0,23.4,48.0,5.3,81.3,252.0,4.6,37.2,-0.37,-0.09,1.68,synthetic_demo_feed
mh_amr_chandur,2024-10-26,0.0,33.5,23.9,46.4,4.0,102.9,238.9,3.5,31.7,-0.37,-0.09,1.68,synthetic_demo_feed
mh_amr_chandur,2024-10-27,0.0,34.7,22.3,44.1,4.1,83.3,244.8,3.6,25.8,-0.37,-0.09,1.68,synthetic_demo_feed
mh_amr_chandur,2024-10-28,0.0,34.0,22.1,57.0,4.5,126.1,254.5,3.9,30.1,-0.37,-0.09,1.68,synthetic_demo_feed
mh_amr_chandur,2024-10-29,0.0,35.4,23.2,52.1,6.0,82.5,221.5,5.2,29.7,-0.37,-0.09,1.68,synthetic_demo_feed
mh_amr_chandur,2024-10-30,0.0,35.0,23.3,41.9,5.9,138.7,224.1,5.1,35.4,-0.37,-0.09,1.68,synthetic_demo_feed
mh_amr_chandur,2024-10-31,0.0,33.7,22.2,57.1,4.1,100.1,222.8,3.6,24.3,-0.37,-0.09,1.68,synthetic_demo_feed
mh_amr_chandur,2025-05-01,0.0,33.1,22.2,43.3,3.6,115.6,231.8,3.1,28.4,-0.37,-0.09,1.68,synthetic_demo_feed
mh_amr_chandur,2025-05-02,0.0,32.9,22.6,53.7,5.1,116.0,230.3,4.4,37.8,-0.37,-0.09,1.68,synthetic_demo_feed
mh_amr_chandur,2025-05-03,0.0,33.4,23.5,45.5,5.1,137.5,220.2,4.4,33.4,-0.37,-0.09,1.68,synthetic_demo_feed
mh_amr_chandur,2025-05-04,2.7,32.3,23.5,58.4,6.1,97.4,251.2,5.3,36.3,-0.37,-0.09,1.68,synthetic_demo_feed
mh_amr_chandur,2025-05-05,0.0,33.8,23.6,54.6,5.4,128.2,248.8,4.7,31.2,-0.37,-0.09,1.68,synthetic_demo_feed
mh_amr_chandur,2025-05-06,0.0,34.2,23.8,45.0,4.8,101.8,224.6,4.2,33.2,-0.37,-0.09,1.68,synthetic_demo_feed
mh_amr_chandur,2025-05-07,0.0,32.9,23.0,54.8,4.8,113.3,224.8,4.2,26.8,-0.37,-0.09,1.68,synthetic_demo_feed
mh_amr_chandur,2025-05-08,0.0,34.9,22.8,48.0,4.8,82.5,227.6,4.2,27.3,-0.37,-0.09,1.68,synthetic_demo_feed
mh_amr_chandur,2025-05-09,0.0,35.2,22.2,40.9,3.4,118.0,235.2,3.0,33.7,-0.37,-0.09,1.68,synthetic_demo_feed
mh_amr_chandur,2025-05-10,0.0,34.3,23.2,42.4,5.3,139.3,220.3,4.6,35.8,-0.37,-0.09,1.68,synthetic_demo_feed
mh_amr_chandur,2025-05-11,3.7,33.0,23.4,42.7,3.9,126.0,242.4,3.4,31.7,-0.37,-0.09,1.68,synthetic_demo_feed
mh_amr_chandur,2025-05-12,0.0,32.8,23.3,51.9,5.1,91.2,233.0,4.4,25.7,-0.37,-0.09,1.68,synthetic_demo_feed
mh_amr_chandur,2025-05-13,0.0,35.4,22.7,48.6,5.9,128.9,221.7,5.1,24.1,-0.37,-0.09,1.68,synthetic_demo_feed
mh_amr_chandur,2025-05-14,0.0,34.3,22.3,56.2,4.6,99.1,230.3,4.0,37.7,-0.37,-0.09,1.68,synthetic_demo_feed
mh_amr_chandur,2025-05-15,0.0,34.0,22.2,45.7,4.4,81.0,253.7,3.8,27.3,-0.37,-0.09,1.68,synthetic_demo_feed
mh_amr_chandur,2025-05-16,0.0,33.1,23.8,47.0,5.5,130.7,245.1,4.8,27.6,-0.37,-0.09,1.68,synthetic_demo_feed
mh_amr_chandur,2025-05-17,0.0,34.6,22.3,57.3,4.8,109.6,233.9,4.2,31.6,-0.37,-0.09,1.68,synthetic_demo_feed
mh_amr_chandur,2025-05-18,0.0,33.7,23.6,40.2,4.8,130.4,231.0,4.2,37.5,-0.37,-0.09,1.68,synthetic_demo_feed
mh_amr_chandur,2025-05-19,0.0,33.0,22.8,45.9,4.9,135.3,234.8,4.3,35.8,-0.37,-0.09,1.68,synthetic_demo_feed
mh_amr_chandur,2025-05-20,1.0,33.5,22.4,50.1,3.7,80.3,248.0,3.2,22.4,-0.37,-0.09,1.68,synthetic_demo_feed
mh_amr_chandur,2025-05-21,0.0,32.8,22.8,41.8,5.6,100.8,243.8,4.9,30.0,-0.37,-0.09,1.68,synthetic_demo_feed
mh_amr_chandur,2025-05-22,0.0,33.2,22.7,45.1,3.9,106.5,222.2,3.4,23.2,-0.37,-0.09,1.68,synthetic_demo_feed
mh_amr_chandur,2025-05-23,0.0,32.8,23.6,54.6,6.8,121.7,244.8,5.9,27.8,-0.37,-0.09,1.68,synthetic_demo_feed
mh_amr_chandur,2025-05-24,0.0,35.3,22.2,54.5,3.7,118.6,236.4,3.2,24.0,-0.37,-0.09,1.68,synthetic_demo_feed
mh_amr_chandur,2025-05-25,0.0,35.0,22.8,59.3,4.8,92.9,240.1,4.2,37.0,-0.37,-0.09,1.68,synthetic_demo_feed
mh_amr_chandur,2025-05-26,0.0,34.3,22.5,43.9,5.4,120.2,251.0,4.7,27.2,-0.37,-0.09,1.68,synthetic_demo_feed
mh_amr_chandur,2025-05-27,0.0,33.1,22.5,53.7,3.4,124.8,239.1,3.0,22.8,-0.37,-0.09,1.68,synthetic_demo_feed
mh_amr_chandur,2025-05-28,0.0,32.5,23.3,50.8,6.0,113.8,236.6,5.2,25.9,-0.37,-0.09,1.68,synthetic_demo_feed
mh_amr_chandur,2025-05-29,0.0,35.0,23.4,44.8,4.9,116.2,241.1,4.3,25.0,-0.37,-0.09,1.68,synthetic_demo_feed
mh_amr_chandur,2025-05-30,0.0,33.4,22.1,51.3,3.9,132.1,247.5,3.4,35.8,-0.37,-0.09,1.68,synthetic_demo_feed
mh_amr_chandur,2025-05-31,0.0,35.2,22.9,56.3,6.1,117.0,231.3,5.3,37.0,-0.37,-0.09,1.68,synthetic_demo_feed
mh_amr_chandur,2025-06-01,0.0,35.3,22.3,75.9,8.3,238.8,187.5,7.2,52.1,-0.37,-0.09,1.68,synthetic_demo_feed
mh_amr_chandur,2025-06-02,0.0,34.2,22.5,70.5,7.7,249.7,206.1,6.7,50.5,-0.37,-0.09,1.68,synthetic_demo_feed
mh_amr_chandur,2025-06-03,16.4,30.7,22.6,76.9,11.6,236.4,189.1,10.1,53.8,-0.37,-0.09,1.68,synthetic_demo_feed
mh_amr_chandur,2025-06-04,0.0,33.5,22.6,65.2,12.1,213.4,201.0,10.5,65.2,-0.37,-0.09,1.68,synthetic_demo_feed
mh_amr_chandur,2025-06-05,0.0,33.8,22.9,73.9,8.2,237.6,207.6,7.1,72.4,-0.37,-0.09,1.68,synthetic_demo_feed
mh_amr_chandur,2025-06-06,0.0,35.0,23.6,67.9,12.4,249.4,188.1,10.8,45.1,-0.37,-0.09,1.68,synthetic_demo_feed
mh_amr_chandur,2025-06-07,6.0,34.3,23.0,79.4,9.7,228.7,210.9,8.4,68.4,-0.37,-0.09,1.68,synthetic_demo_feed
mh_amr_chandur,2025-06-08,17.7,31.9,22.1,90.9,12.4,225.9,192.9,10.8,56.0,-0.37,-0.09,1.68,synthetic_demo_feed
mh_amr_chandur,2025-06-09,36.1,27.1,23.1,92.0,10.0,212.1,185.6,8.7,62.0,-0.37,-0.09,1.68,synthetic_demo_feed
mh_amr_chandur,2025-06-10,21.8,30.7,22.6,82.5,13.7,235.2,161.2,11.9,68.0,-0.37,-0.09,1.68,synthetic_demo_feed
mh_amr_chandur,2025-06-11,14.2,31.3,22.1,91.9,13.8,245.9,188.8,12.0,74.0,-0.37,-0.09,1.68,synthetic_demo_feed
mh_amr_chandur,2025-06-12,19.0,31.9,23.0,87.1,15.3,227.1,183.6,13.3,80.0,-0.37,-0.09,1.68,synthetic_demo_feed
mh_amr_chandur,2025-06-13,10.9,33.4,22.5,74.9,11.8,226.2,217.0,10.3,49.8,-0.37,-0.09,1.68,synthetic_demo_feed
mh_amr_chandur,2025-06-14,0.0,33.7,23.9,84.5,9.3,220.5,206.5,8.1,69.3,-0.37,-0.09,1.68,synthetic_demo_feed
mh_amr_chandur,2025-06-15,4.1,32.5,23.0,78.7,8.9,218.7,202.9,7.7,64.4,-0.37,-0.09,1.68,synthetic_demo_feed
mh_amr_chandur,2025-06-16,0.0,34.6,23.7,82.2,11.0,233.9,210.8,9.6,70.2,-0.37,-0.09,1.68,synthetic_demo_feed
mh_amr_chandur,2025-06-17,16.0,31.0,22.6,78.6,9.7,244.7,208.2,8.4,63.6,-0.37,-0.09,1.68,synthetic_demo_feed
mh_amr_chandur,2025-06-18,0.0,33.8,22.4,83.9,8.5,215.3,212.0,7.4,68.3,-0.37,-0.09,1.68,synthetic_demo_feed
mh_amr_chandur,2025-06-19,15.8,31.9,23.9,67.3,8.0,231.3,215.7,7.0,66.6,-0.37,-0.09,1.68,synthetic_demo_feed
mh_amr_chandur,2025-06-20,0.0,35.3,22.5,72.6,12.2,210.7,206.4,10.6,53.6,-0.37,-0.09,1.68,synthetic_demo_feed
mh_amr_chandur,2025-06-21,0.0,35.1,22.3,82.1,9.8,217.7,187.3,8.5,74.6,-0.37,-0.09,1.68,synthetic_demo_feed
mh_amr_chandur,2025-06-22,0.0,35.0,23.9,86.6,12.2,216.5,201.2,10.6,54.0,-0.37,-0.09,1.68,synthetic_demo_feed
mh_amr_chandur,2025-06-23,12.9,32.1,23.8,84.5,10.0,215.2,200.2,8.7,68.2,-0.37,-0.09,1.68,synthetic_demo_feed
mh_amr_chandur,2025-06-24,0.0,35.4,22.6,66.3,10.8,225.5,205.7,9.4,64.7,-0.37,-0.09,1.68,synthetic_demo_feed
mh_amr_chandur,2025-06-25,18.2,30.9,22.6,81.6,8.5,239.9,219.5,7.4,62.3,-0.37,-0.09,1.68,synthetic_demo_feed
mh_amr_chandur,2025-06-26,0.0,34.5,23.0,71.2,12.0,237.5,201.5,10.4,45.7,-0.37,-0.09,1.68,synthetic_demo_feed
mh_amr_chandur,2025-06-27,0.0,33.2,22.0,69.4,11.6,234.8,202.7,10.1,65.3,-0.37,-0.09,1.68,synthetic_demo_feed
mh_amr_chandur,2025-06-28,0.0,32.7,23.8,67.7,9.5,226.7,186.2,8.3,70.2,-0.37,-0.09,1.68,synthetic_demo_feed
mh_amr_chandur,2025-06-29,5.5,33.7,22.8,85.7,9.2,221.1,184.0,8.0,67.0,-0.37,-0.09,1.68,synthetic_demo_feed
mh_amr_chandur,2025-06-30,0.0,33.6,23.0,72.4,12.4,214.0,217.1,10.8,67.5,-0.37,-0.09,1.68,synthetic_demo_feed
mh_amr_chandur,2025-07-01,0.0,34.1,22.7,65.1,9.7,241.5,190.2,8.4,46.6,-0.37,-0.09,1.68,synthetic_demo_feed
mh_amr_chandur,2025-07-02,14.4,31.4,22.7,73.2,11.0,216.2,185.3,9.6,57.4,-0.37,-0.09,1.68,synthetic_demo_feed
mh_amr_chandur,2025-07-03,0.0,33.9,22.6,82.7,8.9,215.7,214.5,7.7,62.7,-0.37,-0.09,1.68,synthetic_demo_feed
mh_amr_chandur,2025-07-04,0.0,32.6,23.6,86.0,10.2,243.5,188.1,8.9,74.9,-0.37,-0.09,1.68,synthetic_demo_feed
mh_amr_chandur,2025-07-05,0.0,33.7,22.1,75.4,11.3,234.9,214.7,9.8,73.7,-0.37,-0.09,1.68,synthetic_demo_feed
mh_amr_chandur,2025-07-06,0.0,33.0,23.6,76.8,12.2,223.3,190.7,10.6,57.3,-0.37,-0.09,1.68,synthetic_demo_feed
mh_amr_chandur,2025-07-07,16.3,32.3,22.4,79.0,7.6,236.7,201.4,6.6,71.2,-0.37,-0.09,1.68,synthetic_demo_feed
mh_amr_chandur,2025-07-08,19.8,32.1,23.6,75.9,11.7,233.0,205.5,10.2,59.5,-0.37,-0.09,1.68,synthetic_demo_feed
mh_amr_chandur,2025-07-09,0.0,33.1,22.8,68.5,9.2,220.8,213.6,8.0,53.1,-0.37,-0.09,1.68,synthetic_demo_feed
mh_amr_chandur,2025-07-10,9.6,33.1,22.6,82.3,8.5,230.4,181.7,7.4,56.3,-0.37,-0.09,1.68,synthetic_demo_feed
mh_amr_chandur,2025-07-11,0.0,33.3,22.0,79.7,10.0,223.5,202.9,8.7,51.7,-0.37,-0.09,1.68,synthetic_demo_feed
mh_amr_chandur,2025-07-12,0.0,33.0,23.2,80.1,7.7,220.8,210.5,6.7,58.0,-0.37,-0.09,1.68,synthetic_demo_feed
mh_amr_chandur,2025-07-13,0.0,35.2,23.2,70.4,7.7,240.5,212.3,6.7,47.7,-0.37,-0.09,1.68,synthetic_demo_feed
mh_amr_chandur,2025-07-14,8.8,31.3,22.2,69.4,7.6,239.8,213.7,6.6,54.4,-0.37,-0.09,1.68,synthetic_demo_feed
mh_amr_chandur,2025-07-15,0.0,35.4,22.2,75.6,10.2,222.4,198.8,8.9,63.3,-0.37,-0.09,1.68,synthetic_demo_feed
mh_amr_chandur,2025-07-16,0.0,33.0,22.0,85.9,8.9,230.9,197.0,7.7,60.7,-0.37,-0.09,1.68,synthetic_demo_feed
mh_amr_chandur,2025-07-17,0.0,34.6,23.6,79.8,9.1,221.1,213.6,7.9,71.2,-0.37,-0.09,1.68,synthetic_demo_feed
mh_amr_chandur,2025-07-18,0.0,33.8,23.5,70.1,10.8,224.4,186.4,9.4,74.1,-0.37,-0.09,1.68,synthetic_demo_feed
mh_amr_chandur,2025-07-19,0.0,33.9,23.9,68.8,11.4,218.4,208.7,9.9,57.6,-0.37,-0.09,1.68,synthetic_demo_feed
mh_amr_chandur,2025-07-20,0.7,32.9,23.2,48.1,4.8,119.4,246.1,4.2,55.5,-0.37,-0.09,1.68,synthetic_demo_feed
mh_amr_chandur,2025-07-21,0.5,34.0,23.8,57.7,3.9,125.9,252.0,3.4,51.0,-0.37,-0.09,1.68,synthetic_demo_feed
mh_amr_chandur,2025-07-22,0.4,33.6,22.7,44.3,3.7,100.4,247.5,3.2,46.5,-0.37,-0.09,1.68,synthetic_demo_feed
mh_amr_chandur,2025-07-23,0.2,33.7,22.3,42.4,4.6,88.0,250.6,4.0,42.0,-0.37,-0.09,1.68,synthetic_demo_feed
mh_amr_chandur,2025-07-24,0.6,33.9,23.2,49.2,4.3,138.8,240.5,3.7,37.5,-0.37,-0.09,1.68,synthetic_demo_feed
mh_amr_chandur,2025-07-25,0.7,32.5,23.6,51.2,4.8,125.8,240.7,4.2,33.0,-0.37,-0.09,1.68,synthetic_demo_feed
mh_amr_chandur,2025-07-26,0.3,34.3,22.9,53.4,5.4,120.3,255.6,4.7,28.5,-0.37,-0.09,1.68,synthetic_demo_feed
mh_amr_chandur,2025-07-27,0.4,34.5,22.1,51.3,5.8,127.5,255.2,5.0,24.0,-0.37,-0.09,1.68,synthetic_demo_feed
mh_amr_chandur,2025-07-28,0.3,35.4,23.8,50.4,3.4,112.7,242.8,3.0,20.0,-0.37,-0.09,1.68,synthetic_demo_feed
mh_amr_chandur,2025-07-29,0.0,33.6,22.1,69.8,9.8,229.8,181.6,8.5,60.4,-0.37,-0.09,1.68,synthetic_demo_feed
mh_amr_chandur,2025-07-30,15.6,30.7,23.7,82.5,12.5,218.4,194.8,10.9,63.8,-0.37,-0.09,1.68,synthetic_demo_feed
mh_amr_chandur,2025-07-31,14.0,32.5,22.8,84.8,10.2,216.0,196.4,8.9,73.8,-0.37,-0.09,1.68,synthetic_demo_feed
mh_amr_chandur,2025-08-01,0.0,34.3,23.3,86.5,8.4,223.3,207.3,7.3,68.6,-0.37,-0.09,1.68,synthetic_demo_feed
mh_amr_chandur,2025-08-02,22.3,30.7,22.8,78.0,8.3,236.2,201.9,7.2,68.7,-0.37,-0.09,1.68,synthetic_demo_feed
mh_amr_chandur,2025-08-03,0.0,34.0,23.8,83.6,8.2,225.5,200.4,7.1,64.5,-0.37,-0.09,1.68,synthetic_demo_feed
mh_amr_chandur,2025-08-04,0.0,32.9,23.0,67.7,7.7,215.9,218.6,6.7,58.6,-0.37,-0.09,1.68,synthetic_demo_feed
mh_amr_chandur,2025-08-05,0.0,34.6,23.3,70.3,10.6,244.0,195.5,9.2,53.2,-0.37,-0.09,1.68,synthetic_demo_feed
mh_amr_chandur,2025-08-06,0.0,32.6,23.0,66.1,9.8,228.4,204.3,8.5,66.4,-0.37,-0.09,1.68,synthetic_demo_feed
mh_amr_chandur,2025-08-07,0.0,33.1,22.7,84.9,11.5,227.8,214.5,10.0,74.9,-0.37,-0.09,1.68,synthetic_demo_feed
mh_amr_chandur,2025-08-08,0.0,34.5,23.8,82.6,11.3,214.0,197.7,9.8,70.2,-0.37,-0.09,1.68,synthetic_demo_feed
mh_amr_chandur,2025-08-09,16.7,31.1,23.3,75.1,11.5,231.0,207.3,10.0,72.2,-0.37,-0.09,1.68,synthetic_demo_feed
mh_amr_chandur,2025-08-10,0.0,33.3,22.1,76.9,11.3,224.7,207.0,9.8,66.3,-0.37,-0.09,1.68,synthetic_demo_feed
mh_amr_chandur,2025-08-11,0.0,34.0,22.1,72.2,12.5,246.8,188.4,10.9,54.3,-0.37,-0.09,1.68,synthetic_demo_feed
mh_amr_chandur,2025-08-12,5.9,32.8,24.0,72.4,10.8,214.6,189.1,9.4,46.5,-0.37,-0.09,1.68,synthetic_demo_feed
mh_amr_chandur,2025-08-13,0.0,32.6,23.3,77.3,12.3,245.1,195.7,10.7,47.2,-0.37,-0.09,1.68,synthetic_demo_feed
mh_amr_chandur,2025-08-14,0.0,35.4,23.6,85.3,7.7,235.1,197.9,6.7,52.0,-0.37,-0.09,1.68,synthetic_demo_feed
mh_amr_chandur,2025-08-15,14.0,33.1,24.0,78.2,12.5,242.8,190.5,10.9,53.8,-0.37,-0.09,1.68,synthetic_demo_feed
mh_amr_chandur,2025-08-16,21.8,29.6,22.6,66.5,11.7,218.7,218.2,10.2,51.5,-0.37,-0.09,1.68,synthetic_demo_feed
mh_amr_chandur,2025-08-17,0.0,33.6,23.4,73.2,12.0,216.4,206.5,10.4,73.3,-0.37,-0.09,1.68,synthetic_demo_feed
mh_amr_chandur,2025-08-18,0.0,35.4,23.5,70.4,10.9,218.3,206.8,9.5,60.3,-0.37,-0.09,1.68,synthetic_demo_feed
mh_amr_chandur,2025-08-19,15.2,32.1,24.0,86.2,10.3,219.1,183.5,9.0,64.9,-0.37,-0.09,1.68,synthetic_demo_feed
mh_amr_chandur,2025-08-20,4.5,34.0,23.1,66.6,11.3,233.3,214.2,9.8,55.4,-0.37,-0.09,1.68,synthetic_demo_feed
mh_amr_chandur,2025-08-21,0.0,33.7,22.9,69.8,9.9,220.2,181.0,8.6,53.7,-0.37,-0.09,1.68,synthetic_demo_feed
mh_amr_chandur,2025-08-22,5.3,34.5,23.0,77.5,10.5,239.6,209.7,9.1,64.5,-0.37,-0.09,1.68,synthetic_demo_feed
mh_amr_chandur,2025-08-23,0.0,35.3,23.8,75.2,9.7,213.1,204.4,8.4,55.1,-0.37,-0.09,1.68,synthetic_demo_feed
mh_amr_chandur,2025-08-24,0.0,35.2,22.2,79.8,10.3,241.5,196.2,9.0,73.3,-0.37,-0.09,1.68,synthetic_demo_feed
mh_amr_chandur,2025-08-25,8.7,33.6,22.4,66.3,11.0,229.5,199.2,9.6,62.7,-0.37,-0.09,1.68,synthetic_demo_feed
mh_amr_chandur,2025-08-26,3.1,33.3,23.3,81.5,10.6,249.9,219.8,9.2,48.8,-0.37,-0.09,1.68,synthetic_demo_feed
mh_amr_chandur,2025-08-27,0.0,34.4,23.9,68.5,7.6,240.0,210.8,6.6,73.9,-0.37,-0.09,1.68,synthetic_demo_feed
mh_amr_chandur,2025-08-28,0.0,35.2,22.8,83.8,9.4,228.1,205.8,8.2,48.5,-0.37,-0.09,1.68,synthetic_demo_feed
mh_amr_chandur,2025-08-29,19.3,32.6,23.5,86.9,9.7,246.6,219.6,8.4,45.0,-0.37,-0.09,1.68,synthetic_demo_feed
mh_amr_chandur,2025-08-30,20.8,31.4,24.0,84.5,8.2,220.7,216.9,7.1,48.8,-0.37,-0.09,1.68,synthetic_demo_feed
mh_amr_chandur,2025-08-31,0.0,33.8,22.4,69.8,12.1,226.8,181.6,10.5,58.1,-0.37,-0.09,1.68,synthetic_demo_feed
mh_amr_chandur,2025-09-01,19.2,31.5,22.6,79.1,12.0,226.1,183.8,10.4,54.8,-0.37,-0.09,1.68,synthetic_demo_feed
mh_amr_chandur,2025-09-02,3.1,32.9,22.8,84.7,8.7,224.4,186.6,7.6,46.9,-0.37,-0.09,1.68,synthetic_demo_feed
mh_amr_chandur,2025-09-03,0.0,33.7,23.0,83.7,11.6,215.1,185.6,10.1,48.3,-0.37,-0.09,1.68,synthetic_demo_feed
mh_amr_chandur,2025-09-04,15.3,32.0,22.7,85.8,9.3,233.3,211.3,8.1,56.4,-0.37,-0.09,1.68,synthetic_demo_feed
mh_amr_chandur,2025-09-05,6.6,32.4,22.1,85.3,9.4,218.7,207.4,8.2,69.4,-0.37,-0.09,1.68,synthetic_demo_feed
mh_amr_chandur,2025-09-06,0.0,34.7,22.7,72.4,11.7,212.5,211.7,10.2,74.2,-0.37,-0.09,1.68,synthetic_demo_feed
mh_amr_chandur,2025-09-07,0.0,35.3,22.5,87.3,12.3,232.0,188.3,10.7,68.4,-0.37,-0.09,1.68,synthetic_demo_feed
mh_amr_chandur,2025-09-08,0.0,33.9,22.5,70.3,12.2,219.3,187.2,10.6,45.0,-0.37,-0.09,1.68,synthetic_demo_feed
mh_amr_chandur,2025-09-09,10.6,31.8,23.7,66.9,11.3,216.0,195.1,9.8,65.6,-0.37,-0.09,1.68,synthetic_demo_feed
mh_amr_chandur,2025-09-10,8.4,32.2,22.1,76.9,9.9,245.0,211.3,8.6,62.7,-0.37,-0.09,1.68,synthetic_demo_feed
mh_amr_chandur,2025-09-11,2.8,32.4,22.4,76.4,8.7,237.9,192.9,7.6,58.1,-0.37,-0.09,1.68,synthetic_demo_feed
mh_amr_chandur,2025-09-12,0.0,35.4,22.2,81.6,7.8,218.2,200.1,6.8,61.1,-0.37,-0.09,1.68,synthetic_demo_feed
mh_amr_chandur,2025-09-13,4.6,33.7,23.9,76.1,8.6,210.6,182.6,7.5,57.4,-0.37,-0.09,1.68,synthetic_demo_feed
mh_amr_chandur,2025-09-14,0.0,34.4,22.6,66.0,9.9,222.0,183.1,8.6,65.1,-0.37,-0.09,1.68,synthetic_demo_feed
mh_amr_chandur,2025-09-15,12.7,33.2,23.6,80.0,10.8,236.3,182.1,9.4,45.1,-0.37,-0.09,1.68,synthetic_demo_feed
mh_amr_chandur,2025-09-16,20.7,29.4,22.1,69.1,12.3,217.4,182.9,10.7,67.3,-0.37,-0.09,1.68,synthetic_demo_feed
mh_amr_chandur,2025-09-17,24.1,31.6,22.0,79.9,9.2,223.1,197.3,8.0,73.3,-0.37,-0.09,1.68,synthetic_demo_feed
mh_amr_chandur,2025-09-18,0.0,32.6,22.8,67.2,11.3,211.5,186.7,9.8,68.6,-0.37,-0.09,1.68,synthetic_demo_feed
mh_amr_chandur,2025-09-19,8.3,32.5,23.8,65.4,10.3,218.2,209.5,9.0,74.5,-0.37,-0.09,1.68,synthetic_demo_feed
mh_amr_chandur,2025-09-20,0.0,35.5,22.5,68.1,8.2,249.1,185.6,7.1,46.1,-0.37,-0.09,1.68,synthetic_demo_feed
mh_amr_chandur,2025-09-21,17.5,31.9,23.2,80.1,9.4,211.9,181.9,8.2,47.9,-0.37,-0.09,1.68,synthetic_demo_feed
mh_amr_chandur,2025-09-22,19.6,30.2,22.3,70.1,9.1,217.3,190.2,7.9,48.0,-0.37,-0.09,1.68,synthetic_demo_feed
mh_amr_chandur,2025-09-23,24.4,31.3,22.8,81.9,8.3,221.3,211.9,7.2,52.6,-0.37,-0.09,1.68,synthetic_demo_feed
mh_amr_chandur,2025-09-24,9.3,32.4,22.0,83.5,9.0,220.5,200.0,7.8,63.3,-0.37,-0.09,1.68,synthetic_demo_feed
mh_amr_chandur,2025-09-25,0.0,34.3,22.7,82.1,8.9,227.5,197.2,7.7,66.9,-0.37,-0.09,1.68,synthetic_demo_feed
mh_amr_chandur,2025-09-26,0.0,34.5,23.1,84.9,10.7,235.0,206.8,9.3,52.3,-0.37,-0.09,1.68,synthetic_demo_feed
mh_amr_chandur,2025-09-27,13.1,31.1,22.8,82.8,9.5,248.4,189.3,8.3,55.0,-0.37,-0.09,1.68,synthetic_demo_feed
mh_amr_chandur,2025-09-28,10.0,31.5,23.6,82.6,8.9,244.9,213.9,7.7,56.7,-0.37,-0.09,1.68,synthetic_demo_feed
mh_amr_chandur,2025-09-29,0.0,34.8,22.7,71.9,9.7,220.0,204.8,8.4,53.0,-0.37,-0.09,1.68,synthetic_demo_feed
mh_amr_chandur,2025-09-30,0.0,35.3,23.8,85.2,8.3,225.8,207.9,7.2,68.3,-0.37,-0.09,1.68,synthetic_demo_feed
mh_amr_chandur,2025-10-01,0.0,34.6,22.8,51.2,4.6,125.7,243.3,4.0,33.2,-0.37,-0.09,1.68,synthetic_demo_feed
mh_amr_chandur,2025-10-02,0.0,33.1,23.8,55.0,6.6,125.3,240.2,5.7,24.5,-0.37,-0.09,1.68,synthetic_demo_feed
mh_amr_chandur,2025-10-03,0.0,33.0,22.9,42.1,4.0,118.7,252.3,3.5,29.6,-0.37,-0.09,1.68,synthetic_demo_feed
mh_amr_chandur,2025-10-04,0.0,33.3,23.9,50.9,6.0,97.2,253.3,5.2,25.6,-0.37,-0.09,1.68,synthetic_demo_feed
mh_amr_chandur,2025-10-05,0.0,34.9,22.8,53.4,4.9,112.3,237.5,4.3,22.4,-0.37,-0.09,1.68,synthetic_demo_feed
mh_amr_chandur,2025-10-06,0.0,34.8,23.6,52.3,5.6,84.6,236.5,4.9,34.0,-0.37,-0.09,1.68,synthetic_demo_feed
mh_amr_chandur,2025-10-07,4.3,33.4,22.4,42.0,5.2,107.7,243.6,4.5,36.4,-0.37,-0.09,1.68,synthetic_demo_feed
mh_amr_chandur,2025-10-08,0.1,33.0,23.7,47.6,5.1,80.2,248.2,4.4,29.5,-0.37,-0.09,1.68,synthetic_demo_feed
mh_amr_chandur,2025-10-09,2.7,33.8,22.3,51.1,5.1,123.9,234.8,4.4,33.4,-0.37,-0.09,1.68,synthetic_demo_feed
mh_amr_chandur,2025-10-10,0.0,33.1,23.5,59.6,6.8,127.0,224.1,5.9,28.4,-0.37,-0.09,1.68,synthetic_demo_feed
mh_amr_chandur,2025-10-11,0.0,35.5,23.3,56.8,5.6,103.3,226.4,4.9,34.0,-0.37,-0.09,1.68,synthetic_demo_feed
mh_amr_chandur,2025-10-12,0.0,32.8,22.3,58.3,4.8,135.8,232.1,4.2,25.1,-0.37,-0.09,1.68,synthetic_demo_feed
mh_amr_chandur,2025-10-13,0.0,34.2,23.0,40.2,6.6,119.9,240.6,5.7,28.3,-0.37,-0.09,1.68,synthetic_demo_feed
mh_amr_chandur,2025-10-14,0.0,33.4,22.9,54.1,5.6,117.2,223.8,4.9,28.1,-0.37,-0.09,1.68,synthetic_demo_feed
mh_amr_chandur,2025-10-15,0.0,33.5,23.2,57.8,4.8,82.0,243.5,4.2,25.6,-0.37,-0.09,1.68,synthetic_demo_feed
mh_amr_chandur,2025-10-16,0.0,33.7,23.4,55.5,4.6,114.1,223.8,4.0,22.4,-0.37,-0.09,1.68,synthetic_demo_feed
mh_amr_chandur,2025-10-17,0.0,33.3,22.5,41.6,6.1,108.6,240.5,5.3,25.6,-0.37,-0.09,1.68,synthetic_demo_feed
mh_amr_chandur,2025-10-18,0.0,34.1,22.2,44.1,5.8,82.7,249.2,5.0,33.0,-0.37,-0.09,1.68,synthetic_demo_feed
mh_amr_chandur,2025-10-19,0.0,35.1,23.0,54.6,4.4,93.0,247.9,3.8,37.3,-0.37,-0.09,1.68,synthetic_demo_feed
mh_amr_chandur,2025-10-20,1.3,34.3,23.2,40.2,3.8,119.5,239.1,3.3,26.5,-0.37,-0.09,1.68,synthetic_demo_feed
mh_amr_chandur,2025-10-21,0.0,35.2,22.3,58.0,4.5,113.7,221.7,3.9,24.6,-0.37,-0.09,1.68,synthetic_demo_feed
mh_amr_chandur,2025-10-22,0.0,32.6,23.9,48.1,6.7,132.6,249.9,5.8,30.7,-0.37,-0.09,1.68,synthetic_demo_feed
mh_amr_chandur,2025-10-23,0.0,33.3,23.8,59.1,3.9,136.1,228.6,3.4,34.3,-0.37,-0.09,1.68,synthetic_demo_feed
mh_amr_chandur,2025-10-24,0.0,32.7,22.1,41.2,4.0,108.7,229.1,3.5,27.1,-0.37,-0.09,1.68,synthetic_demo_feed
mh_amr_chandur,2025-10-25,0.0,35.3,22.8,58.6,6.3,84.8,223.4,5.5,23.6,-0.37,-0.09,1.68,synthetic_demo_feed
mh_amr_chandur,2025-10-26,0.0,33.1,22.3,41.7,5.9,122.3,223.5,5.1,29.9,-0.37,-0.09,1.68,synthetic_demo_feed
mh_amr_chandur,2025-10-27,0.0,35.2,23.3,40.3,6.3,80.3,230.8,5.5,24.2,-0.37,-0.09,1.68,synthetic_demo_feed
mh_amr_chandur,2025-10-28,0.0,32.9,23.1,41.8,6.2,131.1,238.2,5.4,23.5,-0.37,-0.09,1.68,synthetic_demo_feed
mh_amr_chandur,2025-10-29,0.0,34.3,23.9,53.9,5.2,108.6,224.8,4.5,34.4,-0.37,-0.09,1.68,synthetic_demo_feed
mh_amr_chandur,2025-10-30,0.0,33.2,23.6,48.6,4.5,84.8,237.2,3.9,31.7,-0.37,-0.09,1.68,synthetic_demo_feed
mh_amr_chandur,2025-10-31,0.0,32.9,23.2,42.2,5.5,97.2,237.5,4.8,37.8,-0.37,-0.09,1.68,synthetic_demo_feed
mh_ltr_ausa,2023-05-01,0.0,32.7,23.2,58.4,4.3,106.0,222.7,3.7,25.5,-0.18,-0.11,0.95,synthetic_demo_feed
mh_ltr_ausa,2023-05-02,0.0,33.0,22.6,45.1,4.8,125.5,233.6,4.2,27.5,-0.18,-0.11,0.95,synthetic_demo_feed
mh_ltr_ausa,2023-05-03,0.0,34.0,23.6,42.8,3.7,136.1,230.9,3.2,27.8,-0.18,-0.11,0.95,synthetic_demo_feed
mh_ltr_ausa,2023-05-04,0.0,35.2,22.9,45.5,5.9,116.3,239.0,5.1,30.4,-0.18,-0.11,0.95,synthetic_demo_feed
mh_ltr_ausa,2023-05-05,0.0,32.8,24.0,59.6,5.5,122.0,254.4,4.8,22.5,-0.18,-0.11,0.95,synthetic_demo_feed
mh_ltr_ausa,2023-05-06,0.0,33.6,23.0,58.3,6.7,133.2,235.8,5.8,25.3,-0.18,-0.11,0.95,synthetic_demo_feed
mh_ltr_ausa,2023-05-07,0.0,33.7,23.5,41.7,5.6,101.7,226.4,4.9,24.5,-0.18,-0.11,0.95,synthetic_demo_feed
mh_ltr_ausa,2023-05-08,0.0,32.7,23.7,49.5,6.4,119.2,229.1,5.6,32.6,-0.18,-0.11,0.95,synthetic_demo_feed
mh_ltr_ausa,2023-05-09,0.0,35.4,22.8,56.4,3.4,90.8,249.4,3.0,30.1,-0.18,-0.11,0.95,synthetic_demo_feed
mh_ltr_ausa,2023-05-10,3.5,33.9,23.6,57.5,6.2,104.6,235.6,5.4,22.1,-0.18,-0.11,0.95,synthetic_demo_feed
mh_ltr_ausa,2023-05-11,0.0,32.9,22.3,56.1,6.9,108.3,243.5,6.0,23.6,-0.18,-0.11,0.95,synthetic_demo_feed
mh_ltr_ausa,2023-05-12,0.0,33.0,22.5,47.0,3.8,113.1,237.6,3.3,34.7,-0.18,-0.11,0.95,synthetic_demo_feed
mh_ltr_ausa,2023-05-13,0.0,35.1,23.1,50.7,4.5,101.5,239.5,3.9,29.5,-0.18,-0.11,0.95,synthetic_demo_feed
mh_ltr_ausa,2023-05-14,0.0,34.8,22.5,45.5,3.6,116.3,240.8,3.1,22.6,-0.18,-0.11,0.95,synthetic_demo_feed
mh_ltr_ausa,2023-05-15,1.9,32.3,23.7,58.7,5.9,126.5,247.4,5.1,27.6,-0.18,-0.11,0.95,synthetic_demo_feed
mh_ltr_ausa,2023-05-16,0.0,34.4,23.2,58.6,6.7,135.4,253.9,5.8,24.6,-0.18,-0.11,0.95,synthetic_demo_feed
mh_ltr_ausa,2023-05-17,4.6,33.3,24.0,58.7,5.6,115.9,230.1,4.9,27.8,-0.18,-0.11,0.95,synthetic_demo_feed
mh_ltr_ausa,2023-05-18,0.0,32.6,22.6,50.8,3.9,117.3,228.4,3.4,35.6,-0.18,-0.11,0.95,synthetic_demo_feed
mh_ltr_ausa,2023-05-19,0.0,35.1,22.3,46.0,4.6,125.7,244.9,4.0,31.8,-0.18,-0.11,0.95,synthetic_demo_feed
mh_ltr_ausa,2023-05-20,0.0,34.9,22.6,45.8,5.8,133.0,223.3,5.0,30.9,-0.18,-0.11,0.95,synthetic_demo_feed
mh_ltr_ausa,2023-05-21,0.2,32.5,22.4,51.1,5.2,100.7,223.0,4.5,31.8,-0.18,-0.11,0.95,synthetic_demo_feed
mh_ltr_ausa,2023-05-22,0.0,33.9,23.2,40.5,5.9,86.9,239.6,5.1,37.9,-0.18,-0.11,0.95,synthetic_demo_feed
mh_ltr_ausa,2023-05-23,1.1,35.1,22.5,54.4,6.0,123.2,243.1,5.2,26.0,-0.18,-0.11,0.95,synthetic_demo_feed
mh_ltr_ausa,2023-05-24,0.0,35.2,23.6,51.1,6.2,115.5,220.5,5.4,37.3,-0.18,-0.11,0.95,synthetic_demo_feed
mh_ltr_ausa,2023-05-25,0.0,34.7,23.7,45.6,5.3,116.2,246.9,4.6,31.2,-0.18,-0.11,0.95,synthetic_demo_feed
mh_ltr_ausa,2023-05-26,0.0,34.3,23.1,47.2,5.9,80.9,242.3,5.1,24.5,-0.18,-0.11,0.95,synthetic_demo_feed
mh_ltr_ausa,2023-05-27,0.2,33.6,23.8,44.7,5.1,85.0,231.6,4.4,34.1,-0.18,-0.11,0.95,synthetic_demo_feed
mh_ltr_ausa,2023-05-28,0.0,32.7,23.2,44.5,3.8,113.1,235.5,3.3,32.6,-0.18,-0.11,0.95,synthetic_demo_feed
mh_ltr_ausa,2023-05-29,1.1,34.2,23.3,49.6,4.4,130.9,220.7,3.8,28.4,-0.18,-0.11,0.95,synthetic_demo_feed
mh_ltr_ausa,2023-05-30,0.0,33.5,23.8,50.0,6.1,80.5,230.5,5.3,36.6,-0.18,-0.11,0.95,synthetic_demo_feed
mh_ltr_ausa,2023-05-31,0.0,33.4,22.0,58.0,6.0,81.9,226.4,5.2,24.8,-0.18,-0.11,0.95,synthetic_demo_feed
mh_ltr_ausa,2023-06-01,18.5,30.9,22.2,72.9,11.2,231.4,192.3,9.7,73.3,-0.18,-0.11,0.95,synthetic_demo_feed
mh_ltr_ausa,2023-06-02,8.8,32.9,22.8,73.8,12.3,216.5,218.3,10.7,70.0,-0.18,-0.11,0.95,synthetic_demo_feed
mh_ltr_ausa,2023-06-03,12.7,33.0,23.4,70.1,11.4,221.6,189.6,9.9,49.3,-0.18,-0.11,0.95,synthetic_demo_feed
mh_ltr_ausa,2023-06-04,7.5,32.5,22.1,86.2,10.8,210.8,183.3,9.4,49.2,-0.18,-0.11,0.95,synthetic_demo_feed
mh_ltr_ausa,2023-06-05,0.0,34.3,22.9,85.8,9.5,214.0,204.2,8.3,65.7,-0.18,-0.11,0.95,synthetic_demo_feed
mh_ltr_ausa,2023-06-06,6.0,33.2,23.5,71.9,8.2,246.2,185.6,7.1,57.2,-0.18,-0.11,0.95,synthetic_demo_feed
mh_ltr_ausa,2023-06-07,7.9,34.3,22.0,78.9,9.5,218.9,187.0,8.3,59.2,-0.18,-0.11,0.95,synthetic_demo_feed
mh_ltr_ausa,2023-06-08,15.3,32.7,23.2,83.2,10.0,230.0,172.4,8.7,56.0,-0.18,-0.11,0.95,synthetic_demo_feed
mh_ltr_ausa,2023-06-09,19.9,30.0,22.8,80.1,14.9,236.9,187.3,13.0,62.0,-0.18,-0.11,0.95,synthetic_demo_feed
mh_ltr_ausa,2023-06-10,13.3,32.4,23.0,83.2,13.8,229.5,180.2,12.0,68.0,-0.18,-0.11,0.95,synthetic_demo_feed
mh_ltr_ausa,2023-06-11,27.7,30.1,22.7,82.8,13.9,214.0,160.1,12.1,74.0,-0.18,-0.11,0.95,synthetic_demo_feed
mh_ltr_ausa,2023-06-12,15.8,31.0,23.0,90.8,12.2,230.6,189.5,10.6,80.0,-0.18,-0.11,0.95,synthetic_demo_feed
mh_ltr_ausa,2023-06-13,24.3,31.6,22.5,78.3,11.3,221.4,192.4,9.8,63.6,-0.18,-0.11,0.95,synthetic_demo_feed
mh_ltr_ausa,2023-06-14,0.0,35.4,23.3,68.1,12.5,228.7,209.1,10.9,52.0,-0.18,-0.11,0.95,synthetic_demo_feed
mh_ltr_ausa,2023-06-15,0.0,34.7,23.7,72.6,7.8,227.8,201.4,6.8,53.7,-0.18,-0.11,0.95,synthetic_demo_feed
mh_ltr_ausa,2023-06-16,0.0,34.3,23.8,82.4,9.0,246.8,184.7,7.8,50.9,-0.18,-0.11,0.95,synthetic_demo_feed
mh_ltr_ausa,2023-06-17,0.0,32.7,22.4,74.7,9.7,228.8,219.0,8.4,57.8,-0.18,-0.11,0.95,synthetic_demo_feed
mh_ltr_ausa,2023-06-18,0.0,32.8,23.4,83.0,8.2,222.8,196.7,7.1,49.8,-0.18,-0.11,0.95,synthetic_demo_feed
mh_ltr_ausa,2023-06-19,0.0,32.9,22.1,81.6,7.8,214.6,196.3,6.8,46.8,-0.18,-0.11,0.95,synthetic_demo_feed
mh_ltr_ausa,2023-06-20,0.0,33.9,22.9,65.6,12.3,223.4,201.9,10.7,63.9,-0.18,-0.11,0.95,synthetic_demo_feed
mh_ltr_ausa,2023-06-21,7.0,31.9,23.6,78.5,10.2,230.7,199.5,8.9,47.1,-0.18,-0.11,0.95,synthetic_demo_feed
mh_ltr_ausa,2023-06-22,14.0,30.9,22.6,66.9,12.2,210.9,196.6,10.6,53.6,-0.18,-0.11,0.95,synthetic_demo_feed
mh_ltr_ausa,2023-06-23,19.3,31.2,23.8,85.9,9.2,215.9,198.1,8.0,62.1,-0.18,-0.11,0.95,synthetic_demo_feed
mh_ltr_ausa,2023-06-24,18.2,31.3,22.8,72.9,8.9,234.5,188.3,7.7,64.8,-0.18,-0.11,0.95,synthetic_demo_feed
mh_ltr_ausa,2023-06-25,13.3,31.1,23.4,67.4,11.2,226.5,218.6,9.7,64.8,-0.18,-0.11,0.95,synthetic_demo_feed
mh_ltr_ausa,2023-06-26,0.0,32.6,22.2,69.8,9.2,221.0,215.3,8.0,60.7,-0.18,-0.11,0.95,synthetic_demo_feed
mh_ltr_ausa,2023-06-27,0.0,33.4,22.9,68.8,11.6,244.6,212.6,10.1,57.8,-0.18,-0.11,0.95,synthetic_demo_feed
mh_ltr_ausa,2023-06-28,0.0,35.5,22.6,83.5,9.4,223.8,214.9,8.2,59.6,-0.18,-0.11,0.95,synthetic_demo_feed
mh_ltr_ausa,2023-06-29,0.0,33.4,23.5,84.2,10.0,234.5,216.4,8.7,65.2,-0.18,-0.11,0.95,synthetic_demo_feed
mh_ltr_ausa,2023-06-30,0.0,33.0,23.6,71.8,9.8,233.1,190.4,8.5,57.8,-0.18,-0.11,0.95,synthetic_demo_feed
mh_ltr_ausa,2023-07-01,0.0,32.5,22.8,74.4,7.6,215.2,213.2,6.6,49.1,-0.18,-0.11,0.95,synthetic_demo_feed
mh_ltr_ausa,2023-07-02,0.0,35.0,22.1,72.7,10.2,226.9,193.1,8.9,48.3,-0.18,-0.11,0.95,synthetic_demo_feed
mh_ltr_ausa,2023-07-03,12.6,31.6,22.0,78.7,10.0,227.6,196.7,8.7,51.9,-0.18,-0.11,0.95,synthetic_demo_feed
mh_ltr_ausa,2023-07-04,0.0,34.2,22.6,84.9,12.0,244.7,190.3,10.4,47.2,-0.18,-0.11,0.95,synthetic_demo_feed
mh_ltr_ausa,2023-07-05,0.0,34.0,23.1,83.1,8.4,244.3,216.0,7.3,53.8,-0.18,-0.11,0.95,synthetic_demo_feed
mh_ltr_ausa,2023-07-06,0.0,35.4,23.4,65.1,11.3,228.5,208.0,9.8,72.3,-0.18,-0.11,0.95,synthetic_demo_feed
mh_ltr_ausa,2023-07-07,0.0,33.9,22.4,71.7,12.0,236.0,194.9,10.4,64.7,-0.18,-0.11,0.95,synthetic_demo_feed
mh_ltr_ausa,2023-07-08,0.0,35.5,22.3,80.7,9.8,219.7,183.7,8.5,73.4,-0.18,-0.11,0.95,synthetic_demo_feed
mh_ltr_ausa,2023-07-09,19.0,30.6,23.4,78.0,7.8,225.8,186.2,6.8,66.1,-0.18,-0.11,0.95,synthetic_demo_feed
mh_ltr_ausa,2023-07-10,18.9,32.2,23.6,79.5,8.5,242.3,180.5,7.4,65.1,-0.18,-0.11,0.95,synthetic_demo_feed
mh_ltr_ausa,2023-07-11,2.6,34.6,23.7,83.3,8.2,245.7,182.7,7.1,49.5,-0.18,-0.11,0.95,synthetic_demo_feed
mh_ltr_ausa,2023-07-12,0.0,33.3,23.9,71.2,10.1,231.7,200.7,8.8,56.6,-0.18,-0.11,0.95,synthetic_demo_feed
mh_ltr_ausa,2023-07-13,19.4,32.0,22.3,78.3,9.8,249.1,196.9,8.5,45.7,-0.18,-0.11,0.95,synthetic_demo_feed
mh_ltr_ausa,2023-07-14,0.0,33.6,23.7,79.7,11.3,235.6,196.2,9.8,65.9,-0.18,-0.11,0.95,synthetic_demo_feed
mh_ltr_ausa,2023-07-15,23.1,32.0,23.8,78.8,12.0,221.2,215.6,10.4,45.7,-0.18,-0.11,0.95,synthetic_demo_feed
mh_ltr_ausa,2023-07-16,0.0,34.8,22.2,68.3,12.0,232.6,182.1,10.4,63.6,-0.18,-0.11,0.95,synthetic_demo_feed
mh_ltr_ausa,2023-07-17,3.6,33.0,22.8,65.0,12.1,229.0,206.1,10.5,48.2,-0.18,-0.11,0.95,synthetic_demo_feed
mh_ltr_ausa,2023-07-18,0.0,35.1,22.4,81.3,11.0,231.0,201.2,9.6,46.8,-0.18,-0.11,0.95,synthetic_demo_feed
mh_ltr_ausa,2023-07-19,0.0,32.7,22.6,65.8,11.3,220.9,205.6,9.8,52.7,-0.18,-0.11,0.95,synthetic_demo_feed
mh_ltr_ausa,2023-07-20,0.1,34.5,23.7,47.4,5.4,91.5,245.1,4.7,55.5,-0.18,-0.11,0.95,synthetic_demo_feed
mh_ltr_ausa,2023-07-21,0.5,33.4,22.6,45.5,4.4,110.3,237.6,3.8,51.0,-0.18,-0.11,0.95,synthetic_demo_feed
mh_ltr_ausa,2023-07-22,0.2,34.0,22.6,56.8,2.9,96.9,250.6,2.5,46.5,-0.18,-0.11,0.95,synthetic_demo_feed
mh_ltr_ausa,2023-07-23,0.1,32.8,23.9,46.2,4.1,82.2,256.0,3.6,42.0,-0.18,-0.11,0.95,synthetic_demo_feed
mh_ltr_ausa,2023-07-24,0.7,34.2,23.4,48.5,4.7,118.8,254.8,4.1,37.5,-0.18,-0.11,0.95,synthetic_demo_feed
mh_ltr_ausa,2023-07-25,0.2,34.0,22.8,43.7,4.1,138.9,252.5,3.6,33.0,-0.18,-0.11,0.95,synthetic_demo_feed
mh_ltr_ausa,2023-07-26,0.4,34.9,22.8,51.1,3.1,101.4,245.6,2.7,28.5,-0.18,-0.11,0.95,synthetic_demo_feed
mh_ltr_ausa,2023-07-27,0.6,32.6,23.7,44.6,4.8,123.2,248.0,4.2,24.0,-0.18,-0.11,0.95,synthetic_demo_feed
mh_ltr_ausa,2023-07-28,0.7,33.0,22.7,45.3,5.6,112.3,243.3,4.9,20.0,-0.18,-0.11,0.95,synthetic_demo_feed
mh_ltr_ausa,2023-07-29,0.0,33.6,22.5,68.4,9.8,219.9,196.9,8.5,56.1,-0.18,-0.11,0.95,synthetic_demo_feed
mh_ltr_ausa,2023-07-30,0.0,34.5,22.2,71.5,10.1,246.2,210.8,8.8,56.6,-0.18,-0.11,0.95,synthetic_demo_feed
mh_ltr_ausa,2023-07-31,0.0,33.3,22.9,80.7,7.7,231.9,193.4,6.7,61.2,-0.18,-0.11,0.95,synthetic_demo_feed
mh_ltr_ausa,2023-08-01,0.0,34.9,22.7,82.9,11.7,216.3,188.3,10.2,45.2,-0.18,-0.11,0.95,synthetic_demo_feed
mh_ltr_ausa,2023-08-02,0.0,34.4,22.5,74.9,11.4,212.8,187.2,9.9,61.8,-0.18,-0.11,0.95,synthetic_demo_feed
mh_ltr_ausa,2023-08-03,19.1,30.5,22.2,85.1,9.1,219.5,182.4,7.9,56.1,-0.18,-0.11,0.95,synthetic_demo_feed
mh_ltr_ausa,2023-08-04,0.0,34.2,22.9,86.1,8.5,245.4,198.7,7.4,61.1,-0.18,-0.11,0.95,synthetic_demo_feed
mh_ltr_ausa,2023-08-05,0.0,35.0,23.9,70.1,11.4,241.7,205.6,9.9,71.0,-0.18,-0.11,0.95,synthetic_demo_feed
mh_ltr_ausa,2023-08-06,0.0,34.0,22.3,67.7,12.4,215.1,216.8,10.8,71.4,-0.18,-0.11,0.95,synthetic_demo_feed
mh_ltr_ausa,2023-08-07,0.0,32.7,22.9,69.6,12.2,213.3,206.1,10.6,68.4,-0.18,-0.11,0.95,synthetic_demo_feed
mh_ltr_ausa,2023-08-08,21.1,30.8,23.8,69.4,9.0,248.6,208.7,7.8,65.3,-0.18,-0.11,0.95,synthetic_demo_feed
mh_ltr_ausa,2023-08-09,17.3,32.2,23.7,75.3,11.0,241.3,214.0,9.6,59.1,-0.18,-0.11,0.95,synthetic_demo_feed
mh_ltr_ausa,2023-08-10,0.0,33.6,23.4,78.4,11.0,227.4,217.4,9.6,59.2,-0.18,-0.11,0.95,synthetic_demo_feed
mh_ltr_ausa,2023-08-11,0.0,34.7,22.8,71.8,9.8,244.2,196.1,8.5,63.2,-0.18,-0.11,0.95,synthetic_demo_feed
mh_ltr_ausa,2023-08-12,20.0,32.0,22.6,73.4,10.7,215.5,180.6,9.3,49.8,-0.18,-0.11,0.95,synthetic_demo_feed
mh_ltr_ausa,2023-08-13,0.0,35.4,22.4,82.9,9.3,243.5,207.3,8.1,63.7,-0.18,-0.11,0.95,synthetic_demo_feed
mh_ltr_ausa,2023-08-14,0.0,32.6,23.4,79.3,8.7,229.1,210.4,7.6,45.4,-0.18,-0.11,0.95,synthetic_demo_feed
mh_ltr_ausa,2023-08-15,3.6,34.7,22.7,79.7,10.0,239.8,184.6,8.7,48.4,-0.18,-0.11,0.95,synthetic_demo_feed
mh_ltr_ausa,2023-08-16,4.1,32.0,22.8,74.6,12.2,232.4,208.4,10.6,45.9,-0.18,-0.11,0.95,synthetic_demo_feed
mh_ltr_ausa,2023-08-17,0.0,35.1,23.8,85.9,11.8,218.1,206.8,10.3,62.9,-0.18,-0.11,0.95,synthetic_demo_feed
mh_ltr_ausa,2023-08-18,13.9,30.7,23.1,85.6,9.3,228.9,208.5,8.1,63.0,-0.18,-0.11,0.95,synthetic_demo_feed
mh_ltr_ausa,2023-08-19,8.2,33.2,23.7,76.6,12.1,237.2,189.7,10.5,57.4,-0.18,-0.11,0.95,synthetic_demo_feed
mh_ltr_ausa,2023-08-20,6.0,32.0,23.3,87.9,7.9,226.9,215.1,6.9,59.8,-0.18,-0.11,0.95,synthetic_demo_feed
mh_ltr_ausa,2023-08-21,14.2,33.1,24.0,71.1,10.2,229.9,192.4,8.9,71.7,-0.18,-0.11,0.95,synthetic_demo_feed
mh_ltr_ausa,2023-08-22,2.6,32.2,22.8,81.9,11.0,212.0,212.4,9.6,64.7,-0.18,-0.11,0.95,synthetic_demo_feed
mh_ltr_ausa,2023-08-23,19.3,30.6,22.4,78.6,9.1,215.7,211.6,7.9,61.8,-0.18,-0.11,0.95,synthetic_demo_feed
mh_ltr_ausa,2023-08-24,0.0,34.6,22.4,81.8,10.8,219.4,196.0,9.4,71.4,-0.18,-0.11,0.95,synthetic_demo_feed
mh_ltr_ausa,2023-08-25,0.0,35.0,22.4,73.8,12.2,210.5,213.8,10.6,66.4,-0.18,-0.11,0.95,synthetic_demo_feed
mh_ltr_ausa,2023-08-26,0.0,34.3,22.1,66.2,7.7,227.7,182.3,6.7,69.6,-0.18,-0.11,0.95,synthetic_demo_feed
mh_ltr_ausa,2023-08-27,2.6,33.7,24.0,77.2,11.8,219.2,217.6,10.3,46.3,-0.18,-0.11,0.95,synthetic_demo_feed
mh_ltr_ausa,2023-08-28,0.0,33.0,23.4,85.3,9.2,234.9,191.1,8.0,63.0,-0.18,-0.11,0.95,synthetic_demo_feed
mh_ltr_ausa,2023-08-29,23.3,31.3,22.8,74.6,10.8,231.4,208.3,9.4,47.7,-0.18,-0.11,0.95,synthetic_demo_feed
mh_ltr_ausa,2023-08-30,0.0,34.4,23.0,68.2,11.6,224.0,200.5,10.1,49.1,-0.18,-0.11,0.95,synthetic_demo_feed
mh_ltr_ausa,2023-08-31,0.0,33.3,22.9,75.6,9.1,210.1,210.4,7.9,65.9,-0.18,-0.11,0.95,synthetic_demo_feed
mh_ltr_ausa,2023-09-01,18.7,30.7,23.1,88.0,11.7,218.5,182.9,10.2,46.1,-0.18,-0.11,0.95,synthetic_demo_feed
mh_ltr_ausa,2023-09-02,0.0,34.3,23.2,75.0,12.0,221.6,189.8,10.4,72.9,-0.18,-0.11,0.95,synthetic_demo_feed
mh_ltr_ausa,2023-09-03,15.0,30.9,24.0,68.2,11.4,239.3,219.5,9.9,57.7,-0.18,-0.11,0.95,synthetic_demo_feed
mh_ltr_ausa,2023-09-04,3.1,34.6,23.0,76.2,9.5,229.1,209.1,8.3,59.4,-0.18,-0.11,0.95,synthetic_demo_feed
mh_ltr_ausa,2023-09-05,0.0,35.3,22.9,83.6,10.2,231.0,185.0,8.9,51.5,-0.18,-0.11,0.95,synthetic_demo_feed
mh_ltr_ausa,2023-09-06,0.0,34.8,22.3,80.1,7.9,247.0,194.3,6.9,71.4,-0.18,-0.11,0.95,synthetic_demo_feed
mh_ltr_ausa,2023-09-07,6.1,31.6,23.4,76.8,9.8,217.8,197.0,8.5,65.7,-0.18,-0.11,0.95,synthetic_demo_feed
mh_ltr_ausa,2023-09-08,0.0,34.2,23.3,83.8,9.5,237.0,183.4,8.3,50.1,-0.18,-0.11,0.95,synthetic_demo_feed
mh_ltr_ausa,2023-09-09,0.0,34.9,23.1,71.7,7.5,214.2,218.7,6.5,62.5,-0.18,-0.11,0.95,synthetic_demo_feed
mh_ltr_ausa,2023-09-10,16.5,31.5,22.6,72.4,8.3,232.0,199.2,7.2,63.1,-0.18,-0.11,0.95,synthetic_demo_feed
mh_ltr_ausa,2023-09-11,15.0,33.0,23.9,72.3,10.2,221.6,218.4,8.9,72.7,-0.18,-0.11,0.95,synthetic_demo_feed
mh_ltr_ausa,2023-09-12,0.0,34.2,23.1,73.9,12.4,248.1,184.4,10.8,59.5,-0.18,-0.11,0.95,synthetic_demo_feed
mh_ltr_ausa,2023-09-13,24.0,30.5,22.2,73.1,12.0,214.6,214.5,10.4,47.8,-0.18,-0.11,0.95,synthetic_demo_feed
mh_ltr_ausa,2023-09-14,0.0,32.6,23.4,85.1,7.7,217.3,201.0,6.7,55.8,-0.18,-0.11,0.95,synthetic_demo_feed
mh_ltr_ausa,2023-09-15,18.3,30.8,22.9,77.9,12.4,212.0,187.2,10.8,71.7,-0.18,-0.11,0.95,synthetic_demo_feed
mh_ltr_ausa,2023-09-16,2.9,32.5,23.3,67.8,8.5,212.6,185.7,7.4,66.9,-0.18,-0.11,0.95,synthetic_demo_feed
mh_ltr_ausa,2023-09-17,0.0,35.4,22.8,71.3,7.7,235.7,213.4,6.7,62.1,-0.18,-0.11,0.95,synthetic_demo_feed
mh_ltr_ausa,2023-09-18,24.9,29.1,23.1,74.4,11.8,225.4,186.5,10.3,51.3,-0.18,-0.11,0.95,synthetic_demo_feed
mh_ltr_ausa,2023-09-19,0.0,32.9,22.5,79.7,12.4,216.9,180.5,10.8,45.6,-0.18,-0.11,0.95,synthetic_demo_feed
mh_ltr_ausa,2023-09-20,18.5,31.1,23.6,78.2,11.2,235.4,185.6,9.7,55.9,-0.18,-0.11,0.95,synthetic_demo_feed
mh_ltr_ausa,2023-09-21,0.0,34.9,23.5,85.3,9.2,222.2,207.9,8.0,65.7,-0.18,-0.11,0.95,synthetic_demo_feed
mh_ltr_ausa,2023-09-22,0.0,34.0,22.1,74.4,9.4,225.2,218.4,8.2,68.3,-0.18,-0.11,0.95,synthetic_demo_feed
mh_ltr_ausa,2023-09-23,0.0,33.2,22.7,72.0,9.3,212.6,211.6,8.1,73.2,-0.18,-0.11,0.95,synthetic_demo_feed
mh_ltr_ausa,2023-09-24,12.2,33.3,22.4,83.9,10.2,239.9,202.0,8.9,55.6,-0.18,-0.11,0.95,synthetic_demo_feed
mh_ltr_ausa,2023-09-25,7.0,32.5,23.1,70.3,11.3,227.2,191.9,9.8,73.2,-0.18,-0.11,0.95,synthetic_demo_feed
mh_ltr_ausa,2023-09-26,11.9,31.7,22.3,74.0,9.8,244.4,199.8,8.5,54.0,-0.18,-0.11,0.95,synthetic_demo_feed
mh_ltr_ausa,2023-09-27,0.0,34.3,22.5,65.1,10.2,240.9,198.9,8.9,60.2,-0.18,-0.11,0.95,synthetic_demo_feed
mh_ltr_ausa,2023-09-28,0.0,33.3,22.5,70.0,10.6,249.0,210.9,9.2,69.9,-0.18,-0.11,0.95,synthetic_demo_feed
mh_ltr_ausa,2023-09-29,15.9,32.5,22.6,73.2,10.2,212.4,193.5,8.9,67.9,-0.18,-0.11,0.95,synthetic_demo_feed
mh_ltr_ausa,2023-09-30,0.0,34.7,22.0,71.2,8.4,228.3,181.3,7.3,58.9,-0.18,-0.11,0.95,synthetic_demo_feed
mh_ltr_ausa,2023-10-01,0.0,34.6,22.9,55.2,6.1,134.9,252.1,5.3,31.1,-0.18,-0.11,0.95,synthetic_demo_feed
mh_ltr_ausa,2023-10-02,0.0,35.3,23.3,46.3,6.8,138.2,225.0,5.9,32.2,-0.18,-0.11,0.95,synthetic_demo_feed
mh_ltr_ausa,2023-10-03,2.8,32.4,22.1,46.7,4.9,88.0,221.0,4.3,37.9,-0.18,-0.11,0.95,synthetic_demo_feed
mh_ltr_ausa,2023-10-04,0.0,34.2,22.6,40.5,6.9,100.6,220.2,6.0,25.0,-0.18,-0.11,0.95,synthetic_demo_feed
mh_ltr_ausa,2023-10-05,0.0,34.5,22.5,45.3,5.1,93.4,224.9,4.4,32.9,-0.18,-0.11,0.95,synthetic_demo_feed
mh_ltr_ausa,2023-10-06,0.0,34.7,22.2,43.8,6.1,88.5,250.0,5.3,34.8,-0.18,-0.11,0.95,synthetic_demo_feed
mh_ltr_ausa,2023-10-07,0.0,33.1,22.9,57.4,4.4,95.9,240.2,3.8,28.4,-0.18,-0.11,0.95,synthetic_demo_feed
mh_ltr_ausa,2023-10-08,0.0,32.8,22.1,43.7,4.7,101.8,249.4,4.1,32.7,-0.18,-0.11,0.95,synthetic_demo_feed
mh_ltr_ausa,2023-10-09,0.0,35.4,22.5,47.0,5.9,125.4,226.7,5.1,26.7,-0.18,-0.11,0.95,synthetic_demo_feed
mh_ltr_ausa,2023-10-10,0.0,33.5,22.2,52.5,6.3,119.9,247.9,5.5,31.4,-0.18,-0.11,0.95,synthetic_demo_feed
mh_ltr_ausa,2023-10-11,0.0,33.9,22.1,55.1,4.7,125.9,232.0,4.1,25.5,-0.18,-0.11,0.95,synthetic_demo_feed
mh_ltr_ausa,2023-10-12,0.9,33.5,24.0,44.0,4.8,88.4,249.6,4.2,29.1,-0.18,-0.11,0.95,synthetic_demo_feed
mh_ltr_ausa,2023-10-13,1.6,34.5,23.5,54.4,6.8,95.4,236.6,5.9,34.2,-0.18,-0.11,0.95,synthetic_demo_feed
mh_ltr_ausa,2023-10-14,3.8,33.9,22.8,42.4,4.4,80.8,221.0,3.8,37.6,-0.18,-0.11,0.95,synthetic_demo_feed
mh_ltr_ausa,2023-10-15,0.0,33.2,23.6,41.7,5.4,94.1,222.1,4.7,35.3,-0.18,-0.11,0.95,synthetic_demo_feed
mh_ltr_ausa,2023-10-16,0.0,33.4,22.1,54.9,3.7,99.8,231.8,3.2,37.1,-0.18,-0.11,0.95,synthetic_demo_feed
mh_ltr_ausa,2023-10-17,0.0,34.6,22.8,56.4,3.9,93.7,240.7,3.4,36.6,-0.18,-0.11,0.95,synthetic_demo_feed
mh_ltr_ausa,2023-10-18,0.0,35.0,23.1,44.3,6.8,113.4,253.2,5.9,34.5,-0.18,-0.11,0.95,synthetic_demo_feed
mh_ltr_ausa,2023-10-19,0.0,34.5,22.1,58.7,4.6,102.2,230.8,4.0,32.5,-0.18,-0.11,0.95,synthetic_demo_feed
mh_ltr_ausa,2023-10-20,0.0,33.0,23.4,57.2,4.7,86.4,234.0,4.1,24.3,-0.18,-0.11,0.95,synthetic_demo_feed
mh_ltr_ausa,2023-10-21,0.0,34.3,22.1,48.8,6.1,123.1,236.5,5.3,29.5,-0.18,-0.11,0.95,synthetic_demo_feed
mh_ltr_ausa,2023-10-22,0.0,34.1,23.4,45.2,4.5,118.8,220.8,3.9,36.3,-0.18,-0.11,0.95,synthetic_demo_feed
mh_ltr_ausa,2023-10-23,0.0,32.6,23.3,58.3,4.7,89.4,250.9,4.1,23.4,-0.18,-0.11,0.95,synthetic_demo_feed
mh_ltr_ausa,2023-10-24,0.0,33.7,23.4,52.9,3.9,86.9,236.9,3.4,27.1,-0.18,-0.11,0.95,synthetic_demo_feed
mh_ltr_ausa,2023-10-25,0.0,34.9,23.8,58.1,3.9,92.8,236.4,3.4,37.4,-0.18,-0.11,0.95,synthetic_demo_feed
mh_ltr_ausa,2023-10-26,0.0,32.7,23.0,53.7,4.9,93.7,223.9,4.3,23.3,-0.18,-0.11,0.95,synthetic_demo_feed
mh_ltr_ausa,2023-10-27,0.0,32.7,22.6,44.9,5.5,93.1,225.5,4.8,31.1,-0.18,-0.11,0.95,synthetic_demo_feed
mh_ltr_ausa,2023-10-28,0.0,34.0,22.9,40.5,3.8,80.1,247.2,3.3,24.2,-0.18,-0.11,0.95,synthetic_demo_feed
mh_ltr_ausa,2023-10-29,0.0,33.6,22.4,52.4,5.5,95.3,232.1,4.8,33.7,-0.18,-0.11,0.95,synthetic_demo_feed
mh_ltr_ausa,2023-10-30,0.0,33.6,23.6,40.1,6.9,94.6,220.4,6.0,34.4,-0.18,-0.11,0.95,synthetic_demo_feed
mh_ltr_ausa,2023-10-31,0.0,33.5,22.1,54.9,6.6,115.7,241.5,5.7,27.0,-0.18,-0.11,0.95,synthetic_demo_feed
mh_ltr_ausa,2024-05-01,0.0,33.3,23.2,44.8,4.8,123.1,235.8,4.2,34.5,-0.18,-0.11,0.95,synthetic_demo_feed
mh_ltr_ausa,2024-05-02,0.0,32.7,23.4,53.6,5.9,88.8,234.3,5.1,26.8,-0.18,-0.11,0.95,synthetic_demo_feed
mh_ltr_ausa,2024-05-03,0.0,34.1,22.3,41.5,3.8,90.4,239.0,3.3,25.9,-0.18,-0.11,0.95,synthetic_demo_feed
mh_ltr_ausa,2024-05-04,3.8,32.9,22.3,47.5,4.3,85.9,223.5,3.7,23.6,-0.18,-0.11,0.95,synthetic_demo_feed
mh_ltr_ausa,2024-05-05,0.0,34.2,22.4,44.7,4.7,123.9,239.1,4.1,22.5,-0.18,-0.11,0.95,synthetic_demo_feed
mh_ltr_ausa,2024-05-06,0.0,33.2,23.7,54.5,5.3,94.3,243.5,4.6,32.2,-0.18,-0.11,0.95,synthetic_demo_feed
mh_ltr_ausa,2024-05-07,0.0,33.2,22.8,58.8,3.8,80.8,243.4,3.3,29.7,-0.18,-0.11,0.95,synthetic_demo_feed
mh_ltr_ausa,2024-05-08,0.0,32.6,22.0,49.7,4.5,87.8,240.7,3.9,29.7,-0.18,-0.11,0.95,synthetic_demo_feed
mh_ltr_ausa,2024-05-09,0.0,33.9,22.9,59.3,6.1,96.1,245.1,5.3,36.6,-0.18,-0.11,0.95,synthetic_demo_feed
mh_ltr_ausa,2024-05-10,0.0,33.5,22.4,53.4,6.2,107.5,247.8,5.4,35.4,-0.18,-0.11,0.95,synthetic_demo_feed
mh_ltr_ausa,2024-05-11,0.0,34.4,23.6,55.6,3.8,98.2,222.8,3.3,34.1,-0.18,-0.11,0.95,synthetic_demo_feed
mh_ltr_ausa,2024-05-12,0.0,33.5,23.6,42.8,5.5,116.0,232.7,4.8,28.3,-0.18,-0.11,0.95,synthetic_demo_feed
mh_ltr_ausa,2024-05-13,0.0,32.8,23.5,48.9,4.3,110.1,237.4,3.7,32.9,-0.18,-0.11,0.95,synthetic_demo_feed
mh_ltr_ausa,2024-05-14,0.0,32.9,22.8,51.7,4.9,129.8,224.9,4.3,28.4,-0.18,-0.11,0.95,synthetic_demo_feed
mh_ltr_ausa,2024-05-15,0.0,33.1,22.2,40.5,4.3,112.7,235.4,3.7,27.8,-0.18,-0.11,0.95,synthetic_demo_feed
mh_ltr_ausa,2024-05-16,0.0,32.9,23.4,59.9,4.5,135.7,236.7,3.9,24.7,-0.18,-0.11,0.95,synthetic_demo_feed
mh_ltr_ausa,2024-05-17,0.0,33.7,22.8,41.4,4.7,109.7,230.1,4.1,26.8,-0.18,-0.11,0.95,synthetic_demo_feed
mh_ltr_ausa,2024-05-18,0.0,33.9,23.6,53.6,4.5,121.1,227.6,3.9,23.1,-0.18,-0.11,0.95,synthetic_demo_feed
mh_ltr_ausa,2024-05-19,0.0,34.3,24.0,45.9,4.7,124.2,243.5,4.1,25.6,-0.18,-0.11,0.95,synthetic_demo_feed
mh_ltr_ausa,2024-05-20,0.0,33.4,23.1,40.5,4.4,113.9,252.3,3.8,26.0,-0.18,-0.11,0.95,synthetic_demo_feed
mh_ltr_ausa,2024-05-21,0.0,34.8,22.5,44.3,6.7,81.7,251.6,5.8,30.8,-0.18,-0.11,0.95,synthetic_demo_feed
mh_ltr_ausa,2024-05-22,0.0,33.2,23.7,52.8,5.5,125.9,237.0,4.8,28.4,-0.18,-0.11,0.95,synthetic_demo_feed
mh_ltr_ausa,2024-05-23,0.0,35.3,22.2,55.6,6.8,118.6,226.3,5.9,33.3,-0.18,-0.11,0.95,synthetic_demo_feed
mh_ltr_ausa,2024-05-24,0.0,35.2,22.1,44.5,4.6,124.6,222.0,4.0,23.0,-0.18,-0.11,0.95,synthetic_demo_feed
mh_ltr_ausa,2024-05-25,0.0,33.0,23.0,49.0,3.7,111.1,240.3,3.2,24.1,-0.18,-0.11,0.95,synthetic_demo_feed
mh_ltr_ausa,2024-05-26,2.7,32.3,23.7,59.8,5.5,100.1,235.6,4.8,28.4,-0.18,-0.11,0.95,synthetic_demo_feed
mh_ltr_ausa,2024-05-27,0.0,35.0,23.0,54.5,6.2,97.1,241.4,5.4,32.5,-0.18,-0.11,0.95,synthetic_demo_feed
mh_ltr_ausa,2024-05-28,0.0,32.8,22.2,43.2,3.7,96.7,241.8,3.2,35.9,-0.18,-0.11,0.95,synthetic_demo_feed
mh_ltr_ausa,2024-05-29,0.0,34.2,23.1,47.1,6.9,86.1,247.7,6.0,33.8,-0.18,-0.11,0.95,synthetic_demo_feed
mh_ltr_ausa,2024-05-30,0.0,34.6,23.9,49.9,4.9,122.4,253.9,4.3,32.1,-0.18,-0.11,0.95,synthetic_demo_feed
mh_ltr_ausa,2024-05-31,0.0,34.3,24.0,44.0,6.9,102.0,228.5,6.0,23.5,-0.18,-0.11,0.95,synthetic_demo_feed
mh_ltr_ausa,2024-06-01,20.9,31.2,22.4,67.4,11.4,246.6,209.8,9.9,62.9,-0.18,-0.11,0.95,synthetic_demo_feed
mh_ltr_ausa,2024-06-02,0.0,34.6,23.3,69.9,11.8,245.5,183.5,10.3,70.6,-0.18,-0.11,0.95,synthetic_demo_feed
mh_ltr_ausa,2024-06-03,14.4,32.8,23.0,67.6,11.0,227.0,217.9,9.6,51.2,-0.18,-0.11,0.95,synthetic_demo_feed
mh_ltr_ausa,2024-06-04,0.0,34.9,23.4,69.0,11.0,226.9,187.5,9.6,56.7,-0.18,-0.11,0.95,synthetic_demo_feed
mh_ltr_ausa,2024-06-05,21.3,29.4,23.7,77.1,10.7,222.4,183.1,9.3,53.0,-0.18,-0.11,0.95,synthetic_demo_feed
mh_ltr_ausa,2024-06-06,0.0,33.4,23.0,68.8,9.9,223.3,182.3,8.6,55.7,-0.18,-0.11,0.95,synthetic_demo_feed
mh_ltr_ausa,2024-06-07,18.1,31.5,23.5,70.4,11.7,214.9,216.2,10.2,62.9,-0.18,-0.11,0.95,synthetic_demo_feed
mh_ltr_ausa,2024-06-08,24.5,29.3,23.8,89.1,14.4,241.1,169.7,12.5,56.0,-0.18,-0.11,0.95,synthetic_demo_feed
mh_ltr_ausa,2024-06-09,35.2,29.0,23.5,81.0,14.8,222.9,163.7,12.9,62.0,-0.18,-0.11,0.95,synthetic_demo_feed
mh_ltr_ausa,2024-06-10,34.9,30.1,22.5,94.7,14.5,229.7,162.3,12.6,68.0,-0.18,-0.11,0.95,synthetic_demo_feed
mh_ltr_ausa,2024-06-11,22.9,32.0,23.4,92.3,15.6,226.2,166.3,13.6,74.0,-0.18,-0.11,0.95,synthetic_demo_feed
mh_ltr_ausa,2024-06-12,13.0,31.3,22.5,88.6,12.3,243.0,184.4,10.7,80.0,-0.18,-0.11,0.95,synthetic_demo_feed
mh_ltr_ausa,2024-06-13,0.0,34.8,23.2,67.2,9.1,210.3,202.2,7.9,56.7,-0.18,-0.11,0.95,synthetic_demo_feed
mh_ltr_ausa,2024-06-14,0.0,35.4,22.1,80.2,9.5,233.5,198.8,8.3,55.1,-0.18,-0.11,0.95,synthetic_demo_feed
mh_ltr_ausa,2024-06-15,0.0,34.4,23.8,78.3,12.1,211.3,192.2,10.5,58.9,-0.18,-0.11,0.95,synthetic_demo_feed
mh_ltr_ausa,2024-06-16,0.0,34.4,23.8,81.2,12.0,223.1,204.5,10.4,58.8,-0.18,-0.11,0.95,synthetic_demo_feed
mh_ltr_ausa,2024-06-17,0.0,33.1,23.9,76.7,9.7,228.8,217.0,8.4,47.0,-0.18,-0.11,0.95,synthetic_demo_feed
mh_ltr_ausa,2024-06-18,0.0,33.2,22.6,68.1,10.0,210.4,198.1,8.7,59.4,-0.18,-0.11,0.95,synthetic_demo_feed
mh_ltr_ausa,2024-06-19,0.0,35.3,22.2,79.9,10.8,234.7,192.2,9.4,67.0,-0.18,-0.11,0.95,synthetic_demo_feed
mh_ltr_ausa,2024-06-20,0.0,35.2,22.4,83.6,8.6,219.4,213.6,7.5,57.4,-0.18,-0.11,0.95,synthetic_demo_feed
mh_ltr_ausa,2024-06-21,22.8,29.9,22.6,79.9,10.2,248.9,183.8,8.9,54.3,-0.18,-0.11,0.95,synthetic_demo_feed
mh_ltr_ausa,2024-06-22,0.0,33.3,23.6,80.4,10.9,240.2,190.8,9.5,49.7,-0.18,-0.11,0.95,synthetic_demo_feed
mh_ltr_ausa,2024-06-23,16.0,32.1,23.0,85.6,9.3,236.3,197.6,8.1,47.7,-0.18,-0.11,0.95,synthetic_demo_feed
mh_ltr_ausa,2024-06-24,0.0,32.8,23.0,79.1,8.9,217.7,196.7,7.7,62.3,-0.18,-0.11,0.95,synthetic_demo_feed
mh_ltr_ausa,2024-06-25,0.0,35.0,22.3,75.8,12.1,243.6,208.3,10.5,54.6,-0.18,-0.11,0.95,synthetic_demo_feed
mh_ltr_ausa,2024-06-26,0.0,33.7,22.2,76.7,10.7,246.1,207.4,9.3,69.7,-0.18,-0.11,0.95,synthetic_demo_feed
mh_ltr_ausa,2024-06-27,0.0,33.0,23.2,73.8,8.5,249.6,181.1,7.4,63.5,-0.18,-0.11,0.95,synthetic_demo_feed
mh_ltr_ausa,2024-06-28,24.0,31.7,22.8,73.8,9.4,216.9,189.7,8.2,62.5,-0.18,-0.11,0.95,synthetic_demo_feed
mh_ltr_ausa,2024-06-29,10.3,31.2,23.6,78.1,9.4,241.3,189.3,8.2,47.8,-0.18,-0.11,0.95,synthetic_demo_feed
mh_ltr_ausa,2024-06-30,17.7,30.7,23.3,83.0,11.6,216.0,213.4,10.1,54.2,-0.18,-0.11,0.95,synthetic_demo_feed
mh_ltr_ausa,2024-07-01,12.1,33.1,23.3,71.2,11.4,231.6,187.1,9.9,50.7,-0.18,-0.11,0.95,synthetic_demo_feed
mh_ltr_ausa,2024-07-02,7.9,32.5,23.8,86.6,9.4,220.2,188.3,8.2,67.1,-0.18,-0.11,0.95,synthetic_demo_feed
mh_ltr_ausa,2024-07-03,12.3,32.3,22.8,69.0,11.7,234.8,212.3,10.2,52.5,-0.18,-0.11,0.95,synthetic_demo_feed
mh_ltr_ausa,2024-07-04,9.9,32.7,22.7,72.8,8.9,249.0,180.8,7.7,70.0,-0.18,-0.11,0.95,synthetic_demo_feed
mh_ltr_ausa,2024-07-05,0.0,34.3,23.8,83.6,12.3,246.8,205.3,10.7,74.7,-0.18,-0.11,0.95,synthetic_demo_feed
mh_ltr_ausa,2024-07-06,0.0,35.1,22.8,74.8,8.7,223.1,214.6,7.6,72.1,-0.18,-0.11,0.95,synthetic_demo_feed
mh_ltr_ausa,2024-07-07,4.7,34.2,23.0,66.0,9.5,210.2,214.5,8.3,58.7,-0.18,-0.11,0.95,synthetic_demo_feed
mh_ltr_ausa,2024-07-08,0.0,33.9,23.9,68.1,9.2,249.4,211.9,8.0,60.3,-0.18,-0.11,0.95,synthetic_demo_feed
mh_ltr_ausa,2024-07-09,0.0,33.8,23.2,73.7,9.5,234.5,204.4,8.3,73.9,-0.18,-0.11,0.95,synthetic_demo_feed
mh_ltr_ausa,2024-07-10,2.9,34.7,23.7,84.6,9.9,227.3,208.0,8.6,64.3,-0.18,-0.11,0.95,synthetic_demo_feed
mh_ltr_ausa,2024-07-11,21.5,29.9,23.0,66.9,12.2,241.8,204.8,10.6,73.9,-0.18,-0.11,0.95,synthetic_demo_feed
mh_ltr_ausa,2024-07-12,0.0,33.6,22.9,72.7,9.8,223.0,217.3,8.5,59.4,-0.18,-0.11,0.95,synthetic_demo_feed
mh_ltr_ausa,2024-07-13,0.0,32.8,23.0,74.7,11.3,221.7,183.1,9.8,45.6,-0.18,-0.11,0.95,synthetic_demo_feed
mh_ltr_ausa,2024-07-14,0.0,35.4,23.2,71.5,8.4,235.6,208.9,7.3,51.2,-0.18,-0.11,0.95,synthetic_demo_feed
mh_ltr_ausa,2024-07-15,14.1,33.1,23.3,86.3,12.5,241.3,180.7,10.9,54.7,-0.18,-0.11,0.95,synthetic_demo_feed
mh_ltr_ausa,2024-07-16,18.4,32.2,23.5,72.9,8.6,220.6,211.6,7.5,46.4,-0.18,-0.11,0.95,synthetic_demo_feed
mh_ltr_ausa,2024-07-17,15.1,31.2,22.9,77.4,11.7,222.0,182.9,10.2,50.0,-0.18,-0.11,0.95,synthetic_demo_feed
mh_ltr_ausa,2024-07-18,5.4,34.3,24.0,84.8,12.0,227.1,182.2,10.4,61.2,-0.18,-0.11,0.95,synthetic_demo_feed
mh_ltr_ausa,2024-07-19,11.0,33.1,22.5,83.2,10.1,235.9,213.2,8.8,63.9,-0.18,-0.11,0.95,synthetic_demo_feed
mh_ltr_ausa,2024-07-20,0.5,32.6,22.8,50.9,4.0,99.4,254.0,3.5,55.5,-0.18,-0.11,0.95,synthetic_demo_feed
mh_ltr_ausa,2024-07-21,0.3,32.7,23.5,42.3,5.3,106.4,235.5,4.6,51.0,-0.18,-0.11,0.95,synthetic_demo_feed
mh_ltr_ausa,2024-07-22,0.5,34.4,22.0,54.9,3.1,97.6,250.0,2.7,46.5,-0.18,-0.11,0.95,synthetic_demo_feed
mh_ltr_ausa,2024-07-23,0.7,34.5,22.9,55.9,3.3,111.5,256.5,2.9,42.0,-0.18,-0.11,0.95,synthetic_demo_feed
mh_ltr_ausa,2024-07-24,0.6,32.9,23.9,47.2,3.4,124.8,236.2,3.0,37.5,-0.18,-0.11,0.95,synthetic_demo_feed
mh_ltr_ausa,2024-07-25,0.2,33.2,23.0,52.1,3.7,115.9,242.6,3.2,33.0,-0.18,-0.11,0.95,synthetic_demo_feed
mh_ltr_ausa,2024-07-26,0.6,34.4,22.3,50.6,3.6,93.3,253.0,3.1,28.5,-0.18,-0.11,0.95,synthetic_demo_feed
mh_ltr_ausa,2024-07-27,0.4,35.1,22.9,55.5,4.3,93.2,245.5,3.7,24.0,-0.18,-0.11,0.95,synthetic_demo_feed
mh_ltr_ausa,2024-07-28,0.1,33.9,22.9,47.7,3.7,120.5,246.2,3.2,20.0,-0.18,-0.11,0.95,synthetic_demo_feed
mh_ltr_ausa,2024-07-29,0.0,32.6,23.2,75.2,12.3,246.4,195.5,10.7,54.4,-0.18,-0.11,0.95,synthetic_demo_feed
mh_ltr_ausa,2024-07-30,0.0,34.8,22.7,71.1,11.7,220.9,204.2,10.2,59.9,-0.18,-0.11,0.95,synthetic_demo_feed
mh_ltr_ausa,2024-07-31,7.9,33.9,22.9,72.7,10.1,228.4,191.4,8.8,62.6,-0.18,-0.11,0.95,synthetic_demo_feed
mh_ltr_ausa,2024-08-01,21.1,30.6,23.0,70.5,11.4,211.0,181.1,9.9,56.7,-0.18,-0.11,0.95,synthetic_demo_feed
mh_ltr_ausa,2024-08-02,0.0,33.4,22.9,74.7,12.0,218.0,180.9,10.4,55.6,-0.18,-0.11,0.95,synthetic_demo_feed
mh_ltr_ausa,2024-08-03,9.6,32.8,23.6,82.9,8.5,235.7,198.8,7.4,46.8,-0.18,-0.11,0.95,synthetic_demo_feed
mh_ltr_ausa,2024-08-04,21.6,30.8,22.5,73.6,11.6,221.6,209.5,10.1,55.7,-0.18,-0.11,0.95,synthetic_demo_feed
mh_ltr_ausa,2024-08-05,8.0,32.0,23.9,80.1,11.6,246.6,219.3,10.1,57.7,-0.18,-0.11,0.95,synthetic_demo_feed
mh_ltr_ausa,2024-08-06,0.0,35.2,23.3,87.6,9.7,210.5,185.2,8.4,63.9,-0.18,-0.11,0.95,synthetic_demo_feed
mh_ltr_ausa,2024-08-07,0.0,32.7,23.5,88.0,7.6,242.6,190.4,6.6,67.1,-0.18,-0.11,0.95,synthetic_demo_feed
mh_ltr_ausa,2024-08-08,0.0,34.6,23.2,74.7,9.3,232.7,210.1,8.1,47.4,-0.18,-0.11,0.95,synthetic_demo_feed
mh_ltr_ausa,2024-08-09,0.0,35.2,23.0,67.0,12.6,240.0,213.3,11.0,48.1,-0.18,-0.11,0.95,synthetic_demo_feed
mh_ltr_ausa,2024-08-10,23.4,30.3,22.2,81.8,7.8,235.7,196.1,6.8,59.1,-0.18,-0.11,0.95,synthetic_demo_feed
mh_ltr_ausa,2024-08-11,0.0,34.3,22.8,71.5,10.9,236.0,200.4,9.5,58.8,-0.18,-0.11,0.95,synthetic_demo_feed
mh_ltr_ausa,2024-08-12,0.0,33.6,22.3,81.3,12.1,226.2,195.3,10.5,45.5,-0.18,-0.11,0.95,synthetic_demo_feed
mh_ltr_ausa,2024-08-13,0.0,34.7,23.4,79.8,7.6,237.7,203.4,6.6,47.0,-0.18,-0.11,0.95,synthetic_demo_feed
mh_ltr_ausa,2024-08-14,6.6,32.5,23.7,85.9,10.0,237.2,208.2,8.7,70.7,-0.18,-0.11,0.95,synthetic_demo_feed
mh_ltr_ausa,2024-08-15,0.0,32.7,23.8,66.5,12.2,231.3,196.9,10.6,46.6,-0.18,-0.11,0.95,synthetic_demo_feed
mh_ltr_ausa,2024-08-16,9.4,31.4,22.9,69.9,12.0,239.6,192.3,10.4,62.7,-0.18,-0.11,0.95,synthetic_demo_feed
mh_ltr_ausa,2024-08-17,8.4,33.1,22.6,67.9,9.1,210.7,192.0,7.9,50.6,-0.18,-0.11,0.95,synthetic_demo_feed
mh_ltr_ausa,2024-08-18,0.0,33.9,22.5,81.6,8.3,224.3,215.0,7.2,68.5,-0.18,-0.11,0.95,synthetic_demo_feed
mh_ltr_ausa,2024-08-19,23.1,31.6,23.0,74.3,11.4,222.1,207.3,9.9,54.3,-0.18,-0.11,0.95,synthetic_demo_feed
mh_ltr_ausa,2024-08-20,24.3,29.9,22.7,80.5,7.8,220.7,216.7,6.8,45.3,-0.18,-0.11,0.95,synthetic_demo_feed
mh_ltr_ausa,2024-08-21,0.0,35.4,23.9,83.7,9.1,241.0,196.7,7.9,55.5,-0.18,-0.11,0.95,synthetic_demo_feed
mh_ltr_ausa,2024-08-22,6.3,34.0,22.1,72.5,10.3,233.1,184.8,9.0,71.3,-0.18,-0.11,0.95,synthetic_demo_feed
mh_ltr_ausa,2024-08-23,22.4,32.1,22.7,68.9,7.8,242.3,211.7,6.8,74.9,-0.18,-0.11,0.95,synthetic_demo_feed
mh_ltr_ausa,2024-08-24,0.0,33.0,23.1,75.6,8.0,247.7,218.9,7.0,67.7,-0.18,-0.11,0.95,synthetic_demo_feed
mh_ltr_ausa,2024-08-25,7.5,33.7,23.5,67.1,12.4,249.7,201.3,10.8,71.7,-0.18,-0.11,0.95,synthetic_demo_feed
mh_ltr_ausa,2024-08-26,0.0,34.6,24.0,73.9,8.9,216.9,182.6,7.7,52.8,-0.18,-0.11,0.95,synthetic_demo_feed
mh_ltr_ausa,2024-08-27,0.0,35.0,24.0,73.5,10.6,243.9,184.1,9.2,58.9,-0.18,-0.11,0.95,synthetic_demo_feed
mh_ltr_ausa,2024-08-28,0.0,33.9,22.4,66.5,8.0,213.6,209.4,7.0,54.4,-0.18,-0.11,0.95,synthetic_demo_feed
mh_ltr_ausa,2024-08-29,18.8,30.8,23.7,72.6,8.7,248.1,183.5,7.6,64.2,-0.18,-0.11,0.95,synthetic_demo_feed
mh_ltr_ausa,2024-08-30,3.4,32.3,23.4,65.2,9.1,245.7,182.4,7.9,58.2,-0.18,-0.11,0.95,synthetic_demo_feed
mh_ltr_ausa,2024-08-31,0.0,34.8,22.6,79.1,9.5,226.3,215.5,8.3,54.1,-0.18,-0.11,0.95,synthetic_demo_feed
mh_ltr_ausa,2024-09-01,0.0,33.4,23.6,72.0,11.4,239.7,197.3,9.9,74.6,-0.18,-0.11,0.95,synthetic_demo_feed
mh_ltr_ausa,2024-09-02,15.8,31.2,22.1,84.7,12.3,222.3,185.7,10.7,62.9,-0.18,-0.11,0.95,synthetic_demo_feed
mh_ltr_ausa,2024-09-03,16.4,32.1,22.8,74.6,8.0,235.6,209.3,7.0,48.1,-0.18,-0.11,0.95,synthetic_demo_feed
mh_ltr_ausa,2024-09-04,0.0,34.6,23.1,82.3,7.8,215.3,183.7,6.8,70.2,-0.18,-0.11,0.95,synthetic_demo_feed
mh_ltr_ausa,2024-09-05,0.0,35.0,23.9,74.3,11.3,216.1,185.4,9.8,49.2,-0.18,-0.11,0.95,synthetic_demo_feed
mh_ltr_ausa,2024-09-06,20.7,31.9,23.1,68.9,10.8,225.3,194.2,9.4,68.5,-0.18,-0.11,0.95,synthetic_demo_feed
mh_ltr_ausa,2024-09-07,14.4,32.6,22.0,83.4,10.0,232.7,205.3,8.7,66.3,-0.18,-0.11,0.95,synthetic_demo_feed
mh_ltr_ausa,2024-09-08,20.5,31.7,23.1,79.6,12.3,228.2,205.3,10.7,59.8,-0.18,-0.11,0.95,synthetic_demo_feed
mh_ltr_ausa,2024-09-09,0.0,35.2,22.5,87.1,7.6,223.6,186.3,6.6,64.8,-0.18,-0.11,0.95,synthetic_demo_feed
mh_ltr_ausa,2024-09-10,0.0,32.9,22.7,77.8,11.6,221.8,185.2,10.1,73.2,-0.18,-0.11,0.95,synthetic_demo_feed
mh_ltr_ausa,2024-09-11,18.6,31.6,23.4,76.8,10.9,215.9,181.8,9.5,72.8,-0.18,-0.11,0.95,synthetic_demo_feed
mh_ltr_ausa,2024-09-12,0.0,32.6,23.6,73.7,7.6,243.3,200.6,6.6,53.6,-0.18,-0.11,0.95,synthetic_demo_feed
mh_ltr_ausa,2024-09-13,11.9,33.1,23.4,76.0,9.1,234.3,194.3,7.9,58.5,-0.18,-0.11,0.95,synthetic_demo_feed
mh_ltr_ausa,2024-09-14,18.7,31.4,22.7,79.6,12.0,225.7,180.9,10.4,74.2,-0.18,-0.11,0.95,synthetic_demo_feed
mh_ltr_ausa,2024-09-15,0.0,33.6,23.6,73.9,7.9,218.8,188.2,6.9,63.8,-0.18,-0.11,0.95,synthetic_demo_feed
mh_ltr_ausa,2024-09-16,0.0,33.5,23.4,75.2,12.3,246.5,201.2,10.7,71.4,-0.18,-0.11,0.95,synthetic_demo_feed
mh_ltr_ausa,2024-09-17,0.0,33.8,22.3,74.0,7.8,247.1,213.2,6.8,73.8,-0.18,-0.11,0.95,synthetic_demo_feed
mh_ltr_ausa,2024-09-18,0.0,33.1,22.8,67.2,7.9,246.9,180.9,6.9,66.8,-0.18,-0.11,0.95,synthetic_demo_feed
mh_ltr_ausa,2024-09-19,0.0,34.8,23.2,75.3,10.9,218.6,203.6,9.5,71.5,-0.18,-0.11,0.95,synthetic_demo_feed
mh_ltr_ausa,2024-09-20,9.9,33.4,23.5,84.7,11.3,239.2,210.4,9.8,60.6,-0.18,-0.11,0.95,synthetic_demo_feed
mh_ltr_ausa,2024-09-21,0.0,34.8,22.5,72.1,10.5,242.4,218.0,9.1,62.7,-0.18,-0.11,0.95,synthetic_demo_feed
mh_ltr_ausa,2024-09-22,0.0,34.3,23.8,75.1,8.7,248.3,218.3,7.6,61.8,-0.18,-0.11,0.95,synthetic_demo_feed
mh_ltr_ausa,2024-09-23,7.3,33.6,23.0,81.8,10.3,242.3,182.3,9.0,48.8,-0.18,-0.11,0.95,synthetic_demo_feed
mh_ltr_ausa,2024-09-24,14.0,32.9,22.7,77.2,11.7,237.6,200.7,10.2,68.1,-0.18,-0.11,0.95,synthetic_demo_feed
mh_ltr_ausa,2024-09-25,22.5,31.7,22.3,80.2,10.9,246.2,194.7,9.5,64.9,-0.18,-0.11,0.95,synthetic_demo_feed
mh_ltr_ausa,2024-09-26,0.0,33.2,22.4,67.5,11.4,227.5,216.0,9.9,51.6,-0.18,-0.11,0.95,synthetic_demo_feed
mh_ltr_ausa,2024-09-27,0.0,33.8,23.8,71.9,10.2,235.6,193.7,8.9,73.3,-0.18,-0.11,0.95,synthetic_demo_feed
mh_ltr_ausa,2024-09-28,0.0,33.9,22.5,72.5,9.5,221.2,204.4,8.3,61.5,-0.18,-0.11,0.95,synthetic_demo_feed
mh_ltr_ausa,2024-09-29,15.4,33.0,22.6,73.2,7.9,223.8,193.4,6.9,51.0,-0.18,-0.11,0.95,synthetic_demo_feed
mh_ltr_ausa,2024-09-30,0.0,34.0,23.1,86.2,10.7,228.3,193.2,9.3,66.0,-0.18,-0.11,0.95,synthetic_demo_feed
mh_ltr_ausa,2024-10-01,0.0,33.7,23.8,52.7,3.7,135.7,253.8,3.2,37.5,-0.18,-0.11,0.95,synthetic_demo_feed
mh_ltr_ausa,2024-10-02,0.0,34.4,23.0,55.0,3.9,95.4,231.3,3.4,23.9,-0.18,-0.11,0.95,synthetic_demo_feed
mh_ltr_ausa,2024-10-03,0.0,34.8,22.9,46.4,4.7,133.2,241.5,4.1,34.3,-0.18,-0.11,0.95,synthetic_demo_feed
mh_ltr_ausa,2024-10-04,0.0,35.2,22.1,44.8,5.5,137.3,235.4,4.8,33.6,-0.18,-0.11,0.95,synthetic_demo_feed
mh_ltr_ausa,2024-10-05,0.0,33.1,22.1,56.7,4.1,125.5,237.7,3.6,28.3,-0.18,-0.11,0.95,synthetic_demo_feed
mh_ltr_ausa,2024-10-06,0.0,32.9,22.6,43.5,5.6,112.5,236.6,4.9,26.5,-0.18,-0.11,0.95,synthetic_demo_feed
mh_ltr_ausa,2024-10-07,0.0,34.2,23.1,43.3,5.8,111.2,230.7,5.0,28.1,-0.18,-0.11,0.95,synthetic_demo_feed
mh_ltr_ausa,2024-10-08,0.0,34.0,22.1,41.7,3.6,80.5,242.9,3.1,32.1,-0.18,-0.11,0.95,synthetic_demo_feed
mh_ltr_ausa,2024-10-09,0.0,35.1,22.9,41.4,5.4,94.5,251.8,4.7,35.7,-0.18,-0.11,0.95,synthetic_demo_feed
mh_ltr_ausa,2024-10-10,0.0,33.5,22.5,54.9,4.8,105.0,238.4,4.2,23.7,-0.18,-0.11,0.95,synthetic_demo_feed
mh_ltr_ausa,2024-10-11,1.2,34.9,23.9,52.3,4.8,129.5,225.4,4.2,29.0,-0.18,-0.11,0.95,synthetic_demo_feed
mh_ltr_ausa,2024-10-12,0.0,33.1,23.9,41.0,5.2,131.2,244.5,4.5,27.3,-0.18,-0.11,0.95,synthetic_demo_feed
mh_ltr_ausa,2024-10-13,0.0,35.0,22.7,53.8,3.8,106.7,240.1,3.3,33.4,-0.18,-0.11,0.95,synthetic_demo_feed
mh_ltr_ausa,2024-10-14,0.0,35.4,23.8,47.3,6.2,137.0,243.9,5.4,22.7,-0.18,-0.11,0.95,synthetic_demo_feed
mh_ltr_ausa,2024-10-15,0.0,34.2,23.7,53.0,6.3,120.4,245.3,5.5,32.5,-0.18,-0.11,0.95,synthetic_demo_feed
mh_ltr_ausa,2024-10-16,0.0,33.0,22.5,41.8,5.3,136.5,250.6,4.6,24.5,-0.18,-0.11,0.95,synthetic_demo_feed
mh_ltr_ausa,2024-10-17,0.0,33.8,23.2,45.8,5.2,129.9,236.7,4.5,28.3,-0.18,-0.11,0.95,synthetic_demo_feed
mh_ltr_ausa,2024-10-18,0.0,34.2,22.2,55.6,3.7,110.3,249.1,3.2,31.0,-0.18,-0.11,0.95,synthetic_demo_feed
mh_ltr_ausa,2024-10-19,0.0,33.4,23.6,51.5,3.7,116.2,233.1,3.2,33.0,-0.18,-0.11,0.95,synthetic_demo_feed
mh_ltr_ausa,2024-10-20,0.0,33.0,23.5,58.4,3.8,125.6,227.2,3.3,31.9,-0.18,-0.11,0.95,synthetic_demo_feed
mh_ltr_ausa,2024-10-21,0.0,33.8,22.8,49.5,5.8,99.2,242.5,5.0,29.0,-0.18,-0.11,0.95,synthetic_demo_feed
mh_ltr_ausa,2024-10-22,0.0,34.4,23.4,46.1,4.7,118.3,236.8,4.1,31.8,-0.18,-0.11,0.95,synthetic_demo_feed
mh_ltr_ausa,2024-10-23,0.0,33.5,22.8,49.4,4.9,113.8,254.4,4.3,29.9,-0.18,-0.11,0.95,synthetic_demo_feed
mh_ltr_ausa,2024-10-24,0.0,35.2,23.0,45.3,6.3,136.8,245.4,5.5,31.8,-0.18,-0.11,0.95,synthetic_demo_feed
mh_ltr_ausa,2024-10-25,0.0,33.9,24.0,44.2,3.8,119.8,230.4,3.3,31.5,-0.18,-0.11,0.95,synthetic_demo_feed
mh_ltr_ausa,2024-10-26,4.7,33.6,22.5,57.2,5.1,119.8,242.5,4.4,34.3,-0.18,-0.11,0.95,synthetic_demo_feed
mh_ltr_ausa,2024-10-27,0.0,35.3,22.9,49.7,5.9,110.0,243.1,5.1,24.8,-0.18,-0.11,0.95,synthetic_demo_feed
mh_ltr_ausa,2024-10-28,0.0,34.0,22.2,53.0,4.6,112.0,223.6,4.0,33.7,-0.18,-0.11,0.95,synthetic_demo_feed
mh_ltr_ausa,2024-10-29,0.0,35.1,23.1,53.3,4.1,138.0,233.1,3.6,24.4,-0.18,-0.11,0.95,synthetic_demo_feed
mh_ltr_ausa,2024-10-30,0.0,35.0,23.0,55.0,6.1,115.9,220.6,5.3,34.6,-0.18,-0.11,0.95,synthetic_demo_feed
mh_ltr_ausa,2024-10-31,0.0,33.0,23.8,53.1,5.2,111.9,232.7,4.5,28.4,-0.18,-0.11,0.95,synthetic_demo_feed
mh_ltr_ausa,2025-05-01,0.0,33.1,23.5,43.9,3.9,127.2,242.0,3.4,24.7,-0.18,-0.11,0.95,synthetic_demo_feed
mh_ltr_ausa,2025-05-02,0.0,34.9,24.0,49.3,4.5,106.7,235.5,3.9,26.0,-0.18,-0.11,0.95,synthetic_demo_feed
mh_ltr_ausa,2025-05-03,0.0,34.9,23.6,53.4,6.8,94.7,228.9,5.9,29.8,-0.18,-0.11,0.95,synthetic_demo_feed
mh_ltr_ausa,2025-05-04,0.0,34.1,22.4,51.4,5.9,136.3,239.5,5.1,37.9,-0.18,-0.11,0.95,synthetic_demo_feed
mh_ltr_ausa,2025-05-05,0.0,35.0,22.2,49.2,3.6,84.7,246.8,3.1,25.1,-0.18,-0.11,0.95,synthetic_demo_feed
mh_ltr_ausa,2025-05-06,0.0,34.7,23.9,40.8,5.8,107.6,243.7,5.0,23.7,-0.18,-0.11,0.95,synthetic_demo_feed
mh_ltr_ausa,2025-05-07,0.0,33.0,23.1,50.9,3.6,98.8,229.4,3.1,33.2,-0.18,-0.11,0.95,synthetic_demo_feed
mh_ltr_ausa,2025-05-08,4.5,32.5,23.1,47.3,6.0,127.5,225.5,5.2,35.0,-0.18,-0.11,0.95,synthetic_demo_feed
mh_ltr_ausa,2025-05-09,0.0,33.8,24.0,47.1,5.8,102.1,235.6,5.0,25.2,-0.18,-0.11,0.95,synthetic_demo_feed
mh_ltr_ausa,2025-05-10,0.0,33.9,22.3,48.2,5.3,112.3,232.5,4.6,29.8,-0.18,-0.11,0.95,synthetic_demo_feed
mh_ltr_ausa,2025-05-11,0.0,34.8,23.2,56.0,4.1,84.5,223.0,3.6,35.1,-0.18,-0.11,0.95,synthetic_demo_feed
mh_ltr_ausa,2025-05-12,0.0,33.4,23.2,46.2,6.6,105.9,241.1,5.7,29.9,-0.18,-0.11,0.95,synthetic_demo_feed
mh_ltr_ausa,2025-05-13,0.0,33.7,23.5,54.2,4.5,133.1,252.3,3.9,33.6,-0.18,-0.11,0.95,synthetic_demo_feed
mh_ltr_ausa,2025-05-14,0.0,35.4,23.3,43.9,6.8,119.9,229.4,5.9,34.3,-0.18,-0.11,0.95,synthetic_demo_feed
mh_ltr_ausa,2025-05-15,0.0,35.0,23.1,47.3,4.3,89.2,243.6,3.7,32.1,-0.18,-0.11,0.95,synthetic_demo_feed
mh_ltr_ausa,2025-05-16,0.0,34.5,22.5,46.9,6.8,123.8,238.0,5.9,37.2,-0.18,-0.11,0.95,synthetic_demo_feed
mh_ltr_ausa,2025-05-17,0.0,34.0,23.5,56.0,5.9,103.4,253.1,5.1,24.3,-0.18,-0.11,0.95,synthetic_demo_feed
mh_ltr_ausa,2025-05-18,0.0,34.9,22.3,53.4,6.2,95.8,223.6,5.4,37.3,-0.18,-0.11,0.95,synthetic_demo_feed
mh_ltr_ausa,2025-05-19,0.0,34.3,23.6,47.6,4.0,112.8,231.3,3.5,36.8,-0.18,-0.11,0.95,synthetic_demo_feed
mh_ltr_ausa,2025-05-20,0.0,35.4,23.5,52.4,4.6,107.1,225.1,4.0,26.9,-0.18,-0.11,0.95,synthetic_demo_feed
mh_ltr_ausa,2025-05-21,0.0,33.6,23.6,47.4,4.7,96.8,242.0,4.1,25.4,-0.18,-0.11,0.95,synthetic_demo_feed
mh_ltr_ausa,2025-05-22,0.0,35.1,23.8,55.4,3.8,100.6,223.8,3.3,30.5,-0.18,-0.11,0.95,synthetic_demo_feed
mh_ltr_ausa,2025-05-23,0.0,32.9,22.4,59.3,4.1,129.5,252.2,3.6,33.0,-0.18,-0.11,0.95,synthetic_demo_feed
mh_ltr_ausa,2025-05-24,0.0,33.8,22.6,48.9,5.5,86.0,223.5,4.8,37.2,-0.18,-0.11,0.95,synthetic_demo_feed
mh_ltr_ausa,2025-05-25,0.0,32.9,22.1,41.6,5.2,84.5,229.8,4.5,28.1,-0.18,-0.11,0.95,synthetic_demo_feed
mh_ltr_ausa,2025-05-26,0.0,32.8,22.4,45.3,4.3,90.1,228.5,3.7,23.0,-0.18,-0.11,0.95,synthetic_demo_feed
mh_ltr_ausa,2025-05-27,0.0,33.7,22.6,50.2,4.1,134.5,233.6,3.6,36.1,-0.18,-0.11,0.95,synthetic_demo_feed
mh_ltr_ausa,2025-05-28,2.9,33.7,23.6,49.7,5.8,102.6,254.7,5.0,23.7,-0.18,-0.11,0.95,synthetic_demo_feed
mh_ltr_ausa,2025-05-29,0.0,32.7,22.8,53.1,5.1,137.5,233.1,4.4,33.0,-0.18,-0.11,0.95,synthetic_demo_feed
mh_ltr_ausa,2025-05-30,0.0,32.6,22.6,56.9,5.3,110.1,221.5,4.6,28.3,-0.18,-0.11,0.95,synthetic_demo_feed
mh_ltr_ausa,2025-05-31,0.0,35.0,23.3,56.5,4.3,127.8,227.8,3.7,24.6,-0.18,-0.11,0.95,synthetic_demo_feed
mh_ltr_ausa,2025-06-01,12.2,32.8,23.4,66.9,10.5,219.2,191.9,9.1,46.1,-0.18,-0.11,0.95,synthetic_demo_feed
mh_ltr_ausa,2025-06-02,0.0,35.4,23.4,83.3,12.2,240.0,195.5,10.6,62.1,-0.18,-0.11,0.95,synthetic_demo_feed
mh_ltr_ausa,2025-06-03,0.0,34.6,23.2,83.7,8.2,237.3,189.2,7.1,74.9,-0.18,-0.11,0.95,synthetic_demo_feed
mh_ltr_ausa,2025-06-04,4.1,33.5,23.2,67.3,10.3,228.6,214.5,9.0,56.9,-0.18,-0.11,0.95,synthetic_demo_feed
mh_ltr_ausa,2025-06-05,8.7,33.1,22.8,70.7,9.2,215.5,184.7,8.0,63.0,-0.18,-0.11,0.95,synthetic_demo_feed
mh_ltr_ausa,2025-06-06,0.0,33.8,23.5,65.1,9.5,240.3,218.1,8.3,50.2,-0.18,-0.11,0.95,synthetic_demo_feed
mh_ltr_ausa,2025-06-07,0.0,35.1,23.9,71.4,9.4,219.3,200.4,8.2,45.3,-0.18,-0.11,0.95,synthetic_demo_feed
mh_ltr_ausa,2025-06-08,32.1,28.6,23.4,87.6,11.3,234.9,172.9,9.8,56.0,-0.18,-0.11,0.95,synthetic_demo_feed
mh_ltr_ausa,2025-06-09,14.1,31.4,22.2,93.3,12.6,222.5,174.3,11.0,62.0,-0.18,-0.11,0.95,synthetic_demo_feed
mh_ltr_ausa,2025-06-10,35.9,28.2,22.1,90.4,11.2,216.5,173.2,9.7,68.0,-0.18,-0.11,0.95,synthetic_demo_feed
mh_ltr_ausa,2025-06-11,14.1,33.1,22.5,81.3,14.8,213.5,161.6,12.9,74.0,-0.18,-0.11,0.95,synthetic_demo_feed
mh_ltr_ausa,2025-06-12,20.6,31.1,22.0,90.6,13.8,218.8,178.0,12.0,80.0,-0.18,-0.11,0.95,synthetic_demo_feed
mh_ltr_ausa,2025-06-13,0.0,35.1,23.4,76.3,9.8,217.7,214.5,8.5,59.8,-0.18,-0.11,0.95,synthetic_demo_feed
mh_ltr_ausa,2025-06-14,13.8,33.2,23.4,72.0,12.1,210.2,216.3,10.5,48.9,-0.18,-0.11,0.95,synthetic_demo_feed
mh_ltr_ausa,2025-06-15,11.3,31.8,22.5,79.6,8.6,225.4,201.6,7.5,61.7,-0.18,-0.11,0.95,synthetic_demo_feed
mh_ltr_ausa,2025-06-16,19.5,30.9,22.1,75.5,11.7,225.5,198.1,10.2,71.0,-0.18,-0.11,0.95,synthetic_demo_feed
mh_ltr_ausa,2025-06-17,9.8,32.4,23.3,86.4,11.8,243.7,218.2,10.3,69.0,-0.18,-0.11,0.95,synthetic_demo_feed
mh_ltr_ausa,2025-06-18,0.0,33.0,23.2,70.4,9.9,226.8,205.6,8.6,51.8,-0.18,-0.11,0.95,synthetic_demo_feed
mh_ltr_ausa,2025-06-19,0.0,35.4,24.0,82.4,9.2,223.6,209.0,8.0,60.0,-0.18,-0.11,0.95,synthetic_demo_feed
mh_ltr_ausa,2025-06-20,0.0,33.4,23.7,77.3,9.0,227.6,192.1,7.8,46.3,-0.18,-0.11,0.95,synthetic_demo_feed
mh_ltr_ausa,2025-06-21,0.0,35.1,23.7,87.8,10.2,216.5,213.7,8.9,56.6,-0.18,-0.11,0.95,synthetic_demo_feed
mh_ltr_ausa,2025-06-22,15.9,32.8,23.6,73.3,12.1,226.5,213.9,10.5,62.4,-0.18,-0.11,0.95,synthetic_demo_feed
mh_ltr_ausa,2025-06-23,4.9,33.1,22.6,75.9,12.6,239.7,199.4,11.0,54.2,-0.18,-0.11,0.95,synthetic_demo_feed
mh_ltr_ausa,2025-06-24,12.9,32.3,22.6,68.5,11.6,223.5,200.5,10.1,56.6,-0.18,-0.11,0.95,synthetic_demo_feed
mh_ltr_ausa,2025-06-25,0.0,33.3,23.4,78.3,11.4,231.1,207.2,9.9,63.3,-0.18,-0.11,0.95,synthetic_demo_feed
mh_ltr_ausa,2025-06-26,11.9,33.5,23.9,78.6,9.4,238.7,213.7,8.2,62.9,-0.18,-0.11,0.95,synthetic_demo_feed
mh_ltr_ausa,2025-06-27,7.4,33.7,22.9,77.6,9.5,227.6,185.3,8.3,46.0,-0.18,-0.11,0.95,synthetic_demo_feed
mh_ltr_ausa,2025-06-28,0.0,34.2,23.7,82.4,9.9,215.8,203.8,8.6,51.2,-0.18,-0.11,0.95,synthetic_demo_feed
mh_ltr_ausa,2025-06-29,13.0,32.6,22.2,82.5,11.4,247.9,187.3,9.9,58.3,-0.18,-0.11,0.95,synthetic_demo_feed
mh_ltr_ausa,2025-06-30,0.0,33.1,23.6,77.7,8.2,226.3,219.5,7.1,57.6,-0.18,-0.11,0.95,synthetic_demo_feed
mh_ltr_ausa,2025-07-01,0.0,34.6,23.6,69.6,8.4,212.1,206.1,7.3,52.0,-0.18,-0.11,0.95,synthetic_demo_feed
mh_ltr_ausa,2025-07-02,16.4,32.5,23.8,73.7,8.7,243.4,217.2,7.6,68.6,-0.18,-0.11,0.95,synthetic_demo_feed
mh_ltr_ausa,2025-07-03,0.0,35.3,22.8,70.9,12.5,223.8,195.1,10.9,51.8,-0.18,-0.11,0.95,synthetic_demo_feed
mh_ltr_ausa,2025-07-04,10.2,31.2,23.0,82.9,9.5,219.7,201.5,8.3,63.0,-0.18,-0.11,0.95,synthetic_demo_feed
mh_ltr_ausa,2025-07-05,0.0,34.1,23.7,84.8,11.5,223.5,181.9,10.0,52.9,-0.18,-0.11,0.95,synthetic_demo_feed
mh_ltr_ausa,2025-07-06,0.0,34.4,23.5,67.5,9.2,230.8,211.2,8.0,73.9,-0.18,-0.11,0.95,synthetic_demo_feed
mh_ltr_ausa,2025-07-07,6.3,32.5,23.9,68.3,9.1,226.4,194.0,7.9,69.1,-0.18,-0.11,0.95,synthetic_demo_feed
mh_ltr_ausa,2025-07-08,0.0,35.1,23.9,83.4,9.3,232.0,218.8,8.1,59.4,-0.18,-0.11,0.95,synthetic_demo_feed
mh_ltr_ausa,2025-07-09,0.0,34.7,23.9,80.6,9.5,216.8,197.9,8.3,46.3,-0.18,-0.11,0.95,synthetic_demo_feed
mh_ltr_ausa,2025-07-10,4.2,34.6,23.1,67.1,12.2,248.6,199.2,10.6,74.1,-0.18,-0.11,0.95,synthetic_demo_feed
mh_ltr_ausa,2025-07-11,0.0,33.9,23.0,80.2,11.5,229.4,218.1,10.0,61.2,-0.18,-0.11,0.95,synthetic_demo_feed
mh_ltr_ausa,2025-07-12,0.0,34.9,23.6,83.3,8.5,232.7,200.8,7.4,47.3,-0.18,-0.11,0.95,synthetic_demo_feed
mh_ltr_ausa,2025-07-13,0.0,33.7,22.6,75.9,11.7,227.1,186.9,10.2,65.0,-0.18,-0.11,0.95,synthetic_demo_feed
mh_ltr_ausa,2025-07-14,19.6,29.8,22.1,75.8,10.1,231.1,201.7,8.8,45.6,-0.18,-0.11,0.95,synthetic_demo_feed
mh_ltr_ausa,2025-07-15,17.9,31.8,22.0,80.7,7.6,238.9,186.0,6.6,66.9,-0.18,-0.11,0.95,synthetic_demo_feed
mh_ltr_ausa,2025-07-16,0.0,34.0,22.3,66.5,12.4,244.6,191.9,10.8,53.3,-0.18,-0.11,0.95,synthetic_demo_feed
mh_ltr_ausa,2025-07-17,22.0,31.4,23.6,85.1,9.7,224.2,190.8,8.4,54.6,-0.18,-0.11,0.95,synthetic_demo_feed
mh_ltr_ausa,2025-07-18,17.8,32.0,22.1,84.0,8.9,231.4,197.9,7.7,51.9,-0.18,-0.11,0.95,synthetic_demo_feed
mh_ltr_ausa,2025-07-19,0.0,32.5,23.9,86.6,10.2,230.3,191.7,8.9,50.7,-0.18,-0.11,0.95,synthetic_demo_feed
mh_ltr_ausa,2025-07-20,0.4,34.0,23.3,45.5,4.8,105.6,257.6,4.2,55.5,-0.18,-0.11,0.95,synthetic_demo_feed
mh_ltr_ausa,2025-07-21,0.6,32.9,22.3,57.6,3.8,109.1,256.6,3.3,51.0,-0.18,-0.11,0.95,synthetic_demo_feed
mh_ltr_ausa,2025-07-22,0.2,34.3,22.9,53.3,3.9,85.7,251.6,3.4,46.5,-0.18,-0.11,0.95,synthetic_demo_feed
mh_ltr_ausa,2025-07-23,0.0,35.0,23.0,51.7,4.1,87.9,237.7,3.6,42.0,-0.18,-0.11,0.95,synthetic_demo_feed
mh_ltr_ausa,2025-07-24,0.5,35.0,22.3,42.7,4.5,123.4,243.8,3.9,37.5,-0.18,-0.11,0.95,synthetic_demo_feed
mh_ltr_ausa,2025-07-25,0.3,33.8,22.0,57.5,4.9,96.1,241.0,4.3,33.0,-0.18,-0.11,0.95,synthetic_demo_feed
mh_ltr_ausa,2025-07-26,0.5,32.9,23.8,47.4,4.3,100.6,239.9,3.7,28.5,-0.18,-0.11,0.95,synthetic_demo_feed
mh_ltr_ausa,2025-07-27,0.8,32.8,22.9,47.2,3.9,92.7,250.8,3.4,24.0,-0.18,-0.11,0.95,synthetic_demo_feed
mh_ltr_ausa,2025-07-28,0.5,32.5,23.6,44.6,3.7,100.1,246.1,3.2,20.0,-0.18,-0.11,0.95,synthetic_demo_feed
mh_ltr_ausa,2025-07-29,0.0,35.2,22.6,87.9,12.0,242.4,192.1,10.4,73.9,-0.18,-0.11,0.95,synthetic_demo_feed
mh_ltr_ausa,2025-07-30,0.0,34.1,23.1,68.0,8.3,237.7,203.3,7.2,63.0,-0.18,-0.11,0.95,synthetic_demo_feed
mh_ltr_ausa,2025-07-31,17.2,30.6,23.8,86.0,12.5,227.4,218.1,10.9,66.8,-0.18,-0.11,0.95,synthetic_demo_feed
mh_ltr_ausa,2025-08-01,0.0,33.4,23.3,70.9,12.1,223.7,199.2,10.5,50.7,-0.18,-0.11,0.95,synthetic_demo_feed
mh_ltr_ausa,2025-08-02,22.7,30.5,22.7,87.4,8.3,226.2,200.8,7.2,56.3,-0.18,-0.11,0.95,synthetic_demo_feed
mh_ltr_ausa,2025-08-03,0.0,35.0,23.2,84.9,12.1,232.9,192.3,10.5,64.4,-0.18,-0.11,0.95,synthetic_demo_feed
mh_ltr_ausa,2025-08-04,0.0,32.9,22.9,79.9,12.3,244.6,189.1,10.7,64.2,-0.18,-0.11,0.95,synthetic_demo_feed
mh_ltr_ausa,2025-08-05,0.0,32.7,23.4,78.1,11.2,229.3,205.1,9.7,45.3,-0.18,-0.11,0.95,synthetic_demo_feed
mh_ltr_ausa,2025-08-06,0.0,35.4,23.7,74.3,12.1,215.0,185.1,10.5,65.8,-0.18,-0.11,0.95,synthetic_demo_feed
mh_ltr_ausa,2025-08-07,6.0,33.9,23.4,78.8,9.7,220.7,181.3,8.4,46.6,-0.18,-0.11,0.95,synthetic_demo_feed
mh_ltr_ausa,2025-08-08,0.0,33.2,23.9,80.6,12.2,214.5,219.0,10.6,49.4,-0.18,-0.11,0.95,synthetic_demo_feed
mh_ltr_ausa,2025-08-09,0.0,35.4,22.7,86.0,9.5,232.9,212.8,8.3,52.8,-0.18,-0.11,0.95,synthetic_demo_feed
mh_ltr_ausa,2025-08-10,0.0,34.3,22.4,77.0,10.8,249.2,215.2,9.4,48.8,-0.18,-0.11,0.95,synthetic_demo_feed
mh_ltr_ausa,2025-08-11,0.0,34.2,23.3,83.4,8.9,243.4,219.4,7.7,49.9,-0.18,-0.11,0.95,synthetic_demo_feed
mh_ltr_ausa,2025-08-12,0.0,34.6,23.6,74.6,9.2,241.9,205.9,8.0,57.5,-0.18,-0.11,0.95,synthetic_demo_feed
mh_ltr_ausa,2025-08-13,10.4,33.7,23.5,68.9,7.6,228.6,214.5,6.6,57.9,-0.18,-0.11,0.95,synthetic_demo_feed
mh_ltr_ausa,2025-08-14,0.0,34.2,23.1,81.6,7.5,238.1,196.1,6.5,49.3,-0.18,-0.11,0.95,synthetic_demo_feed
mh_ltr_ausa,2025-08-15,0.0,34.4,22.6,74.4,11.8,228.1,197.3,10.3,70.9,-0.18,-0.11,0.95,synthetic_demo_feed
mh_ltr_ausa,2025-08-16,0.0,32.7,23.8,72.3,11.2,217.0,213.7,9.7,64.8,-0.18,-0.11,0.95,synthetic_demo_feed
mh_ltr_ausa,2025-08-17,11.5,32.1,23.9,81.2,8.2,242.5,199.7,7.1,46.8,-0.18,-0.11,0.95,synthetic_demo_feed
mh_ltr_ausa,2025-08-18,15.3,32.0,22.6,70.3,9.1,244.1,204.9,7.9,62.2,-0.18,-0.11,0.95,synthetic_demo_feed
mh_ltr_ausa,2025-08-19,0.0,33.0,22.9,83.2,12.0,237.8,206.9,10.4,65.7,-0.18,-0.11,0.95,synthetic_demo_feed
mh_ltr_ausa,2025-08-20,7.0,31.5,23.0,67.3,11.7,221.1,213.1,10.2,51.6,-0.18,-0.11,0.95,synthetic_demo_feed
mh_ltr_ausa,2025-08-21,22.7,29.4,22.4,87.7,7.7,221.7,207.2,6.7,57.7,-0.18,-0.11,0.95,synthetic_demo_feed
mh_ltr_ausa,2025-08-22,0.0,35.0,22.3,77.4,10.8,219.7,190.1,9.4,50.7,-0.18,-0.11,0.95,synthetic_demo_feed
mh_ltr_ausa,2025-08-23,9.8,31.3,22.1,70.7,7.7,238.3,182.9,6.7,49.0,-0.18,-0.11,0.95,synthetic_demo_feed
mh_ltr_ausa,2025-08-24,10.5,31.7,24.0,83.5,10.0,212.1,201.4,8.7,73.7,-0.18,-0.11,0.95,synthetic_demo_feed
mh_ltr_ausa,2025-08-25,22.6,29.3,23.2,86.8,10.9,216.3,212.7,9.5,56.8,-0.18,-0.11,0.95,synthetic_demo_feed
mh_ltr_ausa,2025-08-26,0.0,32.6,23.0,70.3,8.2,230.7,214.2,7.1,69.0,-0.18,-0.11,0.95,synthetic_demo_feed
mh_ltr_ausa,2025-08-27,0.0,35.2,22.7,81.9,11.7,239.7,213.8,10.2,71.6,-0.18,-0.11,0.95,synthetic_demo_feed
mh_ltr_ausa,2025-08-28,0.0,34.3,23.7,86.4,12.4,214.4,192.4,10.8,74.2,-0.18,-0.11,0.95,synthetic_demo_feed
mh_ltr_ausa,2025-08-29,0.0,35.3,22.9,76.4,9.1,219.2,214.3,7.9,48.6,-0.18,-0.11,0.95,synthetic_demo_feed
mh_ltr_ausa,2025-08-30,0.0,35.0,22.9,71.4,8.2,239.8,205.3,7.1,52.4,-0.18,-0.11,0.95,synthetic_demo_feed
mh_ltr_ausa,2025-08-31,21.7,31.4,22.5,80.1,12.0,215.3,206.9,10.4,71.8,-0.18,-0.11,0.95,synthetic_demo_feed
mh_ltr_ausa,2025-09-01,0.0,33.0,22.6,66.7,9.8,232.5,180.0,8.5,46.2,-0.18,-0.11,0.95,synthetic_demo_feed
mh_ltr_ausa,2025-09-02,20.7,30.3,23.4,75.2,9.7,237.7,206.7,8.4,71.3,-0.18,-0.11,0.95,synthetic_demo_feed
mh_ltr_ausa,2025-09-03,23.0,29.3,22.6,78.6,11.4,240.2,200.2,9.9,48.3,-0.18,-0.11,0.95,synthetic_demo_feed
mh_ltr_ausa,2025-09-04,0.0,34.0,23.0,78.8,11.3,213.9,214.0,9.8,59.6,-0.18,-0.11,0.95,synthetic_demo_feed
mh_ltr_ausa,2025-09-05,0.0,33.7,22.5,85.6,11.6,230.9,181.5,10.1,64.7,-0.18,-0.11,0.95,synthetic_demo_feed
mh_ltr_ausa,2025-09-06,13.9,31.5,22.8,67.0,11.3,233.8,208.3,9.8,69.5,-0.18,-0.11,0.95,synthetic_demo_feed
mh_ltr_ausa,2025-09-07,0.0,34.8,23.1,73.8,10.9,216.4,205.1,9.5,74.8,-0.18,-0.11,0.95,synthetic_demo_feed
mh_ltr_ausa,2025-09-08,0.0,33.0,22.0,86.8,7.6,235.5,201.0,6.6,66.4,-0.18,-0.11,0.95,synthetic_demo_feed
mh_ltr_ausa,2025-09-09,0.0,33.1,22.4,71.7,12.3,226.8,206.9,10.7,49.6,-0.18,-0.11,0.95,synthetic_demo_feed
mh_ltr_ausa,2025-09-10,14.1,30.5,22.8,65.7,11.2,227.7,209.1,9.7,61.0,-0.18,-0.11,0.95,synthetic_demo_feed
mh_ltr_ausa,2025-09-11,0.0,34.4,22.7,87.7,10.5,221.4,210.4,9.1,56.1,-0.18,-0.11,0.95,synthetic_demo_feed
mh_ltr_ausa,2025-09-12,0.0,34.2,23.9,71.0,12.1,225.2,196.5,10.5,59.4,-0.18,-0.11,0.95,synthetic_demo_feed
mh_ltr_ausa,2025-09-13,0.0,34.0,22.2,85.0,9.4,227.0,196.7,8.2,55.1,-0.18,-0.11,0.95,synthetic_demo_feed
mh_ltr_ausa,2025-09-14,3.5,32.9,23.9,83.9,11.6,213.6,206.8,10.1,51.2,-0.18,-0.11,0.95,synthetic_demo_feed
mh_ltr_ausa,2025-09-15,16.6,30.4,23.1,68.4,10.5,248.5,197.6,9.1,66.6,-0.18,-0.11,0.95,synthetic_demo_feed
mh_ltr_ausa,2025-09-16,19.6,30.3,23.4,81.2,11.5,214.0,188.6,10.0,59.5,-0.18,-0.11,0.95,synthetic_demo_feed
mh_ltr_ausa,2025-09-17,0.0,32.8,22.6,83.0,8.0,229.2,202.3,7.0,70.2,-0.18,-0.11,0.95,synthetic_demo_feed
mh_ltr_ausa,2025-09-18,21.7,31.7,22.7,68.2,10.9,211.0,185.7,9.5,56.2,-0.18,-0.11,0.95,synthetic_demo_feed
mh_ltr_ausa,2025-09-19,10.2,33.0,23.2,87.9,7.6,232.0,203.6,6.6,66.6,-0.18,-0.11,0.95,synthetic_demo_feed
mh_ltr_ausa,2025-09-20,21.5,30.2,22.2,77.0,9.9,218.6,196.1,8.6,59.3,-0.18,-0.11,0.95,synthetic_demo_feed
mh_ltr_ausa,2025-09-21,20.4,29.5,22.2,82.8,10.2,218.9,191.3,8.9,46.8,-0.18,-0.11,0.95,synthetic_demo_feed
mh_ltr_ausa,2025-09-22,9.4,31.9,22.9,76.3,12.5,232.7,217.5,10.9,74.2,-0.18,-0.11,0.95,synthetic_demo_feed
mh_ltr_ausa,2025-09-23,0.0,34.0,23.0,74.5,12.6,217.8,196.5,11.0,56.6,-0.18,-0.11,0.95,synthetic_demo_feed
mh_ltr_ausa,2025-09-24,16.1,32.0,22.1,68.6,8.3,216.6,195.1,7.2,68.3,-0.18,-0.11,0.95,synthetic_demo_feed
mh_ltr_ausa,2025-09-25,5.4,33.0,23.7,73.6,9.0,248.1,215.9,7.8,67.3,-0.18,-0.11,0.95,synthetic_demo_feed
mh_ltr_ausa,2025-09-26,4.3,34.6,23.7,66.0,10.3,216.6,194.8,9.0,52.9,-0.18,-0.11,0.95,synthetic_demo_feed
mh_ltr_ausa,2025-09-27,0.0,32.6,23.1,66.6,7.6,214.6,215.3,6.6,57.1,-0.18,-0.11,0.95,synthetic_demo_feed
mh_ltr_ausa,2025-09-28,15.5,32.0,23.2,82.7,10.3,225.3,199.5,9.0,59.6,-0.18,-0.11,0.95,synthetic_demo_feed
mh_ltr_ausa,2025-09-29,4.4,34.3,23.7,72.4,9.5,222.1,185.6,8.3,61.5,-0.18,-0.11,0.95,synthetic_demo_feed
mh_ltr_ausa,2025-09-30,5.8,33.3,22.8,77.8,8.9,239.0,212.0,7.7,52.5,-0.18,-0.11,0.95,synthetic_demo_feed
mh_ltr_ausa,2025-10-01,0.0,35.3,23.7,46.0,5.1,132.3,236.2,4.4,22.7,-0.18,-0.11,0.95,synthetic_demo_feed
mh_ltr_ausa,2025-10-02,0.0,34.9,23.8,53.6,4.0,127.3,221.1,3.5,32.1,-0.18,-0.11,0.95,synthetic_demo_feed
mh_ltr_ausa,2025-10-03,0.0,33.3,23.9,40.1,5.4,127.3,228.7,4.7,23.4,-0.18,-0.11,0.95,synthetic_demo_feed
mh_ltr_ausa,2025-10-04,0.0,34.9,23.2,56.6,6.0,124.0,239.9,5.2,35.0,-0.18,-0.11,0.95,synthetic_demo_feed
mh_ltr_ausa,2025-10-05,0.0,34.7,22.8,52.0,5.8,113.1,233.2,5.0,36.2,-0.18,-0.11,0.95,synthetic_demo_feed
mh_ltr_ausa,2025-10-06,0.0,32.8,23.5,44.4,6.8,110.9,230.1,5.9,23.3,-0.18,-0.11,0.95,synthetic_demo_feed
mh_ltr_ausa,2025-10-07,4.3,32.9,22.2,46.2,5.6,122.2,249.9,4.9,37.2,-0.18,-0.11,0.95,synthetic_demo_feed
mh_ltr_ausa,2025-10-08,0.0,33.4,22.1,51.7,4.9,101.7,242.3,4.3,22.0,-0.18,-0.11,0.95,synthetic_demo_feed
mh_ltr_ausa,2025-10-09,3.7,32.8,23.6,58.1,6.2,107.5,247.7,5.4,29.3,-0.18,-0.11,0.95,synthetic_demo_feed
mh_ltr_ausa,2025-10-10,0.0,35.2,22.5,56.2,3.8,108.4,220.8,3.3,27.7,-0.18,-0.11,0.95,synthetic_demo_feed
mh_ltr_ausa,2025-10-11,0.0,34.9,22.9,59.5,4.6,96.1,225.3,4.0,31.6,-0.18,-0.11,0.95,synthetic_demo_feed
mh_ltr_ausa,2025-10-12,0.0,34.2,23.8,45.3,6.7,111.5,250.0,5.8,31.9,-0.18,-0.11,0.95,synthetic_demo_feed
mh_ltr_ausa,2025-10-13,4.7,34.8,22.6,44.6,3.8,91.1,228.6,3.3,34.0,-0.18,-0.11,0.95,synthetic_demo_feed
mh_ltr_ausa,2025-10-14,0.0,33.0,23.5,56.7,3.7,107.1,253.7,3.2,22.3,-0.18,-0.11,0.95,synthetic_demo_feed
mh_ltr_ausa,2025-10-15,0.0,35.3,22.5,40.9,5.6,121.1,222.3,4.9,29.8,-0.18,-0.11,0.95,synthetic_demo_feed
mh_ltr_ausa,2025-10-16,0.1,32.8,22.6,46.6,4.8,103.8,238.7,4.2,28.5,-0.18,-0.11,0.95,synthetic_demo_feed
mh_ltr_ausa,2025-10-17,0.0,33.7,23.2,48.8,3.7,132.6,230.1,3.2,37.2,-0.18,-0.11,0.95,synthetic_demo_feed
mh_ltr_ausa,2025-10-18,0.0,33.3,22.1,50.4,5.5,80.7,242.2,4.8,26.3,-0.18,-0.11,0.95,synthetic_demo_feed
mh_ltr_ausa,2025-10-19,0.0,33.9,22.9,59.8,3.8,125.2,234.2,3.3,36.7,-0.18,-0.11,0.95,synthetic_demo_feed
mh_ltr_ausa,2025-10-20,0.0,34.2,22.6,44.4,6.1,91.8,253.2,5.3,29.7,-0.18,-0.11,0.95,synthetic_demo_feed
mh_ltr_ausa,2025-10-21,0.0,35.2,22.9,50.6,3.6,114.4,254.7,3.1,23.8,-0.18,-0.11,0.95,synthetic_demo_feed
mh_ltr_ausa,2025-10-22,0.0,35.3,22.5,45.6,6.9,97.6,249.1,6.0,22.4,-0.18,-0.11,0.95,synthetic_demo_feed
mh_ltr_ausa,2025-10-23,0.0,33.2,22.5,51.8,4.6,119.7,248.4,4.0,29.2,-0.18,-0.11,0.95,synthetic_demo_feed
mh_ltr_ausa,2025-10-24,0.0,35.3,22.5,54.0,4.8,139.1,239.8,4.2,27.5,-0.18,-0.11,0.95,synthetic_demo_feed
mh_ltr_ausa,2025-10-25,0.0,35.2,23.8,54.5,6.3,125.4,243.8,5.5,27.8,-0.18,-0.11,0.95,synthetic_demo_feed
mh_ltr_ausa,2025-10-26,0.0,35.4,22.4,43.6,5.5,103.2,244.3,4.8,32.0,-0.18,-0.11,0.95,synthetic_demo_feed
mh_ltr_ausa,2025-10-27,3.7,32.6,23.1,44.7,6.3,98.2,236.7,5.5,37.9,-0.18,-0.11,0.95,synthetic_demo_feed
mh_ltr_ausa,2025-10-28,0.0,35.3,22.4,49.9,4.4,124.8,252.0,3.8,33.6,-0.18,-0.11,0.95,synthetic_demo_feed
mh_ltr_ausa,2025-10-29,0.0,33.2,23.2,57.2,5.3,131.9,232.2,4.6,37.5,-0.18,-0.11,0.95,synthetic_demo_feed
mh_ltr_ausa,2025-10-30,0.0,35.5,23.9,41.8,5.1,96.4,233.6,4.4,33.2,-0.18,-0.11,0.95,synthetic_demo_feed
mh_ltr_ausa,2025-10-31,0.0,35.3,22.9,58.3,6.1,101.9,224.4,5.3,28.2,-0.18,-0.11,0.95,synthetic_demo_feed
mp_seh_ashta,2023-05-01,0.0,32.9,22.0,57.6,3.9,121.8,236.2,3.4,23.9,0.23,-0.14,1.63,synthetic_demo_feed
mp_seh_ashta,2023-05-02,0.0,33.4,22.4,47.4,6.7,115.6,241.4,5.8,26.2,0.23,-0.14,1.63,synthetic_demo_feed
mp_seh_ashta,2023-05-03,0.0,34.4,22.7,45.9,3.8,80.3,235.7,3.3,37.6,0.23,-0.14,1.63,synthetic_demo_feed
mp_seh_ashta,2023-05-04,0.0,35.0,22.2,53.2,4.3,112.5,241.0,3.7,29.6,0.23,-0.14,1.63,synthetic_demo_feed
mp_seh_ashta,2023-05-05,0.0,34.3,23.7,43.0,5.4,83.3,253.4,4.7,27.2,0.23,-0.14,1.63,synthetic_demo_feed
mp_seh_ashta,2023-05-06,4.6,34.7,23.6,41.0,3.7,120.0,233.6,3.2,23.3,0.23,-0.14,1.63,synthetic_demo_feed
mp_seh_ashta,2023-05-07,0.0,34.3,22.4,41.5,4.6,95.5,222.9,4.0,23.1,0.23,-0.14,1.63,synthetic_demo_feed
mp_seh_ashta,2023-05-08,0.0,32.8,22.5,50.3,5.6,82.8,247.0,4.9,24.2,0.23,-0.14,1.63,synthetic_demo_feed
mp_seh_ashta,2023-05-09,0.0,34.5,22.8,43.9,5.8,114.4,237.9,5.0,35.7,0.23,-0.14,1.63,synthetic_demo_feed
mp_seh_ashta,2023-05-10,3.4,33.4,22.4,56.4,6.6,135.9,253.3,5.7,35.6,0.23,-0.14,1.63,synthetic_demo_feed
mp_seh_ashta,2023-05-11,1.3,33.7,23.3,53.5,3.9,117.7,229.2,3.4,37.1,0.23,-0.14,1.63,synthetic_demo_feed
mp_seh_ashta,2023-05-12,0.0,34.3,22.3,46.3,4.7,84.3,251.5,4.1,28.7,0.23,-0.14,1.63,synthetic_demo_feed
mp_seh_ashta,2023-05-13,0.0,32.7,23.5,40.4,6.4,103.9,239.1,5.6,25.4,0.23,-0.14,1.63,synthetic_demo_feed
mp_seh_ashta,2023-05-14,0.0,33.2,22.1,52.6,3.7,91.4,236.8,3.2,37.6,0.23,-0.14,1.63,synthetic_demo_feed
mp_seh_ashta,2023-05-15,0.0,33.1,23.8,52.2,5.6,116.6,224.1,4.9,28.8,0.23,-0.14,1.63,synthetic_demo_feed
mp_seh_ashta,2023-05-16,4.2,33.6,22.1,44.9,3.4,114.3,235.2,3.0,25.6,0.23,-0.14,1.63,synthetic_demo_feed
mp_seh_ashta,2023-05-17,0.0,35.2,23.3,55.8,4.6,104.1,226.3,4.0,30.5,0.23,-0.14,1.63,synthetic_demo_feed
mp_seh_ashta,2023-05-18,0.0,33.3,23.7,52.1,4.7,114.1,223.6,4.1,29.4,0.23,-0.14,1.63,synthetic_demo_feed
mp_seh_ashta,2023-05-19,0.0,34.8,22.5,43.7,4.1,121.0,225.8,3.6,31.8,0.23,-0.14,1.63,synthetic_demo_feed
mp_seh_ashta,2023-05-20,0.0,34.6,23.1,54.9,6.2,110.4,253.7,5.4,28.9,0.23,-0.14,1.63,synthetic_demo_feed
mp_seh_ashta,2023-05-21,0.0,32.6,22.5,55.7,3.7,116.3,250.9,3.2,25.6,0.23,-0.14,1.63,synthetic_demo_feed
mp_seh_ashta,2023-05-22,0.0,34.6,23.2,41.7,5.2,119.6,231.2,4.5,27.3,0.23,-0.14,1.63,synthetic_demo_feed
mp_seh_ashta,2023-05-23,0.0,33.9,23.0,54.0,6.6,116.6,247.0,5.7,24.7,0.23,-0.14,1.63,synthetic_demo_feed
mp_seh_ashta,2023-05-24,0.0,33.3,22.8,43.0,3.8,94.1,232.5,3.3,33.4,0.23,-0.14,1.63,synthetic_demo_feed
mp_seh_ashta,2023-05-25,0.0,32.6,22.3,59.3,6.6,99.4,234.4,5.7,28.3,0.23,-0.14,1.63,synthetic_demo_feed
mp_seh_ashta,2023-05-26,0.0,34.4,23.1,52.4,3.4,109.4,238.7,3.0,27.5,0.23,-0.14,1.63,synthetic_demo_feed
mp_seh_ashta,2023-05-27,0.0,35.0,24.0,55.9,6.8,131.2,245.3,5.9,25.1,0.23,-0.14,1.63,synthetic_demo_feed
mp_seh_ashta,2023-05-28,0.0,34.7,22.5,52.9,5.4,85.1,232.1,4.7,24.3,0.23,-0.14,1.63,synthetic_demo_feed
mp_seh_ashta,2023-05-29,3.4,33.6,22.3,49.1,6.8,101.3,254.6,5.9,25.5,0.23,-0.14,1.63,synthetic_demo_feed
mp_seh_ashta,2023-05-30,0.0,34.2,23.5,42.1,4.9,89.6,236.2,4.3,27.8,0.23,-0.14,1.63,synthetic_demo_feed
mp_seh_ashta,2023-05-31,0.0,32.6,23.9,47.2,5.3,122.0,247.9,4.6,37.3,0.23,-0.14,1.63,synthetic_demo_feed
mp_seh_ashta,2023-06-01,0.0,33.9,23.9,79.7,8.7,243.5,186.6,7.6,49.2,0.23,-0.14,1.63,synthetic_demo_feed
mp_seh_ashta,2023-06-02,5.0,32.3,22.9,77.0,11.0,238.7,215.5,9.6,51.1,0.23,-0.14,1.63,synthetic_demo_feed
mp_seh_ashta,2023-06-03,0.0,33.9,22.0,73.0,9.0,234.7,210.5,7.8,50.5,0.23,-0.14,1.63,synthetic_demo_feed
mp_seh_ashta,2023-06-04,0.0,32.7,23.4,75.8,8.2,216.4,202.0,7.1,69.9,0.23,-0.14,1.63,synthetic_demo_feed
mp_seh_ashta,2023-06-05,0.0,33.0,23.5,79.5,12.1,223.1,197.2,10.5,54.8,0.23,-0.14,1.63,synthetic_demo_feed
mp_seh_ashta,2023-06-06,17.9,30.2,22.6,85.4,12.4,231.5,180.8,10.8,46.0,0.23,-0.14,1.63,synthetic_demo_feed
mp_seh_ashta,2023-06-07,5.4,32.9,24.0,80.9,8.4,215.4,197.2,7.3,45.4,0.23,-0.14,1.63,synthetic_demo_feed
mp_seh_ashta,2023-06-08,18.3,29.8,23.8,87.9,14.5,236.8,161.3,12.6,56.0,0.23,-0.14,1.63,synthetic_demo_feed
mp_seh_ashta,2023-06-09,29.8,29.4,23.6,83.0,13.8,233.0,190.7,12.0,62.0,0.23,-0.14,1.63,synthetic_demo_feed
mp_seh_ashta,2023-06-10,37.5,27.0,23.2,94.4,10.7,244.8,186.9,9.3,68.0,0.23,-0.14,1.63,synthetic_demo_feed
mp_seh_ashta,2023-06-11,30.4,29.2,22.8,93.5,12.4,232.3,167.7,10.8,74.0,0.23,-0.14,1.63,synthetic_demo_feed
mp_seh_ashta,2023-06-12,30.9,28.6,22.6,92.9,11.4,220.1,170.7,9.9,80.0,0.23,-0.14,1.63,synthetic_demo_feed
mp_seh_ashta,2023-06-13,0.0,32.6,23.1,71.1,9.8,221.6,195.6,8.5,58.9,0.23,-0.14,1.63,synthetic_demo_feed
mp_seh_ashta,2023-06-14,0.0,33.7,22.3,81.8,7.9,247.8,202.1,6.9,47.8,0.23,-0.14,1.63,synthetic_demo_feed
mp_seh_ashta,2023-06-15,0.0,33.6,22.6,68.0,7.5,210.7,186.8,6.5,47.9,0.23,-0.14,1.63,synthetic_demo_feed
mp_seh_ashta,2023-06-16,0.0,34.7,23.5,87.5,10.7,214.9,212.2,9.3,57.5,0.23,-0.14,1.63,synthetic_demo_feed
mp_seh_ashta,2023-06-17,0.0,32.9,23.6,81.1,9.4,232.1,208.3,8.2,65.9,0.23,-0.14,1.63,synthetic_demo_feed
mp_seh_ashta,2023-06-18,13.8,31.1,23.8,79.9,12.5,239.6,201.9,10.9,64.1,0.23,-0.14,1.63,synthetic_demo_feed
mp_seh_ashta,2023-06-19,0.0,33.5,23.7,87.9,9.1,217.9,214.0,7.9,50.2,0.23,-0.14,1.63,synthetic_demo_feed
mp_seh_ashta,2023-06-20,19.9,30.5,23.4,82.9,12.2,243.4,183.5,10.6,69.5,0.23,-0.14,1.63,synthetic_demo_feed
mp_seh_ashta,2023-06-21,0.0,32.7,22.9,69.1,10.3,231.3,208.2,9.0,46.2,0.23,-0.14,1.63,synthetic_demo_feed
mp_seh_ashta,2023-06-22,7.9,33.7,22.0,83.5,12.4,240.4,190.2,10.8,61.0,0.23,-0.14,1.63,synthetic_demo_feed
mp_seh_ashta,2023-06-23,0.0,33.4,23.8,83.4,9.7,217.1,213.5,8.4,70.5,0.23,-0.14,1.63,synthetic_demo_feed
mp_seh_ashta,2023-06-24,0.0,33.4,23.5,72.6,12.4,233.9,188.8,10.8,65.8,0.23,-0.14,1.63,synthetic_demo_feed
mp_seh_ashta,2023-06-25,9.8,32.8,24.0,75.2,10.3,213.5,211.7,9.0,58.3,0.23,-0.14,1.63,synthetic_demo_feed
mp_seh_ashta,2023-06-26,0.0,34.6,23.5,83.3,12.6,228.7,211.4,11.0,51.7,0.23,-0.14,1.63,synthetic_demo_feed
mp_seh_ashta,2023-06-27,0.0,32.8,22.8,82.6,8.7,232.0,197.7,7.6,65.5,0.23,-0.14,1.63,synthetic_demo_feed
mp_seh_ashta,2023-06-28,0.0,32.6,23.5,78.1,12.5,245.1,214.0,10.9,72.3,0.23,-0.14,1.63,synthetic_demo_feed
mp_seh_ashta,2023-06-29,0.0,34.6,23.2,82.9,8.4,225.0,218.6,7.3,51.0,0.23,-0.14,1.63,synthetic_demo_feed
mp_seh_ashta,2023-06-30,14.1,31.9,23.2,82.2,9.7,230.6,190.9,8.4,48.9,0.23,-0.14,1.63,synthetic_demo_feed
mp_seh_ashta,2023-07-01,0.0,35.2,23.5,86.2,11.0,239.9,189.1,9.6,53.4,0.23,-0.14,1.63,synthetic_demo_feed
mp_seh_ashta,2023-07-02,0.0,35.0,22.3,76.0,11.4,214.2,202.9,9.9,71.5,0.23,-0.14,1.63,synthetic_demo_feed
mp_seh_ashta,2023-07-03,0.0,35.0,22.4,66.1,9.5,237.1,193.1,8.3,68.5,0.23,-0.14,1.63,synthetic_demo_feed
mp_seh_ashta,2023-07-04,0.0,33.6,23.3,85.3,10.9,247.7,215.3,9.5,49.4,0.23,-0.14,1.63,synthetic_demo_feed
mp_seh_ashta,2023-07-05,0.0,33.3,22.5,67.4,10.1,233.0,200.5,8.8,68.2,0.23,-0.14,1.63,synthetic_demo_feed
mp_seh_ashta,2023-07-06,8.0,32.0,23.2,65.2,12.1,234.6,208.5,10.5,45.1,0.23,-0.14,1.63,synthetic_demo_feed
mp_seh_ashta,2023-07-07,0.0,33.3,22.9,80.0,12.3,246.0,214.0,10.7,53.9,0.23,-0.14,1.63,synthetic_demo_feed
mp_seh_ashta,2023-07-08,0.0,33.9,23.2,67.5,9.1,243.1,214.8,7.9,73.9,0.23,-0.14,1.63,synthetic_demo_feed
mp_seh_ashta,2023-07-09,0.0,33.2,23.5,86.3,10.8,243.2,185.4,9.4,53.5,0.23,-0.14,1.63,synthetic_demo_feed
mp_seh_ashta,2023-07-10,0.0,33.2,23.2,86.5,9.5,246.8,184.4,8.3,67.0,0.23,-0.14,1.63,synthetic_demo_feed
mp_seh_ashta,2023-07-11,16.3,30.2,23.6,81.3,10.7,238.2,193.2,9.3,62.0,0.23,-0.14,1.63,synthetic_demo_feed
mp_seh_ashta,2023-07-12,0.0,33.2,23.3,72.2,10.1,223.2,197.2,8.8,60.2,0.23,-0.14,1.63,synthetic_demo_feed
mp_seh_ashta,2023-07-13,0.0,35.0,24.0,76.0,7.8,237.1,211.9,6.8,54.3,0.23,-0.14,1.63,synthetic_demo_feed
mp_seh_ashta,2023-07-14,0.0,32.8,23.4,87.9,8.5,228.6,218.2,7.4,64.6,0.23,-0.14,1.63,synthetic_demo_feed
mp_seh_ashta,2023-07-15,0.0,34.5,23.3,79.6,12.2,210.1,183.8,10.6,50.8,0.23,-0.14,1.63,synthetic_demo_feed
mp_seh_ashta,2023-07-16,0.0,34.6,22.6,68.4,10.5,210.5,188.7,9.1,50.9,0.23,-0.14,1.63,synthetic_demo_feed
mp_seh_ashta,2023-07-17,0.0,33.5,23.5,72.8,10.5,239.1,196.4,9.1,73.6,0.23,-0.14,1.63,synthetic_demo_feed
mp_seh_ashta,2023-07-18,19.7,30.1,22.9,80.7,12.3,222.5,218.5,10.7,56.8,0.23,-0.14,1.63,synthetic_demo_feed
mp_seh_ashta,2023-07-19,0.0,34.3,22.1,79.3,8.0,215.6,193.2,7.0,49.7,0.23,-0.14,1.63,synthetic_demo_feed
mp_seh_ashta,2023-07-20,0.1,34.9,22.7,46.7,4.3,82.0,241.7,3.7,55.5,0.23,-0.14,1.63,synthetic_demo_feed
mp_seh_ashta,2023-07-21,0.2,35.4,22.1,53.1,3.9,138.9,243.9,3.4,51.0,0.23,-0.14,1.63,synthetic_demo_feed
mp_seh_ashta,2023-07-22,0.0,33.8,22.6,43.2,4.3,136.2,245.3,3.7,46.5,0.23,-0.14,1.63,synthetic_demo_feed
mp_seh_ashta,2023-07-23,0.6,32.7,22.3,54.8,5.2,113.1,249.1,4.5,42.0,0.23,-0.14,1.63,synthetic_demo_feed
mp_seh_ashta,2023-07-24,0.2,33.9,23.5,52.2,3.1,127.1,251.6,2.7,37.5,0.23,-0.14,1.63,synthetic_demo_feed
mp_seh_ashta,2023-07-25,0.7,35.1,22.3,48.5,4.1,89.0,243.1,3.6,33.0,0.23,-0.14,1.63,synthetic_demo_feed
mp_seh_ashta,2023-07-26,0.8,33.5,22.6,52.1,4.7,105.2,251.2,4.1,28.5,0.23,-0.14,1.63,synthetic_demo_feed
mp_seh_ashta,2023-07-27,0.6,33.5,23.6,46.1,2.9,100.4,241.2,2.5,24.0,0.23,-0.14,1.63,synthetic_demo_feed
mp_seh_ashta,2023-07-28,0.3,33.7,23.0,53.3,4.0,109.2,238.2,3.5,20.0,0.23,-0.14,1.63,synthetic_demo_feed
mp_seh_ashta,2023-07-29,0.0,32.9,22.8,83.3,9.1,249.4,212.1,7.9,52.0,0.23,-0.14,1.63,synthetic_demo_feed
mp_seh_ashta,2023-07-30,0.0,34.1,23.4,83.9,8.9,243.0,204.0,7.7,46.1,0.23,-0.14,1.63,synthetic_demo_feed
mp_seh_ashta,2023-07-31,11.0,33.5,23.1,68.3,11.7,217.3,206.4,10.2,73.8,0.23,-0.14,1.63,synthetic_demo_feed
mp_seh_ashta,2023-08-01,0.0,32.6,22.2,73.6,10.3,240.9,186.0,9.0,55.1,0.23,-0.14,1.63,synthetic_demo_feed
mp_seh_ashta,2023-08-02,17.0,32.0,22.3,81.6,7.6,212.2,216.6,6.6,73.7,0.23,-0.14,1.63,synthetic_demo_feed
mp_seh_ashta,2023-08-03,0.0,33.9,22.3,65.8,9.1,214.6,188.4,7.9,58.1,0.23,-0.14,1.63,synthetic_demo_feed
mp_seh_ashta,2023-08-04,4.2,33.6,23.3,82.4,11.0,243.6,206.0,9.6,69.5,0.23,-0.14,1.63,synthetic_demo_feed
mp_seh_ashta,2023-08-05,0.0,32.8,23.7,83.0,12.2,219.0,186.3,10.6,63.3,0.23,-0.14,1.63,synthetic_demo_feed
mp_seh_ashta,2023-08-06,0.0,34.2,23.8,66.0,12.2,230.4,186.4,10.6,46.7,0.23,-0.14,1.63,synthetic_demo_feed
mp_seh_ashta,2023-08-07,0.0,33.4,23.1,75.4,9.0,229.6,197.8,7.8,46.6,0.23,-0.14,1.63,synthetic_demo_feed
mp_seh_ashta,2023-08-08,0.0,32.7,22.4,85.5,11.6,216.4,215.6,10.1,73.0,0.23,-0.14,1.63,synthetic_demo_feed
mp_seh_ashta,2023-08-09,0.0,35.5,22.8,65.6,11.4,233.1,213.2,9.9,47.4,0.23,-0.14,1.63,synthetic_demo_feed
mp_seh_ashta,2023-08-10,9.1,33.4,22.5,76.6,9.7,226.3,196.6,8.4,54.7,0.23,-0.14,1.63,synthetic_demo_feed
mp_seh_ashta,2023-08-11,0.0,35.0,22.5,65.4,11.0,216.2,196.7,9.6,57.8,0.23,-0.14,1.63,synthetic_demo_feed
mp_seh_ashta,2023-08-12,0.0,33.9,22.9,69.1,12.6,220.0,216.7,11.0,58.8,0.23,-0.14,1.63,synthetic_demo_feed
mp_seh_ashta,2023-08-13,0.0,34.6,22.5,75.2,8.9,222.7,216.2,7.7,69.3,0.23,-0.14,1.63,synthetic_demo_feed
mp_seh_ashta,2023-08-14,0.0,34.3,23.0,75.0,7.7,228.2,211.0,6.7,49.3,0.23,-0.14,1.63,synthetic_demo_feed
mp_seh_ashta,2023-08-15,0.0,32.9,23.6,77.0,8.3,215.9,201.8,7.2,68.9,0.23,-0.14,1.63,synthetic_demo_feed
mp_seh_ashta,2023-08-16,18.7,29.7,22.4,70.9,11.4,229.7,208.3,9.9,58.1,0.23,-0.14,1.63,synthetic_demo_feed
mp_seh_ashta,2023-08-17,0.0,34.1,22.0,73.9,7.6,218.1,217.7,6.6,66.5,0.23,-0.14,1.63,synthetic_demo_feed
mp_seh_ashta,2023-08-18,0.0,35.1,23.7,72.0,9.5,235.4,218.5,8.3,59.2,0.23,-0.14,1.63,synthetic_demo_feed
mp_seh_ashta,2023-08-19,15.6,30.9,23.1,69.0,8.2,224.4,187.6,7.1,67.9,0.23,-0.14,1.63,synthetic_demo_feed
mp_seh_ashta,2023-08-20,0.0,32.8,23.2,84.3,8.9,249.1,206.9,7.7,68.8,0.23,-0.14,1.63,synthetic_demo_feed
mp_seh_ashta,2023-08-21,0.0,32.9,22.0,75.1,7.6,230.6,190.5,6.6,72.9,0.23,-0.14,1.63,synthetic_demo_feed
mp_seh_ashta,2023-08-22,0.0,33.9,23.3,67.4,12.0,239.0,196.0,10.4,50.1,0.23,-0.14,1.63,synthetic_demo_feed
mp_seh_ashta,2023-08-23,21.1,30.5,22.9,74.8,8.6,225.2,182.3,7.5,61.4,0.23,-0.14,1.63,synthetic_demo_feed
mp_seh_ashta,2023-08-24,0.0,35.4,22.2,66.9,9.0,247.1,205.9,7.8,46.6,0.23,-0.14,1.63,synthetic_demo_feed
mp_seh_ashta,2023-08-25,0.0,34.2,22.7,66.2,10.9,239.1,180.0,9.5,48.2,0.23,-0.14,1.63,synthetic_demo_feed
mp_seh_ashta,2023-08-26,3.6,34.8,22.5,75.9,9.0,237.3,193.9,7.8,65.6,0.23,-0.14,1.63,synthetic_demo_feed
mp_seh_ashta,2023-08-27,4.3,34.6,23.6,85.7,8.4,228.9,219.6,7.3,59.1,0.23,-0.14,1.63,synthetic_demo_feed
mp_seh_ashta,2023-08-28,0.0,33.2,23.2,84.8,10.8,222.9,207.0,9.4,55.0,0.23,-0.14,1.63,synthetic_demo_feed
mp_seh_ashta,2023-08-29,0.0,33.5,22.8,70.9,11.4,237.1,219.5,9.9,67.8,0.23,-0.14,1.63,synthetic_demo_feed
mp_seh_ashta,2023-08-30,0.0,33.7,22.2,68.8,10.9,241.1,209.7,9.5,53.4,0.23,-0.14,1.63,synthetic_demo_feed
mp_seh_ashta,2023-08-31,9.1,33.8,22.4,84.6,11.5,228.3,217.6,10.0,47.8,0.23,-0.14,1.63,synthetic_demo_feed
mp_seh_ashta,2023-09-01,0.0,34.8,23.5,75.2,8.6,240.9,204.5,7.5,57.7,0.23,-0.14,1.63,synthetic_demo_feed
mp_seh_ashta,2023-09-02,0.0,34.8,22.0,82.1,10.2,231.2,197.9,8.9,72.0,0.23,-0.14,1.63,synthetic_demo_feed
mp_seh_ashta,2023-09-03,19.8,30.6,22.6,78.8,9.9,238.9,212.3,8.6,46.4,0.23,-0.14,1.63,synthetic_demo_feed
mp_seh_ashta,2023-09-04,0.0,33.1,23.6,79.1,8.9,223.5,183.2,7.7,60.5,0.23,-0.14,1.63,synthetic_demo_feed
mp_seh_ashta,2023-09-05,8.9,32.9,23.2,70.9,9.3,227.5,181.8,8.1,54.9,0.23,-0.14,1.63,synthetic_demo_feed
mp_seh_ashta,2023-09-06,10.9,31.2,22.2,75.2,8.3,237.7,189.7,7.2,62.7,0.23,-0.14,1.63,synthetic_demo_feed
mp_seh_ashta,2023-09-07,18.3,31.0,22.8,66.6,11.0,230.5,194.9,9.6,61.0,0.23,-0.14,1.63,synthetic_demo_feed
mp_seh_ashta,2023-09-08,0.0,33.2,23.7,70.1,9.1,226.5,219.8,7.9,50.0,0.23,-0.14,1.63,synthetic_demo_feed
mp_seh_ashta,2023-09-09,0.0,34.5,23.4,75.4,11.7,244.1,188.4,10.2,65.8,0.23,-0.14,1.63,synthetic_demo_feed
mp_seh_ashta,2023-09-10,19.6,30.6,23.9,84.7,8.3,229.8,215.4,7.2,52.9,0.23,-0.14,1.63,synthetic_demo_feed
mp_seh_ashta,2023-09-11,0.0,35.0,23.0,71.8,11.8,245.4,180.3,10.3,69.8,0.23,-0.14,1.63,synthetic_demo_feed
mp_seh_ashta,2023-09-12,0.0,32.7,23.5,81.5,12.0,221.3,211.7,10.4,49.2,0.23,-0.14,1.63,synthetic_demo_feed
mp_seh_ashta,2023-09-13,0.0,32.5,22.3,71.4,11.3,219.9,190.2,9.8,54.2,0.23,-0.14,1.63,synthetic_demo_feed
mp_seh_ashta,2023-09-14,0.0,35.5,23.8,86.1,11.2,213.2,184.1,9.7,65.5,0.23,-0.14,1.63,synthetic_demo_feed
mp_seh_ashta,2023-09-15,12.8,31.0,23.7,83.6,10.2,217.2,200.0,8.9,55.3,0.23,-0.14,1.63,synthetic_demo_feed
mp_seh_ashta,2023-09-16,23.7,30.7,23.1,76.9,12.2,228.4,197.1,10.6,63.6,0.23,-0.14,1.63,synthetic_demo_feed
mp_seh_ashta,2023-09-17,0.0,33.4,22.1,70.9,9.2,221.1,191.7,8.0,58.6,0.23,-0.14,1.63,synthetic_demo_feed
mp_seh_ashta,2023-09-18,16.2,30.7,24.0,78.4,11.2,246.7,219.8,9.7,65.8,0.23,-0.14,1.63,synthetic_demo_feed
mp_seh_ashta,2023-09-19,0.0,35.5,24.0,81.0,9.8,233.3,218.5,8.5,55.0,0.23,-0.14,1.63,synthetic_demo_feed
mp_seh_ashta,2023-09-20,22.7,32.0,22.6,68.5,7.6,221.8,200.6,6.6,53.4,0.23,-0.14,1.63,synthetic_demo_feed
mp_seh_ashta,2023-09-21,0.0,35.2,24.0,73.0,11.5,226.4,196.9,10.0,48.6,0.23,-0.14,1.63,synthetic_demo_feed
mp_seh_ashta,2023-09-22,0.0,32.7,23.9,86.2,8.2,228.6,185.4,7.1,71.0,0.23,-0.14,1.63,synthetic_demo_feed
mp_seh_ashta,2023-09-23,0.0,33.2,22.8,65.7,8.7,215.3,193.4,7.6,54.5,0.23,-0.14,1.63,synthetic_demo_feed
mp_seh_ashta,2023-09-24,16.8,32.0,23.6,69.9,8.7,246.5,192.0,7.6,58.2,0.23,-0.14,1.63,synthetic_demo_feed
mp_seh_ashta,2023-09-25,0.0,33.4,22.9,74.5,7.8,245.0,216.3,6.8,64.5,0.23,-0.14,1.63,synthetic_demo_feed
mp_seh_ashta,2023-09-26,21.9,31.3,23.0,79.4,8.0,243.9,212.0,7.0,51.3,0.23,-0.14,1.63,synthetic_demo_feed
mp_seh_ashta,2023-09-27,0.0,32.7,23.4,66.1,11.4,222.0,199.5,9.9,56.9,0.23,-0.14,1.63,synthetic_demo_feed
mp_seh_ashta,2023-09-28,0.0,33.5,23.7,73.7,10.1,213.2,200.4,8.8,55.6,0.23,-0.14,1.63,synthetic_demo_feed
mp_seh_ashta,2023-09-29,0.0,32.9,23.9,80.7,11.8,246.6,186.6,10.3,50.3,0.23,-0.14,1.63,synthetic_demo_feed
mp_seh_ashta,2023-09-30,0.0,35.0,23.2,66.0,9.7,225.6,201.6,8.4,72.8,0.23,-0.14,1.63,synthetic_demo_feed
mp_seh_ashta,2023-10-01,0.0,33.0,23.4,43.5,6.1,112.0,241.2,5.3,30.0,0.23,-0.14,1.63,synthetic_demo_feed
mp_seh_ashta,2023-10-02,0.0,33.2,23.3,40.9,4.6,128.9,250.9,4.0,23.3,0.23,-0.14,1.63,synthetic_demo_feed
mp_seh_ashta,2023-10-03,0.0,33.0,23.5,55.9,5.1,135.1,250.3,4.4,34.1,0.23,-0.14,1.63,synthetic_demo_feed
mp_seh_ashta,2023-10-04,0.0,34.9,23.9,48.7,4.7,124.9,235.1,4.1,26.7,0.23,-0.14,1.63,synthetic_demo_feed
mp_seh_ashta,2023-10-05,0.0,33.1,22.3,54.0,6.7,107.8,224.8,5.8,34.4,0.23,-0.14,1.63,synthetic_demo_feed
mp_seh_ashta,2023-10-06,0.0,33.9,23.1,40.1,4.3,129.9,221.0,3.7,37.9,0.23,-0.14,1.63,synthetic_demo_feed
mp_seh_ashta,2023-10-07,0.0,33.2,22.4,48.1,6.0,118.3,222.8,5.2,32.7,0.23,-0.14,1.63,synthetic_demo_feed
mp_seh_ashta,2023-10-08,0.0,33.9,22.7,59.1,6.1,105.5,250.5,5.3,33.3,0.23,-0.14,1.63,synthetic_demo_feed
mp_seh_ashta,2023-10-09,0.0,34.4,23.5,57.0,6.4,83.4,242.8,5.6,29.2,0.23,-0.14,1.63,synthetic_demo_feed
mp_seh_ashta,2023-10-10,0.0,35.3,23.6,51.7,4.7,93.2,231.9,4.1,25.5,0.23,-0.14,1.63,synthetic_demo_feed
mp_seh_ashta,2023-10-11,0.0,33.8,23.8,46.9,4.0,98.7,248.9,3.5,36.8,0.23,-0.14,1.63,synthetic_demo_feed
mp_seh_ashta,2023-10-12,0.0,33.5,23.8,59.4,6.1,111.3,228.9,5.3,27.3,0.23,-0.14,1.63,synthetic_demo_feed
mp_seh_ashta,2023-10-13,0.0,35.2,22.9,51.6,4.3,82.3,244.5,3.7,29.2,0.23,-0.14,1.63,synthetic_demo_feed
mp_seh_ashta,2023-10-14,2.1,33.9,23.3,59.1,5.3,131.9,254.0,4.6,27.8,0.23,-0.14,1.63,synthetic_demo_feed
mp_seh_ashta,2023-10-15,0.0,35.1,22.8,47.8,4.3,80.6,242.6,3.7,34.6,0.23,-0.14,1.63,synthetic_demo_feed
mp_seh_ashta,2023-10-16,0.0,33.8,23.5,58.0,5.8,92.4,229.7,5.0,33.9,0.23,-0.14,1.63,synthetic_demo_feed
mp_seh_ashta,2023-10-17,0.0,34.3,22.7,53.8,3.7,107.9,241.8,3.2,26.5,0.23,-0.14,1.63,synthetic_demo_feed
mp_seh_ashta,2023-10-18,0.0,34.5,22.5,48.5,5.8,98.8,221.0,5.0,24.6,0.23,-0.14,1.63,synthetic_demo_feed
mp_seh_ashta,2023-10-19,0.0,34.0,22.0,43.2,4.4,113.3,243.7,3.8,26.4,0.23,-0.14,1.63,synthetic_demo_feed
mp_seh_ashta,2023-10-20,0.0,35.4,23.2,54.4,3.9,81.7,222.1,3.4,25.6,0.23,-0.14,1.63,synthetic_demo_feed
mp_seh_ashta,2023-10-21,3.6,32.6,22.7,55.2,3.8,113.0,237.7,3.3,24.3,0.23,-0.14,1.63,synthetic_demo_feed
mp_seh_ashta,2023-10-22,4.5,34.7,22.7,40.8,6.9,93.1,239.2,6.0,32.8,0.23,-0.14,1.63,synthetic_demo_feed
mp_seh_ashta,2023-10-23,0.0,34.4,22.9,48.1,4.1,89.9,249.3,3.6,22.3,0.23,-0.14,1.63,synthetic_demo_feed
mp_seh_ashta,2023-10-24,0.0,34.5,22.7,47.6,4.6,121.8,222.5,4.0,31.7,0.23,-0.14,1.63,synthetic_demo_feed
mp_seh_ashta,2023-10-25,0.0,34.3,22.7,49.9,4.7,102.1,251.4,4.1,31.1,0.23,-0.14,1.63,synthetic_demo_feed
mp_seh_ashta,2023-10-26,0.0,34.2,23.3,53.8,5.6,106.6,231.3,4.9,28.2,0.23,-0.14,1.63,synthetic_demo_feed
mp_seh_ashta,2023-10-27,0.0,34.2,23.2,56.8,6.6,136.5,232.8,5.7,36.4,0.23,-0.14,1.63,synthetic_demo_feed
mp_seh_ashta,2023-10-28,0.0,35.3,23.9,57.9,6.4,133.7,224.6,5.6,24.3,0.23,-0.14,1.63,synthetic_demo_feed
mp_seh_ashta,2023-10-29,0.0,34.5,22.2,55.5,5.2,84.0,242.6,4.5,23.2,0.23,-0.14,1.63,synthetic_demo_feed
mp_seh_ashta,2023-10-30,0.0,34.6,22.6,58.2,4.5,83.6,226.5,3.9,29.9,0.23,-0.14,1.63,synthetic_demo_feed
mp_seh_ashta,2023-10-31,0.0,34.4,22.5,49.5,5.8,92.1,247.6,5.0,28.2,0.23,-0.14,1.63,synthetic_demo_feed
mp_seh_ashta,2024-05-01,0.0,34.7,23.4,59.0,3.9,94.5,247.1,3.4,25.0,0.23,-0.14,1.63,synthetic_demo_feed
mp_seh_ashta,2024-05-02,0.0,33.4,23.5,59.8,4.0,90.4,223.2,3.5,36.0,0.23,-0.14,1.63,synthetic_demo_feed
mp_seh_ashta,2024-05-03,0.0,32.6,22.5,52.9,4.3,90.6,247.1,3.7,34.7,0.23,-0.14,1.63,synthetic_demo_feed
mp_seh_ashta,2024-05-04,0.0,33.0,23.0,47.2,6.6,99.0,248.8,5.7,35.3,0.23,-0.14,1.63,synthetic_demo_feed
mp_seh_ashta,2024-05-05,0.0,33.3,22.3,56.3,4.4,134.7,244.8,3.8,31.7,0.23,-0.14,1.63,synthetic_demo_feed
mp_seh_ashta,2024-05-06,0.0,34.3,23.9,40.2,4.5,126.9,225.4,3.9,30.9,0.23,-0.14,1.63,synthetic_demo_feed
mp_seh_ashta,2024-05-07,0.0,34.0,22.7,59.5,6.8,84.1,230.6,5.9,26.2,0.23,-0.14,1.63,synthetic_demo_feed
mp_seh_ashta,2024-05-08,0.0,33.8,22.8,53.8,5.6,91.1,246.8,4.9,36.3,0.23,-0.14,1.63,synthetic_demo_feed
mp_seh_ashta,2024-05-09,0.0,33.0,22.2,42.3,3.8,121.7,248.7,3.3,22.4,0.23,-0.14,1.63,synthetic_demo_feed
mp_seh_ashta,2024-05-10,0.0,33.4,22.1,41.8,4.3,117.1,222.9,3.7,31.5,0.23,-0.14,1.63,synthetic_demo_feed
mp_seh_ashta,2024-05-11,0.0,33.6,22.8,50.6,5.3,128.6,221.8,4.6,23.1,0.23,-0.14,1.63,synthetic_demo_feed
mp_seh_ashta,2024-05-12,0.0,32.6,22.3,53.5,5.4,120.2,224.1,4.7,35.9,0.23,-0.14,1.63,synthetic_demo_feed
mp_seh_ashta,2024-05-13,0.0,33.8,22.3,56.3,5.4,125.6,233.7,4.7,25.3,0.23,-0.14,1.63,synthetic_demo_feed
mp_seh_ashta,2024-05-14,0.0,34.6,23.4,59.8,5.2,84.2,241.9,4.5,37.6,0.23,-0.14,1.63,synthetic_demo_feed
mp_seh_ashta,2024-05-15,0.0,32.8,22.2,53.8,5.8,110.4,220.4,5.0,36.4,0.23,-0.14,1.63,synthetic_demo_feed
mp_seh_ashta,2024-05-16,0.0,34.7,23.6,57.3,4.6,81.4,230.2,4.0,23.8,0.23,-0.14,1.63,synthetic_demo_feed
mp_seh_ashta,2024-05-17,0.0,32.6,23.0,45.3,6.8,95.4,228.7,5.9,27.9,0.23,-0.14,1.63,synthetic_demo_feed
mp_seh_ashta,2024-05-18,0.0,33.5,23.4,56.5,4.6,101.5,246.9,4.0,29.9,0.23,-0.14,1.63,synthetic_demo_feed
mp_seh_ashta,2024-05-19,0.0,33.1,22.8,56.5,4.3,130.1,236.1,3.7,34.1,0.23,-0.14,1.63,synthetic_demo_feed
mp_seh_ashta,2024-05-20,0.0,35.1,23.5,41.5,5.2,126.2,253.6,4.5,32.4,0.23,-0.14,1.63,synthetic_demo_feed
mp_seh_ashta,2024-05-21,0.0,35.4,23.5,59.5,6.1,114.4,251.1,5.3,37.5,0.23,-0.14,1.63,synthetic_demo_feed
mp_seh_ashta,2024-05-22,0.0,32.5,23.2,48.0,3.7,96.9,247.0,3.2,29.4,0.23,-0.14,1.63,synthetic_demo_feed
mp_seh_ashta,2024-05-23,0.0,35.1,22.3,47.9,6.8,126.0,250.2,5.9,31.7,0.23,-0.14,1.63,synthetic_demo_feed
mp_seh_ashta,2024-05-24,0.0,34.1,22.0,42.2,3.6,81.6,236.1,3.1,32.9,0.23,-0.14,1.63,synthetic_demo_feed
mp_seh_ashta,2024-05-25,0.0,33.2,22.4,41.0,4.4,92.9,252.0,3.8,28.7,0.23,-0.14,1.63,synthetic_demo_feed
mp_seh_ashta,2024-05-26,3.8,34.0,23.4,49.8,5.3,113.1,231.8,4.6,26.6,0.23,-0.14,1.63,synthetic_demo_feed
mp_seh_ashta,2024-05-27,0.0,35.0,23.0,46.7,4.3,88.5,242.8,3.7,33.7,0.23,-0.14,1.63,synthetic_demo_feed
mp_seh_ashta,2024-05-28,0.0,34.2,22.7,53.8,5.3,96.5,231.4,4.6,33.0,0.23,-0.14,1.63,synthetic_demo_feed
mp_seh_ashta,2024-05-29,0.0,35.4,23.6,55.4,4.1,137.8,250.5,3.6,36.3,0.23,-0.14,1.63,synthetic_demo_feed
mp_seh_ashta,2024-05-30,0.0,34.1,23.8,55.0,4.0,112.9,238.2,3.5,28.9,0.23,-0.14,1.63,synthetic_demo_feed
mp_seh_ashta,2024-05-31,0.0,33.2,22.0,52.7,5.4,95.5,233.9,4.7,24.3,0.23,-0.14,1.63,synthetic_demo_feed
mp_seh_ashta,2024-06-01,8.2,32.8,23.5,74.7,9.1,247.7,194.6,7.9,69.0,0.23,-0.14,1.63,synthetic_demo_feed
mp_seh_ashta,2024-06-02,11.3,32.2,22.7,65.9,7.9,216.7,199.6,6.9,51.8,0.23,-0.14,1.63,synthetic_demo_feed
mp_seh_ashta,2024-06-03,11.5,31.1,23.6,71.9,9.3,220.1,184.9,8.1,60.4,0.23,-0.14,1.63,synthetic_demo_feed
mp_seh_ashta,2024-06-04,12.4,33.3,22.1,81.4,11.2,231.6,201.8,9.7,66.1,0.23,-0.14,1.63,synthetic_demo_feed
mp_seh_ashta,2024-06-05,9.4,32.6,22.3,85.2,12.0,239.9,216.7,10.4,47.3,0.23,-0.14,1.63,synthetic_demo_feed
mp_seh_ashta,2024-06-06,10.0,31.8,23.5,73.7,10.7,230.0,193.6,9.3,55.5,0.23,-0.14,1.63,synthetic_demo_feed
mp_seh_ashta,2024-06-07,13.9,31.1,22.9,82.9,11.8,249.5,190.2,10.3,70.4,0.23,-0.14,1.63,synthetic_demo_feed
mp_seh_ashta,2024-06-08,33.0,29.4,22.6,90.1,15.3,249.7,166.9,13.3,56.0,0.23,-0.14,1.63,synthetic_demo_feed
mp_seh_ashta,2024-06-09,34.0,27.4,24.0,86.4,12.4,244.0,172.4,10.8,62.0,0.23,-0.14,1.63,synthetic_demo_feed
mp_seh_ashta,2024-06-10,14.4,31.8,22.3,82.1,13.8,218.8,193.4,12.0,68.0,0.23,-0.14,1.63,synthetic_demo_feed
mp_seh_ashta,2024-06-11,25.6,29.0,22.2,84.0,12.8,244.3,188.0,11.1,74.0,0.23,-0.14,1.63,synthetic_demo_feed
mp_seh_ashta,2024-06-12,37.1,29.3,22.5,83.1,15.3,224.7,175.6,13.3,80.0,0.23,-0.14,1.63,synthetic_demo_feed
mp_seh_ashta,2024-06-13,0.0,32.6,23.6,84.3,10.5,217.7,182.2,9.1,63.9,0.23,-0.14,1.63,synthetic_demo_feed
mp_seh_ashta,2024-06-14,18.6,31.3,22.1,86.1,9.5,226.5,202.9,8.3,55.8,0.23,-0.14,1.63,synthetic_demo_feed
mp_seh_ashta,2024-06-15,0.0,33.3,23.1,82.8,12.1,220.1,190.4,10.5,45.6,0.23,-0.14,1.63,synthetic_demo_feed
mp_seh_ashta,2024-06-16,22.1,29.7,23.0,65.8,11.7,232.8,218.4,10.2,65.7,0.23,-0.14,1.63,synthetic_demo_feed
mp_seh_ashta,2024-06-17,0.0,34.3,22.7,67.9,12.0,221.4,203.1,10.4,69.3,0.23,-0.14,1.63,synthetic_demo_feed
mp_seh_ashta,2024-06-18,0.0,34.7,23.4,68.2,9.2,243.7,197.1,8.0,47.5,0.23,-0.14,1.63,synthetic_demo_feed
mp_seh_ashta,2024-06-19,0.0,32.5,22.0,75.9,9.8,226.6,194.1,8.5,50.1,0.23,-0.14,1.63,synthetic_demo_feed
mp_seh_ashta,2024-06-20,0.0,35.5,22.4,81.5,12.1,222.2,215.6,10.5,47.0,0.23,-0.14,1.63,synthetic_demo_feed
mp_seh_ashta,2024-06-21,0.0,33.4,22.2,72.3,11.0,226.4,211.3,9.6,50.5,0.23,-0.14,1.63,synthetic_demo_feed
mp_seh_ashta,2024-06-22,7.6,33.5,23.4,81.8,9.0,237.3,186.5,7.8,63.2,0.23,-0.14,1.63,synthetic_demo_feed
mp_seh_ashta,2024-06-23,4.5,34.0,22.6,86.8,10.3,236.2,180.5,9.0,48.8,0.23,-0.14,1.63,synthetic_demo_feed
mp_seh_ashta,2024-06-24,23.9,31.2,23.9,84.7,8.7,222.1,209.5,7.6,71.2,0.23,-0.14,1.63,synthetic_demo_feed
mp_seh_ashta,2024-06-25,18.2,32.4,22.5,81.2,8.4,238.5,214.1,7.3,64.1,0.23,-0.14,1.63,synthetic_demo_feed
mp_seh_ashta,2024-06-26,0.0,33.1,22.3,85.5,12.1,231.4,211.5,10.5,51.1,0.23,-0.14,1.63,synthetic_demo_feed
mp_seh_ashta,2024-06-27,0.0,32.9,22.4,76.3,9.5,246.7,194.4,8.3,74.8,0.23,-0.14,1.63,synthetic_demo_feed
mp_seh_ashta,2024-06-28,9.8,31.3,23.0,81.4,9.9,215.2,191.0,8.6,47.9,0.23,-0.14,1.63,synthetic_demo_feed
mp_seh_ashta,2024-06-29,0.0,35.4,23.4,84.9,11.8,230.9,219.4,10.3,73.8,0.23,-0.14,1.63,synthetic_demo_feed
mp_seh_ashta,2024-06-30,0.0,32.9,24.0,65.0,11.2,214.8,182.9,9.7,66.8,0.23,-0.14,1.63,synthetic_demo_feed
mp_seh_ashta,2024-07-01,11.5,32.5,23.0,66.9,11.2,212.4,190.2,9.7,48.1,0.23,-0.14,1.63,synthetic_demo_feed
mp_seh_ashta,2024-07-02,0.0,35.3,22.4,81.8,9.1,239.3,194.5,7.9,54.1,0.23,-0.14,1.63,synthetic_demo_feed
mp_seh_ashta,2024-07-03,0.0,34.6,22.5,80.0,10.3,250.0,200.6,9.0,55.1,0.23,-0.14,1.63,synthetic_demo_feed
mp_seh_ashta,2024-07-04,0.0,33.9,22.1,84.3,10.3,232.4,218.8,9.0,66.8,0.23,-0.14,1.63,synthetic_demo_feed
mp_seh_ashta,2024-07-05,0.0,33.0,23.5,69.0,9.2,239.1,205.3,8.0,72.9,0.23,-0.14,1.63,synthetic_demo_feed
mp_seh_ashta,2024-07-06,0.0,34.2,23.2,82.4,12.5,234.6,181.2,10.9,57.2,0.23,-0.14,1.63,synthetic_demo_feed
mp_seh_ashta,2024-07-07,0.0,34.7,22.4,77.4,7.6,249.7,196.5,6.6,55.8,0.23,-0.14,1.63,synthetic_demo_feed
mp_seh_ashta,2024-07-08,0.0,34.8,23.3,66.5,9.3,215.3,205.9,8.1,54.2,0.23,-0.14,1.63,synthetic_demo_feed
mp_seh_ashta,2024-07-09,18.6,32.2,23.5,87.8,8.5,243.7,213.2,7.4,59.2,0.23,-0.14,1.63,synthetic_demo_feed
mp_seh_ashta,2024-07-10,3.5,34.2,22.8,66.4,10.1,238.5,189.8,8.8,63.9,0.23,-0.14,1.63,synthetic_demo_feed
mp_seh_ashta,2024-07-11,0.0,34.9,23.6,70.2,12.3,238.3,210.1,10.7,46.1,0.23,-0.14,1.63,synthetic_demo_feed
mp_seh_ashta,2024-07-12,0.0,33.0,23.4,71.3,10.1,227.4,215.6,8.8,53.1,0.23,-0.14,1.63,synthetic_demo_feed
mp_seh_ashta,2024-07-13,0.0,33.7,22.1,86.5,12.0,229.0,201.6,10.4,50.3,0.23,-0.14,1.63,synthetic_demo_feed
mp_seh_ashta,2024-07-14,21.9,30.4,23.4,75.2,9.5,213.6,212.5,8.3,57.8,0.23,-0.14,1.63,synthetic_demo_feed
mp_seh_ashta,2024-07-15,0.0,33.9,22.7,88.0,8.0,244.4,186.4,7.0,53.1,0.23,-0.14,1.63,synthetic_demo_feed
mp_seh_ashta,2024-07-16,0.0,33.1,23.9,68.0,9.2,225.9,187.8,8.0,49.5,0.23,-0.14,1.63,synthetic_demo_feed
mp_seh_ashta,2024-07-17,0.0,35.4,22.5,84.4,8.6,216.9,189.0,7.5,56.7,0.23,-0.14,1.63,synthetic_demo_feed
mp_seh_ashta,2024-07-18,0.0,34.8,24.0,65.2,8.6,228.5,218.1,7.5,72.3,0.23,-0.14,1.63,synthetic_demo_feed
mp_seh_ashta,2024-07-19,0.0,32.8,23.0,81.8,11.4,215.9,190.3,9.9,51.8,0.23,-0.14,1.63,synthetic_demo_feed
mp_seh_ashta,2024-07-20,0.1,32.9,23.4,47.9,5.1,92.0,246.6,4.4,55.5,0.23,-0.14,1.63,synthetic_demo_feed
mp_seh_ashta,2024-07-21,0.6,34.8,23.7,43.0,5.8,132.8,249.4,5.0,51.0,0.23,-0.14,1.63,synthetic_demo_feed
mp_seh_ashta,2024-07-22,0.3,33.0,23.0,56.9,4.0,93.8,258.1,3.5,46.5,0.23,-0.14,1.63,synthetic_demo_feed
mp_seh_ashta,2024-07-23,0.8,33.6,23.5,47.7,4.4,126.2,238.2,3.8,42.0,0.23,-0.14,1.63,synthetic_demo_feed
mp_seh_ashta,2024-07-24,0.2,33.1,23.3,55.7,5.2,91.2,238.5,4.5,37.5,0.23,-0.14,1.63,synthetic_demo_feed
mp_seh_ashta,2024-07-25,0.6,34.6,23.6,55.0,3.0,124.0,240.2,2.6,33.0,0.23,-0.14,1.63,synthetic_demo_feed
mp_seh_ashta,2024-07-26,0.6,32.8,22.4,51.3,4.5,136.1,236.3,3.9,28.5,0.23,-0.14,1.63,synthetic_demo_feed
mp_seh_ashta,2024-07-27,0.0,33.2,23.5,45.2,2.9,121.0,253.6,2.5,24.0,0.23,-0.14,1.63,synthetic_demo_feed
mp_seh_ashta,2024-07-28,0.5,33.3,22.8,45.4,5.2,126.0,248.4,4.5,20.0,0.23,-0.14,1.63,synthetic_demo_feed
mp_seh_ashta,2024-07-29,10.6,31.6,22.2,86.2,10.3,231.0,199.5,9.0,53.1,0.23,-0.14,1.63,synthetic_demo_feed
mp_seh_ashta,2024-07-30,0.0,35.3,23.1,80.8,11.4,225.4,205.1,9.9,48.4,0.23,-0.14,1.63,synthetic_demo_feed
mp_seh_ashta,2024-07-31,24.5,29.7,23.7,84.4,9.0,215.8,205.1,7.8,55.7,0.23,-0.14,1.63,synthetic_demo_feed
mp_seh_ashta,2024-08-01,17.5,30.7,22.6,79.3,8.6,238.5,201.6,7.5,49.7,0.23,-0.14,1.63,synthetic_demo_feed
mp_seh_ashta,2024-08-02,0.0,34.1,22.7,87.8,10.8,218.2,198.0,9.4,63.1,0.23,-0.14,1.63,synthetic_demo_feed
mp_seh_ashta,2024-08-03,0.0,32.6,23.2,69.9,12.6,234.5,185.3,11.0,69.1,0.23,-0.14,1.63,synthetic_demo_feed
mp_seh_ashta,2024-08-04,0.0,33.1,23.4,76.9,10.9,210.9,216.5,9.5,51.5,0.23,-0.14,1.63,synthetic_demo_feed
mp_seh_ashta,2024-08-05,15.9,32.5,23.6,80.5,10.5,237.2,195.0,9.1,73.9,0.23,-0.14,1.63,synthetic_demo_feed
mp_seh_ashta,2024-08-06,0.0,34.7,23.0,75.0,7.6,235.5,185.1,6.6,71.3,0.23,-0.14,1.63,synthetic_demo_feed
mp_seh_ashta,2024-08-07,0.0,33.9,23.7,87.8,9.9,243.2,196.1,8.6,59.8,0.23,-0.14,1.63,synthetic_demo_feed
mp_seh_ashta,2024-08-08,0.0,34.3,23.8,77.9,8.7,210.0,201.3,7.6,55.8,0.23,-0.14,1.63,synthetic_demo_feed
mp_seh_ashta,2024-08-09,0.0,32.8,22.7,75.8,8.3,240.4,187.4,7.2,50.1,0.23,-0.14,1.63,synthetic_demo_feed
mp_seh_ashta,2024-08-10,17.7,31.7,23.2,87.7,10.5,246.7,191.8,9.1,51.8,0.23,-0.14,1.63,synthetic_demo_feed
mp_seh_ashta,2024-08-11,7.0,32.8,23.3,82.1,9.1,224.7,202.5,7.9,57.4,0.23,-0.14,1.63,synthetic_demo_feed
mp_seh_ashta,2024-08-12,3.8,32.0,22.3,68.4,7.6,242.3,199.6,6.6,70.6,0.23,-0.14,1.63,synthetic_demo_feed
mp_seh_ashta,2024-08-13,0.0,33.0,23.5,70.1,10.9,236.3,188.2,9.5,67.3,0.23,-0.14,1.63,synthetic_demo_feed
mp_seh_ashta,2024-08-14,0.0,33.4,23.0,68.9,11.7,220.7,208.8,10.2,66.9,0.23,-0.14,1.63,synthetic_demo_feed
mp_seh_ashta,2024-08-15,24.5,28.9,22.0,83.3,9.5,231.9,197.0,8.3,62.4,0.23,-0.14,1.63,synthetic_demo_feed
mp_seh_ashta,2024-08-16,18.7,30.2,22.6,69.8,11.4,247.0,209.1,9.9,70.8,0.23,-0.14,1.63,synthetic_demo_feed
mp_seh_ashta,2024-08-17,19.8,30.6,22.7,69.5,10.7,247.6,215.5,9.3,59.1,0.23,-0.14,1.63,synthetic_demo_feed
mp_seh_ashta,2024-08-18,24.8,29.4,22.2,79.2,11.5,226.6,211.8,10.0,45.7,0.23,-0.14,1.63,synthetic_demo_feed
mp_seh_ashta,2024-08-19,0.0,32.8,22.6,73.4,10.9,240.0,210.8,9.5,73.5,0.23,-0.14,1.63,synthetic_demo_feed
mp_seh_ashta,2024-08-20,0.0,33.3,23.0,87.1,9.7,218.5,208.6,8.4,70.1,0.23,-0.14,1.63,synthetic_demo_feed
mp_seh_ashta,2024-08-21,0.0,34.8,23.8,77.6,9.8,238.5,189.4,8.5,46.7,0.23,-0.14,1.63,synthetic_demo_feed
mp_seh_ashta,2024-08-22,23.7,29.2,22.4,75.0,9.2,231.7,181.2,8.0,72.6,0.23,-0.14,1.63,synthetic_demo_feed
mp_seh_ashta,2024-08-23,0.0,34.1,22.5,78.6,9.8,227.8,209.6,8.5,72.7,0.23,-0.14,1.63,synthetic_demo_feed
mp_seh_ashta,2024-08-24,8.4,32.8,22.8,76.7,11.7,239.9,181.7,10.2,63.6,0.23,-0.14,1.63,synthetic_demo_feed
mp_seh_ashta,2024-08-25,7.9,32.2,23.6,78.6,10.5,248.1,200.5,9.1,65.2,0.23,-0.14,1.63,synthetic_demo_feed
mp_seh_ashta,2024-08-26,23.4,30.8,22.4,73.2,12.0,214.5,191.9,10.4,60.9,0.23,-0.14,1.63,synthetic_demo_feed
mp_seh_ashta,2024-08-27,0.0,32.7,23.0,83.9,9.4,211.8,207.4,8.2,60.1,0.23,-0.14,1.63,synthetic_demo_feed
mp_seh_ashta,2024-08-28,9.5,33.5,22.4,65.0,9.4,226.1,204.9,8.2,54.0,0.23,-0.14,1.63,synthetic_demo_feed
mp_seh_ashta,2024-08-29,12.8,31.9,22.4,80.1,10.5,214.6,209.4,9.1,71.4,0.23,-0.14,1.63,synthetic_demo_feed
mp_seh_ashta,2024-08-30,24.7,31.7,23.1,80.7,10.5,226.4,189.5,9.1,66.0,0.23,-0.14,1.63,synthetic_demo_feed
mp_seh_ashta,2024-08-31,0.0,32.6,23.7,77.9,7.8,214.9,217.0,6.8,64.2,0.23,-0.14,1.63,synthetic_demo_feed
mp_seh_ashta,2024-09-01,0.0,34.6,23.3,68.0,8.6,210.1,188.9,7.5,61.3,0.23,-0.14,1.63,synthetic_demo_feed
mp_seh_ashta,2024-09-02,0.0,33.0,22.7,65.0,9.1,244.2,200.6,7.9,70.9,0.23,-0.14,1.63,synthetic_demo_feed
mp_seh_ashta,2024-09-03,14.2,31.3,22.7,65.7,12.0,228.6,184.2,10.4,50.5,0.23,-0.14,1.63,synthetic_demo_feed
mp_seh_ashta,2024-09-04,0.0,34.5,22.2,66.3,9.4,221.8,183.7,8.2,67.4,0.23,-0.14,1.63,synthetic_demo_feed
mp_seh_ashta,2024-09-05,0.0,33.6,23.8,74.2,8.5,223.4,203.1,7.4,68.5,0.23,-0.14,1.63,synthetic_demo_feed
mp_seh_ashta,2024-09-06,0.0,34.2,23.1,78.6,11.3,213.3,206.9,9.8,70.0,0.23,-0.14,1.63,synthetic_demo_feed
mp_seh_ashta,2024-09-07,17.4,32.7,23.2,65.3,7.5,218.2,183.1,6.5,54.3,0.23,-0.14,1.63,synthetic_demo_feed
mp_seh_ashta,2024-09-08,21.3,32.1,22.7,81.5,10.3,229.6,218.3,9.0,68.4,0.23,-0.14,1.63,synthetic_demo_feed
mp_seh_ashta,2024-09-09,0.0,33.1,22.3,68.5,9.7,240.5,184.1,8.4,62.7,0.23,-0.14,1.63,synthetic_demo_feed
mp_seh_ashta,2024-09-10,10.4,33.4,22.1,85.0,7.7,212.1,218.5,6.7,70.8,0.23,-0.14,1.63,synthetic_demo_feed
mp_seh_ashta,2024-09-11,0.0,34.0,23.0,66.7,12.0,224.0,188.5,10.4,72.9,0.23,-0.14,1.63,synthetic_demo_feed
mp_seh_ashta,2024-09-12,12.6,33.3,24.0,67.4,9.4,246.2,201.6,8.2,65.7,0.23,-0.14,1.63,synthetic_demo_feed
mp_seh_ashta,2024-09-13,0.0,35.5,23.2,79.9,11.2,243.2,209.6,9.7,72.5,0.23,-0.14,1.63,synthetic_demo_feed
mp_seh_ashta,2024-09-14,0.0,34.2,22.1,67.1,10.0,235.7,197.2,8.7,48.3,0.23,-0.14,1.63,synthetic_demo_feed
mp_seh_ashta,2024-09-15,0.0,34.4,22.5,68.0,10.9,237.2,216.0,9.5,65.0,0.23,-0.14,1.63,synthetic_demo_feed
mp_seh_ashta,2024-09-16,0.0,35.1,23.0,69.2,8.5,229.8,217.0,7.4,55.7,0.23,-0.14,1.63,synthetic_demo_feed
mp_seh_ashta,2024-09-17,0.0,33.4,23.3,68.5,9.7,234.0,185.4,8.4,48.5,0.23,-0.14,1.63,synthetic_demo_feed
mp_seh_ashta,2024-09-18,0.0,35.0,23.8,87.9,11.2,238.2,207.5,9.7,69.5,0.23,-0.14,1.63,synthetic_demo_feed
mp_seh_ashta,2024-09-19,0.0,33.6,22.7,77.6,9.5,213.6,202.8,8.3,74.0,0.23,-0.14,1.63,synthetic_demo_feed
mp_seh_ashta,2024-09-20,3.6,32.8,22.2,76.9,9.7,237.6,188.7,8.4,57.1,0.23,-0.14,1.63,synthetic_demo_feed
mp_seh_ashta,2024-09-21,0.0,32.6,23.1,83.3,8.7,213.0,180.5,7.6,57.2,0.23,-0.14,1.63,synthetic_demo_feed
mp_seh_ashta,2024-09-22,0.0,33.2,22.8,83.5,8.9,223.0,216.3,7.7,61.6,0.23,-0.14,1.63,synthetic_demo_feed
mp_seh_ashta,2024-09-23,22.2,31.4,23.7,78.6,9.5,246.5,181.2,8.3,69.3,0.23,-0.14,1.63,synthetic_demo_feed
mp_seh_ashta,2024-09-24,21.1,31.0,23.4,72.8,9.9,235.5,207.7,8.6,58.0,0.23,-0.14,1.63,synthetic_demo_feed
mp_seh_ashta,2024-09-25,0.0,35.4,22.2,76.2,10.8,215.7,193.9,9.4,49.2,0.23,-0.14,1.63,synthetic_demo_feed
mp_seh_ashta,2024-09-26,0.0,34.5,23.8,75.4,10.7,217.2,180.6,9.3,70.8,0.23,-0.14,1.63,synthetic_demo_feed
mp_seh_ashta,2024-09-27,0.0,33.7,22.2,71.6,10.7,234.0,207.0,9.3,57.2,0.23,-0.14,1.63,synthetic_demo_feed
mp_seh_ashta,2024-09-28,3.5,34.9,22.8,71.6,12.0,228.8,195.6,10.4,49.2,0.23,-0.14,1.63,synthetic_demo_feed
mp_seh_ashta,2024-09-29,18.5,32.1,23.4,85.9,9.1,215.2,215.6,7.9,49.0,0.23,-0.14,1.63,synthetic_demo_feed
mp_seh_ashta,2024-09-30,0.0,34.8,23.1,82.4,7.9,227.4,218.3,6.9,56.6,0.23,-0.14,1.63,synthetic_demo_feed
mp_seh_ashta,2024-10-01,0.0,35.1,23.2,45.4,5.3,117.9,230.8,4.6,37.1,0.23,-0.14,1.63,synthetic_demo_feed
mp_seh_ashta,2024-10-02,0.0,33.0,23.0,42.5,5.8,109.5,234.5,5.0,27.9,0.23,-0.14,1.63,synthetic_demo_feed
mp_seh_ashta,2024-10-03,0.0,35.4,22.4,47.3,3.7,123.0,221.6,3.2,37.0,0.23,-0.14,1.63,synthetic_demo_feed
mp_seh_ashta,2024-10-04,0.7,33.6,22.1,43.0,4.1,111.3,226.3,3.6,35.2,0.23,-0.14,1.63,synthetic_demo_feed
mp_seh_ashta,2024-10-05,0.0,33.9,22.2,52.0,5.6,137.3,238.3,4.9,36.1,0.23,-0.14,1.63,synthetic_demo_feed
mp_seh_ashta,2024-10-06,3.9,32.5,22.2,54.6,4.7,123.1,220.3,4.1,25.6,0.23,-0.14,1.63,synthetic_demo_feed
mp_seh_ashta,2024-10-07,0.0,34.4,22.6,46.6,4.8,89.0,233.0,4.2,37.4,0.23,-0.14,1.63,synthetic_demo_feed
mp_seh_ashta,2024-10-08,3.6,34.6,22.5,41.7,3.4,95.5,244.9,3.0,24.4,0.23,-0.14,1.63,synthetic_demo_feed
mp_seh_ashta,2024-10-09,0.0,34.9,22.6,45.5,6.2,81.9,245.4,5.4,33.2,0.23,-0.14,1.63,synthetic_demo_feed
mp_seh_ashta,2024-10-10,0.0,34.9,22.4,44.4,5.2,130.6,252.4,4.5,33.1,0.23,-0.14,1.63,synthetic_demo_feed
mp_seh_ashta,2024-10-11,0.0,33.4,23.5,50.9,5.5,85.8,249.2,4.8,33.0,0.23,-0.14,1.63,synthetic_demo_feed
mp_seh_ashta,2024-10-12,4.7,34.4,23.8,49.8,3.8,111.0,225.2,3.3,37.0,0.23,-0.14,1.63,synthetic_demo_feed
mp_seh_ashta,2024-10-13,0.0,33.0,22.6,56.1,6.8,138.4,242.9,5.9,31.1,0.23,-0.14,1.63,synthetic_demo_feed
mp_seh_ashta,2024-10-14,0.0,33.2,22.7,55.1,6.1,110.2,236.2,5.3,29.0,0.23,-0.14,1.63,synthetic_demo_feed
mp_seh_ashta,2024-10-15,0.0,33.1,23.4,46.9,6.7,110.1,229.9,5.8,24.0,0.23,-0.14,1.63,synthetic_demo_feed
mp_seh_ashta,2024-10-16,0.0,32.9,22.6,59.8,6.0,124.9,225.0,5.2,35.2,0.23,-0.14,1.63,synthetic_demo_feed
mp_seh_ashta,2024-10-17,1.6,33.9,22.4,49.3,3.7,81.5,231.4,3.2,30.4,0.23,-0.14,1.63,synthetic_demo_feed
mp_seh_ashta,2024-10-18,1.2,35.2,22.3,54.7,4.3,139.2,231.8,3.7,25.0,0.23,-0.14,1.63,synthetic_demo_feed
mp_seh_ashta,2024-10-19,0.0,32.9,23.1,47.6,4.7,109.7,236.5,4.1,22.7,0.23,-0.14,1.63,synthetic_demo_feed
mp_seh_ashta,2024-10-20,0.0,32.7,22.9,41.6,5.2,92.5,244.4,4.5,32.6,0.23,-0.14,1.63,synthetic_demo_feed
mp_seh_ashta,2024-10-21,0.0,33.1,22.7,47.8,6.0,125.0,248.8,5.2,27.8,0.23,-0.14,1.63,synthetic_demo_feed
mp_seh_ashta,2024-10-22,0.6,35.2,22.5,56.8,3.6,137.3,243.0,3.1,33.4,0.23,-0.14,1.63,synthetic_demo_feed
mp_seh_ashta,2024-10-23,0.0,35.3,22.7,56.1,3.9,115.5,242.2,3.4,23.3,0.23,-0.14,1.63,synthetic_demo_feed
mp_seh_ashta,2024-10-24,0.0,35.3,22.4,54.2,4.5,115.7,233.4,3.9,27.0,0.23,-0.14,1.63,synthetic_demo_feed
mp_seh_ashta,2024-10-25,0.0,33.2,22.5,53.7,6.2,96.6,236.8,5.4,27.8,0.23,-0.14,1.63,synthetic_demo_feed
mp_seh_ashta,2024-10-26,0.0,32.8,23.5,56.8,5.6,124.8,235.8,4.9,29.5,0.23,-0.14,1.63,synthetic_demo_feed
mp_seh_ashta,2024-10-27,0.0,34.7,23.1,52.0,4.5,101.4,230.6,3.9,29.9,0.23,-0.14,1.63,synthetic_demo_feed
mp_seh_ashta,2024-10-28,0.0,35.0,23.0,50.6,3.7,104.2,234.5,3.2,30.1,0.23,-0.14,1.63,synthetic_demo_feed
mp_seh_ashta,2024-10-29,0.0,34.3,23.0,42.6,6.2,95.3,254.9,5.4,27.9,0.23,-0.14,1.63,synthetic_demo_feed
mp_seh_ashta,2024-10-30,0.0,34.3,22.1,42.6,4.3,135.2,254.2,3.7,36.4,0.23,-0.14,1.63,synthetic_demo_feed
mp_seh_ashta,2024-10-31,0.0,34.2,23.9,57.4,4.1,106.3,225.6,3.6,27.1,0.23,-0.14,1.63,synthetic_demo_feed
mp_seh_ashta,2025-05-01,0.0,34.7,23.8,46.2,3.9,93.1,227.2,3.4,37.1,0.23,-0.14,1.63,synthetic_demo_feed
mp_seh_ashta,2025-05-02,0.0,32.5,22.0,54.5,5.1,104.2,236.2,4.4,29.9,0.23,-0.14,1.63,synthetic_demo_feed
mp_seh_ashta,2025-05-03,0.0,35.4,22.8,48.0,6.1,123.0,254.9,5.3,22.1,0.23,-0.14,1.63,synthetic_demo_feed
mp_seh_ashta,2025-05-04,0.0,34.9,23.3,42.4,6.4,87.6,254.7,5.6,37.5,0.23,-0.14,1.63,synthetic_demo_feed
mp_seh_ashta,2025-05-05,0.0,34.1,23.0,50.1,6.4,127.4,252.5,5.6,35.8,0.23,-0.14,1.63,synthetic_demo_feed
mp_seh_ashta,2025-05-06,0.0,33.1,22.0,55.8,4.4,98.0,224.7,3.8,31.6,0.23,-0.14,1.63,synthetic_demo_feed
mp_seh_ashta,2025-05-07,0.0,34.8,23.8,48.6,6.9,104.1,242.5,6.0,24.7,0.23,-0.14,1.63,synthetic_demo_feed
mp_seh_ashta,2025-05-08,0.0,33.0,22.5,47.0,4.4,134.8,221.1,3.8,25.7,0.23,-0.14,1.63,synthetic_demo_feed
mp_seh_ashta,2025-05-09,0.0,34.2,22.2,45.5,6.2,111.3,231.9,5.4,36.1,0.23,-0.14,1.63,synthetic_demo_feed
mp_seh_ashta,2025-05-10,0.0,33.0,22.1,42.0,4.9,103.3,250.1,4.3,37.5,0.23,-0.14,1.63,synthetic_demo_feed
mp_seh_ashta,2025-05-11,0.0,34.2,23.5,55.1,3.8,93.5,239.5,3.3,22.3,0.23,-0.14,1.63,synthetic_demo_feed
mp_seh_ashta,2025-05-12,0.0,33.5,22.7,41.7,5.3,101.7,241.9,4.6,28.6,0.23,-0.14,1.63,synthetic_demo_feed
mp_seh_ashta,2025-05-13,0.0,33.0,23.2,47.4,5.6,110.0,239.3,4.9,36.9,0.23,-0.14,1.63,synthetic_demo_feed
mp_seh_ashta,2025-05-14,0.0,34.6,22.7,57.1,4.1,109.8,252.2,3.6,25.1,0.23,-0.14,1.63,synthetic_demo_feed
mp_seh_ashta,2025-05-15,0.0,33.1,23.6,49.5,5.3,105.5,236.1,4.6,27.9,0.23,-0.14,1.63,synthetic_demo_feed
mp_seh_ashta,2025-05-16,0.0,34.3,22.4,45.1,3.8,128.8,247.1,3.3,31.5,0.23,-0.14,1.63,synthetic_demo_feed
mp_seh_ashta,2025-05-17,0.0,34.9,23.7,56.0,5.8,91.5,253.6,5.0,24.9,0.23,-0.14,1.63,synthetic_demo_feed
mp_seh_ashta,2025-05-18,0.0,35.1,22.1,57.0,6.2,84.5,220.5,5.4,23.8,0.23,-0.14,1.63,synthetic_demo_feed
mp_seh_ashta,2025-05-19,0.0,33.1,22.4,59.3,4.5,138.3,223.7,3.9,26.9,0.23,-0.14,1.63,synthetic_demo_feed
mp_seh_ashta,2025-05-20,0.0,32.8,23.7,59.9,3.7,111.5,225.5,3.2,31.7,0.23,-0.14,1.63,synthetic_demo_feed
mp_seh_ashta,2025-05-21,0.0,35.0,23.4,56.4,4.8,81.1,248.0,4.2,35.2,0.23,-0.14,1.63,synthetic_demo_feed
mp_seh_ashta,2025-05-22,0.0,35.4,23.0,51.4,5.8,111.8,254.3,5.0,23.4,0.23,-0.14,1.63,synthetic_demo_feed
mp_seh_ashta,2025-05-23,0.0,33.2,22.9,51.4,5.5,138.7,233.3,4.8,29.4,0.23,-0.14,1.63,synthetic_demo_feed
mp_seh_ashta,2025-05-24,0.0,33.0,22.6,43.6,3.6,120.5,233.8,3.1,25.1,0.23,-0.14,1.63,synthetic_demo_feed
mp_seh_ashta,2025-05-25,2.5,34.9,23.2,59.6,5.4,108.1,233.5,4.7,36.3,0.23,-0.14,1.63,synthetic_demo_feed
mp_seh_ashta,2025-05-26,0.0,33.1,23.5,58.3,4.7,109.3,246.4,4.1,29.1,0.23,-0.14,1.63,synthetic_demo_feed
mp_seh_ashta,2025-05-27,0.6,34.4,22.4,41.9,5.8,128.5,231.7,5.0,37.4,0.23,-0.14,1.63,synthetic_demo_feed
mp_seh_ashta,2025-05-28,0.0,33.5,23.0,59.3,3.4,121.3,249.8,3.0,28.8,0.23,-0.14,1.63,synthetic_demo_feed
mp_seh_ashta,2025-05-29,0.0,34.1,23.3,41.3,4.9,108.5,244.0,4.3,36.8,0.23,-0.14,1.63,synthetic_demo_feed
mp_seh_ashta,2025-05-30,0.0,35.3,23.2,49.6,6.9,129.8,237.5,6.0,35.3,0.23,-0.14,1.63,synthetic_demo_feed
mp_seh_ashta,2025-05-31,0.0,34.0,22.3,48.2,6.9,92.0,252.1,6.0,26.3,0.23,-0.14,1.63,synthetic_demo_feed
mp_seh_ashta,2025-06-01,0.0,33.6,22.8,85.4,10.9,244.9,213.6,9.5,68.0,0.23,-0.14,1.63,synthetic_demo_feed
mp_seh_ashta,2025-06-02,10.0,32.8,22.5,73.9,11.3,227.7,197.8,9.8,52.8,0.23,-0.14,1.63,synthetic_demo_feed
mp_seh_ashta,2025-06-03,10.5,31.7,22.6,71.3,11.3,211.4,205.1,9.8,58.3,0.23,-0.14,1.63,synthetic_demo_feed
mp_seh_ashta,2025-06-04,0.0,34.3,22.0,70.6,11.5,239.0,190.1,10.0,59.9,0.23,-0.14,1.63,synthetic_demo_feed
mp_seh_ashta,2025-06-05,0.0,34.4,22.7,72.2,10.7,211.1,209.9,9.3,51.8,0.23,-0.14,1.63,synthetic_demo_feed
mp_seh_ashta,2025-06-06,20.8,31.0,22.7,65.7,12.0,231.3,191.2,10.4,74.0,0.23,-0.14,1.63,synthetic_demo_feed
mp_seh_ashta,2025-06-07,14.5,31.1,23.2,69.3,10.5,222.1,217.0,9.1,63.2,0.23,-0.14,1.63,synthetic_demo_feed
mp_seh_ashta,2025-06-08,31.2,27.9,22.4,92.2,15.6,218.4,161.5,13.6,56.0,0.23,-0.14,1.63,synthetic_demo_feed
mp_seh_ashta,2025-06-09,37.2,29.6,22.4,80.0,10.3,242.4,190.6,9.0,62.0,0.23,-0.14,1.63,synthetic_demo_feed
mp_seh_ashta,2025-06-10,30.4,30.2,22.3,80.7,11.7,224.4,189.3,10.2,68.0,0.23,-0.14,1.63,synthetic_demo_feed
mp_seh_ashta,2025-06-11,18.0,30.4,22.6,86.5,13.8,225.8,178.7,12.0,74.0,0.23,-0.14,1.63,synthetic_demo_feed
mp_seh_ashta,2025-06-12,19.3,32.5,22.8,95.0,14.1,227.3,174.9,12.3,80.0,0.23,-0.14,1.63,synthetic_demo_feed
mp_seh_ashta,2025-06-13,7.4,33.1,22.9,76.2,8.2,214.5,214.3,7.1,69.7,0.23,-0.14,1.63,synthetic_demo_feed
mp_seh_ashta,2025-06-14,0.0,34.9,22.1,82.4,11.2,213.6,211.3,9.7,53.5,0.23,-0.14,1.63,synthetic_demo_feed
mp_seh_ashta,2025-06-15,13.5,31.5,22.8,67.5,11.6,249.1,181.8,10.1,71.2,0.23,-0.14,1.63,synthetic_demo_feed
mp_seh_ashta,2025-06-16,22.3,29.9,23.7,69.7,10.8,227.1,199.0,9.4,50.9,0.23,-0.14,1.63,synthetic_demo_feed
mp_seh_ashta,2025-06-17,7.3,32.8,23.2,73.5,12.0,244.2,192.9,10.4,66.2,0.23,-0.14,1.63,synthetic_demo_feed
mp_seh_ashta,2025-06-18,20.7,29.5,23.5,79.8,11.4,211.2,193.8,9.9,50.5,0.23,-0.14,1.63,synthetic_demo_feed
mp_seh_ashta,2025-06-19,14.4,32.9,23.4,66.4,11.4,237.2,193.4,9.9,47.6,0.23,-0.14,1.63,synthetic_demo_feed
mp_seh_ashta,2025-06-20,6.1,32.2,22.2,74.2,12.1,217.5,187.3,10.5,47.8,0.23,-0.14,1.63,synthetic_demo_feed
mp_seh_ashta,2025-06-21,0.0,34.5,23.4,77.0,10.8,248.6,194.6,9.4,53.9,0.23,-0.14,1.63,synthetic_demo_feed
mp_seh_ashta,2025-06-22,0.0,35.2,23.0,76.5,9.7,249.2,189.9,8.4,45.3,0.23,-0.14,1.63,synthetic_demo_feed
mp_seh_ashta,2025-06-23,0.0,34.4,22.2,83.5,7.7,211.2,182.6,6.7,57.1,0.23,-0.14,1.63,synthetic_demo_feed
mp_seh_ashta,2025-06-24,3.4,33.9,22.9,69.7,9.8,239.2,181.4,8.5,61.1,0.23,-0.14,1.63,synthetic_demo_feed
mp_seh_ashta,2025-06-25,0.0,33.6,22.4,70.8,7.5,247.2,187.9,6.5,70.2,0.23,-0.14,1.63,synthetic_demo_feed
mp_seh_ashta,2025-06-26,8.9,32.6,23.0,85.2,12.0,234.6,207.1,10.4,63.6,0.23,-0.14,1.63,synthetic_demo_feed
mp_seh_ashta,2025-06-27,22.0,30.4,24.0,70.6,11.7,219.8,202.2,10.2,64.9,0.23,-0.14,1.63,synthetic_demo_feed
mp_seh_ashta,2025-06-28,0.0,35.0,23.9,72.5,11.3,249.8,197.1,9.8,63.7,0.23,-0.14,1.63,synthetic_demo_feed
mp_seh_ashta,2025-06-29,0.0,34.3,22.0,85.7,10.9,249.8,202.0,9.5,74.9,0.23,-0.14,1.63,synthetic_demo_feed
mp_seh_ashta,2025-06-30,0.0,34.6,22.7,73.6,10.7,226.9,181.3,9.3,45.2,0.23,-0.14,1.63,synthetic_demo_feed
mp_seh_ashta,2025-07-01,0.0,34.4,23.8,68.7,11.3,234.3,182.2,9.8,70.0,0.23,-0.14,1.63,synthetic_demo_feed
mp_seh_ashta,2025-07-02,0.0,35.0,22.3,70.0,9.4,219.8,204.9,8.2,73.8,0.23,-0.14,1.63,synthetic_demo_feed
mp_seh_ashta,2025-07-03,0.0,33.8,23.3,65.1,8.9,214.7,196.0,7.7,52.3,0.23,-0.14,1.63,synthetic_demo_feed
mp_seh_ashta,2025-07-04,20.6,29.9,22.2,80.7,11.6,244.7,213.7,10.1,51.3,0.23,-0.14,1.63,synthetic_demo_feed
mp_seh_ashta,2025-07-05,0.0,32.6,22.3,87.5,7.9,213.1,194.3,6.9,54.8,0.23,-0.14,1.63,synthetic_demo_feed
mp_seh_ashta,2025-07-06,0.0,35.3,22.3,87.9,7.7,246.3,185.6,6.7,70.6,0.23,-0.14,1.63,synthetic_demo_feed
mp_seh_ashta,2025-07-07,22.2,31.9,22.7,70.5,7.6,231.2,211.3,6.6,74.0,0.23,-0.14,1.63,synthetic_demo_feed
mp_seh_ashta,2025-07-08,0.0,34.3,23.8,75.2,10.1,233.5,188.7,8.8,69.7,0.23,-0.14,1.63,synthetic_demo_feed
mp_seh_ashta,2025-07-09,0.0,33.5,23.1,81.5,8.9,214.2,209.9,7.7,64.1,0.23,-0.14,1.63,synthetic_demo_feed
mp_seh_ashta,2025-07-10,0.0,34.0,22.3,84.8,10.0,247.3,201.4,8.7,50.6,0.23,-0.14,1.63,synthetic_demo_feed
mp_seh_ashta,2025-07-11,0.0,35.1,22.7,67.3,12.0,228.7,203.5,10.4,55.3,0.23,-0.14,1.63,synthetic_demo_feed
mp_seh_ashta,2025-07-12,14.4,30.5,22.1,72.7,11.3,230.5,201.0,9.8,55.2,0.23,-0.14,1.63,synthetic_demo_feed
mp_seh_ashta,2025-07-13,0.0,33.3,23.0,79.3,11.8,225.5,209.1,10.3,70.3,0.23,-0.14,1.63,synthetic_demo_feed
mp_seh_ashta,2025-07-14,0.0,33.3,23.5,82.5,11.7,245.4,193.5,10.2,60.4,0.23,-0.14,1.63,synthetic_demo_feed
mp_seh_ashta,2025-07-15,0.0,33.7,22.6,68.1,10.1,219.5,209.5,8.8,52.7,0.23,-0.14,1.63,synthetic_demo_feed
mp_seh_ashta,2025-07-16,12.5,32.4,23.6,73.3,10.6,247.4,214.0,9.2,68.5,0.23,-0.14,1.63,synthetic_demo_feed
mp_seh_ashta,2025-07-17,10.0,33.0,22.9,76.7,12.0,241.0,200.4,10.4,66.4,0.23,-0.14,1.63,synthetic_demo_feed
mp_seh_ashta,2025-07-18,19.8,32.2,22.7,76.3,10.0,245.2,198.1,8.7,56.2,0.23,-0.14,1.63,synthetic_demo_feed
mp_seh_ashta,2025-07-19,7.4,32.1,23.2,81.9,11.8,234.6,197.9,10.3,69.4,0.23,-0.14,1.63,synthetic_demo_feed
mp_seh_ashta,2025-07-20,0.0,33.6,24.0,47.3,3.7,112.8,236.6,3.2,55.5,0.23,-0.14,1.63,synthetic_demo_feed
mp_seh_ashta,2025-07-21,0.2,35.2,23.7,56.3,4.0,86.3,252.2,3.5,51.0,0.23,-0.14,1.63,synthetic_demo_feed
mp_seh_ashta,2025-07-22,0.3,34.4,23.0,54.6,4.5,89.2,239.9,3.9,46.5,0.23,-0.14,1.63,synthetic_demo_feed
mp_seh_ashta,2025-07-23,0.3,34.8,22.9,56.9,5.5,95.8,240.5,4.8,42.0,0.23,-0.14,1.63,synthetic_demo_feed
mp_seh_ashta,2025-07-24,0.6,35.1,24.0,54.5,3.8,109.4,235.5,3.3,37.5,0.23,-0.14,1.63,synthetic_demo_feed
mp_seh_ashta,2025-07-25,0.5,33.3,22.7,43.0,3.4,86.8,244.9,3.0,33.0,0.23,-0.14,1.63,synthetic_demo_feed
mp_seh_ashta,2025-07-26,0.5,34.9,22.1,56.9,4.3,97.0,241.9,3.7,28.5,0.23,-0.14,1.63,synthetic_demo_feed
mp_seh_ashta,2025-07-27,0.3,34.3,22.7,47.7,5.2,129.8,248.9,4.5,24.0,0.23,-0.14,1.63,synthetic_demo_feed
mp_seh_ashta,2025-07-28,0.7,34.1,23.9,48.8,5.6,92.9,255.0,4.9,20.0,0.23,-0.14,1.63,synthetic_demo_feed
mp_seh_ashta,2025-07-29,24.3,30.4,23.1,84.8,11.0,241.3,206.3,9.6,57.4,0.23,-0.14,1.63,synthetic_demo_feed
mp_seh_ashta,2025-07-30,2.7,34.4,22.1,67.1,11.3,218.0,219.5,9.8,60.1,0.23,-0.14,1.63,synthetic_demo_feed
mp_seh_ashta,2025-07-31,0.0,33.0,23.3,75.8,9.2,233.2,194.8,8.0,54.6,0.23,-0.14,1.63,synthetic_demo_feed
mp_seh_ashta,2025-08-01,0.0,34.3,23.9,85.4,10.3,244.8,188.9,9.0,68.4,0.23,-0.14,1.63,synthetic_demo_feed
mp_seh_ashta,2025-08-02,0.0,35.4,23.1,87.0,10.2,235.8,196.8,8.9,71.5,0.23,-0.14,1.63,synthetic_demo_feed
mp_seh_ashta,2025-08-03,4.5,32.1,22.7,77.7,11.6,218.2,194.7,10.1,62.9,0.23,-0.14,1.63,synthetic_demo_feed
mp_seh_ashta,2025-08-04,11.6,31.5,22.4,69.4,10.6,232.8,181.9,9.2,65.3,0.23,-0.14,1.63,synthetic_demo_feed
mp_seh_ashta,2025-08-05,15.7,31.8,22.9,80.4,7.5,216.8,187.4,6.5,52.1,0.23,-0.14,1.63,synthetic_demo_feed
mp_seh_ashta,2025-08-06,0.0,33.3,23.9,79.1,10.3,230.8,218.1,9.0,60.8,0.23,-0.14,1.63,synthetic_demo_feed
mp_seh_ashta,2025-08-07,0.0,33.3,23.7,74.3,9.8,215.4,196.5,8.5,67.4,0.23,-0.14,1.63,synthetic_demo_feed
mp_seh_ashta,2025-08-08,7.7,32.6,22.6,71.8,7.9,221.1,200.5,6.9,67.3,0.23,-0.14,1.63,synthetic_demo_feed
mp_seh_ashta,2025-08-09,0.0,34.2,23.5,65.7,8.9,240.6,196.5,7.7,58.9,0.23,-0.14,1.63,synthetic_demo_feed
mp_seh_ashta,2025-08-10,0.0,34.5,23.0,70.5,9.8,237.3,204.0,8.5,62.8,0.23,-0.14,1.63,synthetic_demo_feed
mp_seh_ashta,2025-08-11,0.0,33.4,23.1,71.3,11.8,236.6,197.7,10.3,62.0,0.23,-0.14,1.63,synthetic_demo_feed
mp_seh_ashta,2025-08-12,23.9,31.0,22.5,87.6,10.6,242.4,195.4,9.2,62.1,0.23,-0.14,1.63,synthetic_demo_feed
mp_seh_ashta,2025-08-13,12.3,31.1,22.8,79.1,8.2,241.8,192.4,7.1,45.3,0.23,-0.14,1.63,synthetic_demo_feed
mp_seh_ashta,2025-08-14,0.0,35.4,22.8,83.5,12.3,226.7,213.9,10.7,53.0,0.23,-0.14,1.63,synthetic_demo_feed
mp_seh_ashta,2025-08-15,0.0,33.0,22.3,67.8,12.4,241.3,200.8,10.8,74.6,0.23,-0.14,1.63,synthetic_demo_feed
mp_seh_ashta,2025-08-16,17.5,31.6,22.3,79.8,12.5,246.1,206.0,10.9,53.0,0.23,-0.14,1.63,synthetic_demo_feed
mp_seh_ashta,2025-08-17,7.2,33.4,22.1,71.2,10.3,230.6,199.4,9.0,74.4,0.23,-0.14,1.63,synthetic_demo_feed
mp_seh_ashta,2025-08-18,0.0,34.0,22.1,77.0,12.1,220.6,192.0,10.5,54.8,0.23,-0.14,1.63,synthetic_demo_feed
mp_seh_ashta,2025-08-19,15.6,32.1,23.3,72.5,12.2,236.6,207.5,10.6,68.3,0.23,-0.14,1.63,synthetic_demo_feed
mp_seh_ashta,2025-08-20,0.0,32.5,23.8,76.6,11.6,223.5,194.9,10.1,61.8,0.23,-0.14,1.63,synthetic_demo_feed
mp_seh_ashta,2025-08-21,0.0,33.3,22.5,82.2,9.5,234.1,185.3,8.3,64.5,0.23,-0.14,1.63,synthetic_demo_feed
mp_seh_ashta,2025-08-22,11.8,33.6,22.7,73.5,9.9,245.3,189.0,8.6,48.2,0.23,-0.14,1.63,synthetic_demo_feed
mp_seh_ashta,2025-08-23,0.0,34.0,22.9,68.5,7.8,228.2,187.1,6.8,74.4,0.23,-0.14,1.63,synthetic_demo_feed
mp_seh_ashta,2025-08-24,10.8,33.8,22.7,79.5,9.2,247.8,182.0,8.0,47.8,0.23,-0.14,1.63,synthetic_demo_feed
mp_seh_ashta,2025-08-25,10.2,32.6,22.1,70.1,8.0,213.5,195.0,7.0,71.4,0.23,-0.14,1.63,synthetic_demo_feed
mp_seh_ashta,2025-08-26,6.7,32.9,22.8,77.9,8.4,238.4,187.4,7.3,71.0,0.23,-0.14,1.63,synthetic_demo_feed
mp_seh_ashta,2025-08-27,21.7,29.9,23.1,66.1,11.0,210.1,206.9,9.6,53.4,0.23,-0.14,1.63,synthetic_demo_feed
mp_seh_ashta,2025-08-28,24.6,28.9,22.7,66.8,10.7,215.1,212.0,9.3,69.7,0.23,-0.14,1.63,synthetic_demo_feed
mp_seh_ashta,2025-08-29,8.5,33.0,23.5,82.9,11.8,224.5,198.4,10.3,72.5,0.23,-0.14,1.63,synthetic_demo_feed
mp_seh_ashta,2025-08-30,0.0,34.3,22.9,65.4,8.2,248.3,193.4,7.1,50.4,0.23,-0.14,1.63,synthetic_demo_feed
mp_seh_ashta,2025-08-31,0.0,33.4,23.7,76.6,12.2,235.1,188.6,10.6,50.8,0.23,-0.14,1.63,synthetic_demo_feed
mp_seh_ashta,2025-09-01,0.0,32.7,23.2,67.8,11.2,216.1,215.9,9.7,46.2,0.23,-0.14,1.63,synthetic_demo_feed
mp_seh_ashta,2025-09-02,0.0,34.9,22.4,78.5,9.5,228.4,185.6,8.3,53.6,0.23,-0.14,1.63,synthetic_demo_feed
mp_seh_ashta,2025-09-03,12.6,31.0,22.6,71.5,8.3,242.0,218.7,7.2,47.5,0.23,-0.14,1.63,synthetic_demo_feed
mp_seh_ashta,2025-09-04,12.1,30.9,22.8,69.0,12.0,224.2,194.1,10.4,51.0,0.23,-0.14,1.63,synthetic_demo_feed
mp_seh_ashta,2025-09-05,0.0,32.9,22.9,75.4,8.3,215.6,196.7,7.2,55.0,0.23,-0.14,1.63,synthetic_demo_feed
mp_seh_ashta,2025-09-06,7.9,32.3,22.0,66.3,9.9,245.6,205.2,8.6,58.6,0.23,-0.14,1.63,synthetic_demo_feed
mp_seh_ashta,2025-09-07,19.3,30.9,22.0,75.0,11.0,228.5,213.7,9.6,59.6,0.23,-0.14,1.63,synthetic_demo_feed
mp_seh_ashta,2025-09-08,4.1,34.5,23.2,67.1,11.0,242.4,187.1,9.6,56.5,0.23,-0.14,1.63,synthetic_demo_feed
mp_seh_ashta,2025-09-09,0.0,34.6,22.5,78.2,11.6,235.2,194.6,10.1,51.9,0.23,-0.14,1.63,synthetic_demo_feed
mp_seh_ashta,2025-09-10,14.4,31.6,22.9,87.3,11.2,212.2,209.4,9.7,71.1,0.23,-0.14,1.63,synthetic_demo_feed
mp_seh_ashta,2025-09-11,9.2,31.9,22.8,77.1,8.0,220.6,185.8,7.0,46.0,0.23,-0.14,1.63,synthetic_demo_feed
mp_seh_ashta,2025-09-12,0.0,34.2,22.3,80.7,10.7,211.4,211.4,9.3,67.2,0.23,-0.14,1.63,synthetic_demo_feed
mp_seh_ashta,2025-09-13,19.9,31.9,22.2,72.0,9.2,234.3,216.2,8.0,60.1,0.23,-0.14,1.63,synthetic_demo_feed
mp_seh_ashta,2025-09-14,11.3,31.5,22.6,87.6,8.7,238.3,194.6,7.6,51.1,0.23,-0.14,1.63,synthetic_demo_feed
mp_seh_ashta,2025-09-15,9.3,33.8,22.2,65.1,12.0,240.8,198.6,10.4,69.6,0.23,-0.14,1.63,synthetic_demo_feed
mp_seh_ashta,2025-09-16,12.6,30.6,23.9,68.4,10.8,220.8,198.0,9.4,68.6,0.23,-0.14,1.63,synthetic_demo_feed
mp_seh_ashta,2025-09-17,20.9,31.4,23.6,79.3,11.2,244.5,193.6,9.7,61.6,0.23,-0.14,1.63,synthetic_demo_feed
mp_seh_ashta,2025-09-18,0.0,35.0,23.1,75.8,10.3,225.2,205.1,9.0,58.5,0.23,-0.14,1.63,synthetic_demo_feed
mp_seh_ashta,2025-09-19,11.0,33.1,23.9,78.9,7.7,241.0,197.8,6.7,59.8,0.23,-0.14,1.63,synthetic_demo_feed
mp_seh_ashta,2025-09-20,19.7,32.0,22.2,73.0,7.8,225.1,182.8,6.8,55.9,0.23,-0.14,1.63,synthetic_demo_feed
mp_seh_ashta,2025-09-21,0.0,35.5,22.8,66.7,11.2,235.7,187.6,9.7,62.7,0.23,-0.14,1.63,synthetic_demo_feed
mp_seh_ashta,2025-09-22,16.0,32.3,23.3,66.0,11.3,247.1,212.7,9.8,55.5,0.23,-0.14,1.63,synthetic_demo_feed
mp_seh_ashta,2025-09-23,0.0,35.0,22.9,72.7,12.5,236.6,213.1,10.9,51.1,0.23,-0.14,1.63,synthetic_demo_feed
mp_seh_ashta,2025-09-24,0.0,33.0,22.0,65.2,12.0,231.5,219.6,10.4,52.8,0.23,-0.14,1.63,synthetic_demo_feed
mp_seh_ashta,2025-09-25,0.0,34.2,23.6,81.6,10.8,226.4,197.0,9.4,58.5,0.23,-0.14,1.63,synthetic_demo_feed
mp_seh_ashta,2025-09-26,0.0,35.0,22.1,80.1,11.7,232.4,219.1,10.2,68.6,0.23,-0.14,1.63,synthetic_demo_feed
mp_seh_ashta,2025-09-27,0.0,35.3,22.4,65.6,11.3,243.5,214.6,9.8,63.2,0.23,-0.14,1.63,synthetic_demo_feed
mp_seh_ashta,2025-09-28,0.0,32.7,22.9,78.2,9.0,212.0,182.7,7.8,69.4,0.23,-0.14,1.63,synthetic_demo_feed
mp_seh_ashta,2025-09-29,5.6,34.2,23.3,77.1,10.9,237.6,207.6,9.5,55.3,0.23,-0.14,1.63,synthetic_demo_feed
mp_seh_ashta,2025-09-30,0.0,34.5,22.9,83.1,11.8,237.9,212.9,10.3,47.5,0.23,-0.14,1.63,synthetic_demo_feed
mp_seh_ashta,2025-10-01,0.0,34.5,23.5,51.3,3.8,134.5,250.8,3.3,28.8,0.23,-0.14,1.63,synthetic_demo_feed
mp_seh_ashta,2025-10-02,0.0,34.3,22.8,44.0,5.2,127.9,221.0,4.5,27.1,0.23,-0.14,1.63,synthetic_demo_feed
mp_seh_ashta,2025-10-03,0.0,34.9,23.7,43.0,6.3,138.3,254.7,5.5,27.7,0.23,-0.14,1.63,synthetic_demo_feed
mp_seh_ashta,2025-10-04,0.0,34.5,23.6,56.7,6.7,123.8,228.4,5.8,36.9,0.23,-0.14,1.63,synthetic_demo_feed
mp_seh_ashta,2025-10-05,0.0,33.8,23.5,41.0,4.7,132.8,241.3,4.1,27.7,0.23,-0.14,1.63,synthetic_demo_feed
mp_seh_ashta,2025-10-06,0.0,32.9,22.2,47.3,5.1,123.6,234.6,4.4,23.9,0.23,-0.14,1.63,synthetic_demo_feed
mp_seh_ashta,2025-10-07,0.0,33.6,24.0,50.0,6.8,135.7,235.7,5.9,31.7,0.23,-0.14,1.63,synthetic_demo_feed
mp_seh_ashta,2025-10-08,0.0,33.6,23.2,46.1,5.8,115.4,253.1,5.0,30.6,0.23,-0.14,1.63,synthetic_demo_feed
mp_seh_ashta,2025-10-09,0.0,33.1,23.4,40.7,3.9,133.5,226.2,3.4,23.3,0.23,-0.14,1.63,synthetic_demo_feed
mp_seh_ashta,2025-10-10,0.0,32.8,22.8,56.2,3.9,115.1,240.2,3.4,23.8,0.23,-0.14,1.63,synthetic_demo_feed
mp_seh_ashta,2025-10-11,0.0,34.8,23.0,44.3,5.8,93.0,232.9,5.0,23.2,0.23,-0.14,1.63,synthetic_demo_feed
mp_seh_ashta,2025-10-12,0.0,33.9,22.5,56.0,3.9,99.8,233.8,3.4,33.6,0.23,-0.14,1.63,synthetic_demo_feed
mp_seh_ashta,2025-10-13,0.0,34.8,23.9,42.7,4.0,95.2,234.8,3.5,32.8,0.23,-0.14,1.63,synthetic_demo_feed
mp_seh_ashta,2025-10-14,0.0,34.3,22.6,48.1,5.4,102.1,224.0,4.7,35.7,0.23,-0.14,1.63,synthetic_demo_feed
mp_seh_ashta,2025-10-15,0.0,32.7,23.3,42.6,4.0,110.6,240.0,3.5,31.3,0.23,-0.14,1.63,synthetic_demo_feed
mp_seh_ashta,2025-10-16,0.0,34.7,23.7,51.4,6.2,102.4,252.6,5.4,26.4,0.23,-0.14,1.63,synthetic_demo_feed
mp_seh_ashta,2025-10-17,0.0,34.0,23.0,59.3,4.5,130.7,242.7,3.9,33.1,0.23,-0.14,1.63,synthetic_demo_feed
mp_seh_ashta,2025-10-18,1.5,33.2,22.7,46.0,3.9,110.2,222.6,3.4,26.8,0.23,-0.14,1.63,synthetic_demo_feed
mp_seh_ashta,2025-10-19,0.0,32.9,23.9,47.0,4.6,89.5,222.4,4.0,35.7,0.23,-0.14,1.63,synthetic_demo_feed
mp_seh_ashta,2025-10-20,0.0,35.1,22.9,43.8,6.0,101.1,238.0,5.2,31.5,0.23,-0.14,1.63,synthetic_demo_feed
mp_seh_ashta,2025-10-21,0.0,34.1,23.8,44.0,4.4,127.5,250.9,3.8,23.6,0.23,-0.14,1.63,synthetic_demo_feed
mp_seh_ashta,2025-10-22,0.0,34.8,22.5,46.5,5.3,135.4,248.2,4.6,28.4,0.23,-0.14,1.63,synthetic_demo_feed
mp_seh_ashta,2025-10-23,0.0,32.5,22.3,41.2,6.2,109.2,229.5,5.4,33.5,0.23,-0.14,1.63,synthetic_demo_feed
mp_seh_ashta,2025-10-24,0.0,33.0,23.8,47.0,5.6,80.1,236.6,4.9,35.5,0.23,-0.14,1.63,synthetic_demo_feed
mp_seh_ashta,2025-10-25,0.0,34.3,23.9,57.5,5.2,118.5,248.0,4.5,31.8,0.23,-0.14,1.63,synthetic_demo_feed
mp_seh_ashta,2025-10-26,0.0,33.8,23.9,52.6,6.3,92.6,225.4,5.5,25.9,0.23,-0.14,1.63,synthetic_demo_feed
mp_seh_ashta,2025-10-27,0.0,34.0,23.7,42.0,5.6,98.0,237.6,4.9,27.2,0.23,-0.14,1.63,synthetic_demo_feed
mp_seh_ashta,2025-10-28,0.0,35.0,23.8,59.6,3.8,89.7,221.9,3.3,28.6,0.23,-0.14,1.63,synthetic_demo_feed
mp_seh_ashta,2025-10-29,0.0,33.0,23.8,46.5,4.6,137.7,249.1,4.0,28.7,0.23,-0.14,1.63,synthetic_demo_feed
mp_seh_ashta,2025-10-30,0.0,33.0,23.3,47.8,4.4,114.2,232.0,3.8,33.3,0.23,-0.14,1.63,synthetic_demo_feed
mp_seh_ashta,2025-10-31,4.2,33.0,23.8,53.3,4.9,135.1,222.9,4.3,25.7,0.23,-0.14,1.63,synthetic_demo_feed
ka_dwd_hubli,2023-05-01,0.0,34.9,23.9,41.0,6.0,111.5,244.0,5.2,22.8,0.54,0.36,1.58,synthetic_demo_feed
ka_dwd_hubli,2023-05-02,0.0,33.1,22.3,55.5,5.4,95.6,221.8,4.7,23.7,0.54,0.36,1.58,synthetic_demo_feed
ka_dwd_hubli,2023-05-03,0.0,34.4,23.0,58.3,4.0,104.0,223.0,3.5,24.6,0.54,0.36,1.58,synthetic_demo_feed
ka_dwd_hubli,2023-05-04,0.0,32.8,23.5,48.7,5.5,134.4,221.5,4.8,32.6,0.54,0.36,1.58,synthetic_demo_feed
ka_dwd_hubli,2023-05-05,0.0,34.9,22.3,48.7,5.8,100.4,226.7,5.0,27.8,0.54,0.36,1.58,synthetic_demo_feed
ka_dwd_hubli,2023-05-06,0.0,35.1,23.1,58.1,3.7,106.4,248.0,3.2,33.1,0.54,0.36,1.58,synthetic_demo_feed
ka_dwd_hubli,2023-05-07,0.0,34.6,22.4,51.0,6.0,128.2,243.3,5.2,31.1,0.54,0.36,1.58,synthetic_demo_feed
ka_dwd_hubli,2023-05-08,0.0,32.8,22.6,57.3,6.2,114.2,226.0,5.4,32.3,0.54,0.36,1.58,synthetic_demo_feed
ka_dwd_hubli,2023-05-09,0.0,32.8,23.6,42.2,3.8,137.7,229.5,3.3,22.1,0.54,0.36,1.58,synthetic_demo_feed
ka_dwd_hubli,2023-05-10,0.0,35.1,22.8,43.8,5.4,89.2,233.9,4.7,23.9,0.54,0.36,1.58,synthetic_demo_feed
ka_dwd_hubli,2023-05-11,0.0,35.2,22.3,40.6,6.3,117.2,249.0,5.5,29.2,0.54,0.36,1.58,synthetic_demo_feed
ka_dwd_hubli,2023-05-12,0.0,35.4,22.8,52.4,4.5,101.8,230.6,3.9,30.1,0.54,0.36,1.58,synthetic_demo_feed
ka_dwd_hubli,2023-05-13,0.0,34.3,22.5,49.3,5.3,103.1,222.6,4.6,37.0,0.54,0.36,1.58,synthetic_demo_feed
ka_dwd_hubli,2023-05-14,0.0,35.4,23.4,42.0,5.5,114.6,231.4,4.8,28.7,0.54,0.36,1.58,synthetic_demo_feed
ka_dwd_hubli,2023-05-15,0.0,34.5,23.8,43.0,4.1,85.9,253.8,3.6,23.8,0.54,0.36,1.58,synthetic_demo_feed
ka_dwd_hubli,2023-05-16,1.6,34.6,23.8,48.1,3.8,94.1,224.8,3.3,36.0,0.54,0.36,1.58,synthetic_demo_feed
ka_dwd_hubli,2023-05-17,0.0,35.1,23.8,40.2,5.9,135.3,228.8,5.1,24.0,0.54,0.36,1.58,synthetic_demo_feed
ka_dwd_hubli,2023-05-18,0.0,34.8,22.0,41.6,5.1,88.4,253.0,4.4,25.9,0.54,0.36,1.58,synthetic_demo_feed
ka_dwd_hubli,2023-05-19,0.0,33.8,23.6,45.1,6.1,128.8,249.2,5.3,25.9,0.54,0.36,1.58,synthetic_demo_feed
ka_dwd_hubli,2023-05-20,0.0,34.5,23.3,52.4,6.1,119.7,221.0,5.3,33.7,0.54,0.36,1.58,synthetic_demo_feed
ka_dwd_hubli,2023-05-21,0.0,33.7,22.9,58.2,5.6,83.1,238.7,4.9,28.8,0.54,0.36,1.58,synthetic_demo_feed
ka_dwd_hubli,2023-05-22,0.0,32.6,23.3,49.7,6.4,90.7,250.7,5.6,24.1,0.54,0.36,1.58,synthetic_demo_feed
ka_dwd_hubli,2023-05-23,0.0,35.1,22.7,56.7,3.6,84.4,244.1,3.1,33.2,0.54,0.36,1.58,synthetic_demo_feed
ka_dwd_hubli,2023-05-24,0.0,35.3,22.6,54.3,6.1,107.7,248.5,5.3,29.9,0.54,0.36,1.58,synthetic_demo_feed
ka_dwd_hubli,2023-05-25,0.0,33.8,23.6,46.9,4.0,139.3,232.1,3.5,36.2,0.54,0.36,1.58,synthetic_demo_feed
ka_dwd_hubli,2023-05-26,0.0,34.7,23.5,60.0,4.0,122.8,227.3,3.5,29.0,0.54,0.36,1.58,synthetic_demo_feed
ka_dwd_hubli,2023-05-27,0.0,34.2,23.6,51.1,4.1,110.7,231.2,3.6,23.7,0.54,0.36,1.58,synthetic_demo_feed
ka_dwd_hubli,2023-05-28,0.0,35.0,23.1,53.4,4.1,105.6,233.3,3.6,24.7,0.54,0.36,1.58,synthetic_demo_feed
ka_dwd_hubli,2023-05-29,4.4,32.9,23.8,43.6,3.6,126.4,245.8,3.1,36.0,0.54,0.36,1.58,synthetic_demo_feed
ka_dwd_hubli,2023-05-30,0.0,32.7,22.9,51.6,5.5,114.7,238.2,4.8,23.1,0.54,0.36,1.58,synthetic_demo_feed
ka_dwd_hubli,2023-05-31,0.0,34.7,22.7,45.0,4.1,128.9,222.8,3.6,33.3,0.54,0.36,1.58,synthetic_demo_feed
ka_dwd_hubli,2023-06-01,0.0,34.2,23.8,76.0,7.5,246.1,219.9,6.5,45.2,0.54,0.36,1.58,synthetic_demo_feed
ka_dwd_hubli,2023-06-02,0.0,34.8,22.9,83.2,10.6,230.2,206.3,9.2,57.0,0.54,0.36,1.58,synthetic_demo_feed
ka_dwd_hubli,2023-06-03,0.0,34.9,23.8,70.5,11.5,224.3,196.6,10.0,73.0,0.54,0.36,1.58,synthetic_demo_feed
ka_dwd_hubli,2023-06-04,0.0,33.0,23.8,82.0,10.3,233.3,212.9,9.0,53.3,0.54,0.36,1.58,synthetic_demo_feed
ka_dwd_hubli,2023-06-05,6.9,31.7,22.6,65.8,8.5,233.3,213.8,7.4,54.8,0.54,0.36,1.58,synthetic_demo_feed
ka_dwd_hubli,2023-06-06,18.0,31.6,23.0,86.2,11.4,223.7,184.4,9.9,48.0,0.54,0.36,1.58,synthetic_demo_feed
ka_dwd_hubli,2023-06-07,0.0,33.6,23.2,74.9,11.6,247.7,219.1,10.1,57.1,0.54,0.36,1.58,synthetic_demo_feed
ka_dwd_hubli,2023-06-08,20.7,32.0,23.8,83.6,10.2,215.6,161.1,8.9,56.0,0.54,0.36,1.58,synthetic_demo_feed
ka_dwd_hubli,2023-06-09,18.8,32.0,22.9,92.6,14.3,248.4,174.7,12.4,62.0,0.54,0.36,1.58,synthetic_demo_feed
ka_dwd_hubli,2023-06-10,13.0,31.1,23.3,92.4,15.4,231.8,184.8,13.4,68.0,0.54,0.36,1.58,synthetic_demo_feed
ka_dwd_hubli,2023-06-11,15.6,31.7,23.2,91.9,10.1,239.0,162.8,8.8,74.0,0.54,0.36,1.58,synthetic_demo_feed
ka_dwd_hubli,2023-06-12,31.5,30.0,23.7,90.1,15.2,222.8,172.4,13.2,80.0,0.54,0.36,1.58,synthetic_demo_feed
ka_dwd_hubli,2023-06-13,21.0,30.6,23.5,82.2,8.3,229.9,182.8,7.2,73.4,0.54,0.36,1.58,synthetic_demo_feed
ka_dwd_hubli,2023-06-14,0.0,35.5,22.2,84.3,9.1,210.6,182.8,7.9,51.2,0.54,0.36,1.58,synthetic_demo_feed
ka_dwd_hubli,2023-06-15,0.0,34.8,23.6,66.2,12.5,233.3,196.1,10.9,58.0,0.54,0.36,1.58,synthetic_demo_feed
ka_dwd_hubli,2023-06-16,21.2,29.4,23.4,77.2,11.7,221.9,181.1,10.2,60.3,0.54,0.36,1.58,synthetic_demo_feed
ka_dwd_hubli,2023-06-17,0.0,34.0,22.6,86.1,10.9,238.3,208.6,9.5,48.9,0.54,0.36,1.58,synthetic_demo_feed
ka_dwd_hubli,2023-06-18,4.5,33.7,22.9,87.4,10.1,227.8,181.8,8.8,46.9,0.54,0.36,1.58,synthetic_demo_feed
ka_dwd_hubli,2023-06-19,0.0,33.9,23.8,71.5,11.4,210.4,187.7,9.9,63.2,0.54,0.36,1.58,synthetic_demo_feed
ka_dwd_hubli,2023-06-20,0.0,33.3,23.4,79.8,9.0,222.3,218.5,7.8,64.9,0.54,0.36,1.58,synthetic_demo_feed
ka_dwd_hubli,2023-06-21,3.5,33.2,22.1,83.5,12.0,235.2,194.4,10.4,53.8,0.54,0.36,1.58,synthetic_demo_feed
ka_dwd_hubli,2023-06-22,5.2,32.1,23.4,82.1,9.2,240.4,193.4,8.0,62.1,0.54,0.36,1.58,synthetic_demo_feed
ka_dwd_hubli,2023-06-23,0.0,33.8,23.7,70.3,8.2,237.7,207.4,7.1,73.8,0.54,0.36,1.58,synthetic_demo_feed
ka_dwd_hubli,2023-06-24,4.4,33.6,23.5,81.3,11.5,247.6,195.1,10.0,69.0,0.54,0.36,1.58,synthetic_demo_feed
ka_dwd_hubli,2023-06-25,0.0,33.9,22.9,83.9,12.2,224.8,208.6,10.6,59.7,0.54,0.36,1.58,synthetic_demo_feed
ka_dwd_hubli,2023-06-26,13.8,30.7,23.9,83.2,7.8,218.9,198.6,6.8,63.2,0.54,0.36,1.58,synthetic_demo_feed
ka_dwd_hubli,2023-06-27,0.0,32.6,22.7,71.4,8.3,233.5,205.4,7.2,59.3,0.54,0.36,1.58,synthetic_demo_feed
ka_dwd_hubli,2023-06-28,19.1,32.0,23.7,84.1,10.1,218.9,196.4,8.8,64.4,0.54,0.36,1.58,synthetic_demo_feed
ka_dwd_hubli,2023-06-29,15.0,32.6,23.5,87.4,10.0,211.6,207.4,8.7,64.7,0.54,0.36,1.58,synthetic_demo_feed
ka_dwd_hubli,2023-06-30,0.0,33.5,22.4,76.1,9.3,232.7,211.8,8.1,54.6,0.54,0.36,1.58,synthetic_demo_feed
ka_dwd_hubli,2023-07-01,0.0,32.6,23.8,80.2,9.2,243.1,201.6,8.0,66.6,0.54,0.36,1.58,synthetic_demo_feed
ka_dwd_hubli,2023-07-02,0.0,33.4,22.1,75.3,10.5,226.4,210.7,9.1,65.2,0.54,0.36,1.58,synthetic_demo_feed
ka_dwd_hubli,2023-07-03,0.0,34.7,23.9,65.2,12.1,213.0,213.9,10.5,74.3,0.54,0.36,1.58,synthetic_demo_feed
ka_dwd_hubli,2023-07-04,12.8,32.6,22.7,80.8,8.4,223.5,206.3,7.3,55.4,0.54,0.36,1.58,synthetic_demo_feed
ka_dwd_hubli,2023-07-05,9.7,33.8,23.4,65.8,11.4,237.1,191.3,9.9,67.8,0.54,0.36,1.58,synthetic_demo_feed
ka_dwd_hubli,2023-07-06,0.0,34.3,23.8,77.1,10.1,235.8,207.9,8.8,74.2,0.54,0.36,1.58,synthetic_demo_feed
ka_dwd_hubli,2023-07-07,0.0,34.7,22.9,67.4,12.5,215.6,185.4,10.9,72.7,0.54,0.36,1.58,synthetic_demo_feed
ka_dwd_hubli,2023-07-08,0.0,34.8,22.1,82.4,7.6,215.0,217.0,6.6,54.3,0.54,0.36,1.58,synthetic_demo_feed
ka_dwd_hubli,2023-07-09,11.6,33.4,22.6,76.3,9.4,247.7,207.5,8.2,65.8,0.54,0.36,1.58,synthetic_demo_feed
ka_dwd_hubli,2023-07-10,18.1,30.6,22.5,76.1,9.7,248.4,192.4,8.4,60.7,0.54,0.36,1.58,synthetic_demo_feed
ka_dwd_hubli,2023-07-11,9.1,32.8,22.9,66.4,12.4,214.6,212.9,10.8,52.8,0.54,0.36,1.58,synthetic_demo_feed
ka_dwd_hubli,2023-07-12,5.1,33.1,22.1,70.3,11.5,221.4,198.5,10.0,49.7,0.54,0.36,1.58,synthetic_demo_feed
ka_dwd_hubli,2023-07-13,20.2,30.7,23.1,72.1,8.7,249.7,181.2,7.6,56.3,0.54,0.36,1.58,synthetic_demo_feed
ka_dwd_hubli,2023-07-14,0.0,34.8,23.3,83.7,8.9,212.3,206.3,7.7,65.4,0.54,0.36,1.58,synthetic_demo_feed
ka_dwd_hubli,2023-07-15,0.0,34.3,23.5,83.5,12.5,247.3,189.1,10.9,58.3,0.54,0.36,1.58,synthetic_demo_feed
ka_dwd_hubli,2023-07-16,0.0,33.3,23.1,68.7,11.8,214.2,190.4,10.3,59.0,0.54,0.36,1.58,synthetic_demo_feed
ka_dwd_hubli,2023-07-17,0.0,33.2,22.5,74.8,7.9,242.6,187.7,6.9,74.3,0.54,0.36,1.58,synthetic_demo_feed
ka_dwd_hubli,2023-07-18,0.0,33.0,22.7,67.2,11.7,213.2,207.6,10.2,68.6,0.54,0.36,1.58,synthetic_demo_feed
ka_dwd_hubli,2023-07-19,0.0,33.3,23.5,70.6,8.7,216.2,182.3,7.6,67.8,0.54,0.36,1.58,synthetic_demo_feed
ka_dwd_hubli,2023-07-20,0.7,34.8,23.9,42.5,4.3,121.3,255.2,3.7,55.5,0.54,0.36,1.58,synthetic_demo_feed
ka_dwd_hubli,2023-07-21,0.2,32.9,22.2,52.4,3.1,129.3,238.5,2.7,51.0,0.54,0.36,1.58,synthetic_demo_feed
ka_dwd_hubli,2023-07-22,0.2,35.2,23.3,55.4,3.2,81.7,250.9,2.8,46.5,0.54,0.36,1.58,synthetic_demo_feed
ka_dwd_hubli,2023-07-23,0.0,33.1,23.6,52.4,4.9,101.6,237.6,4.3,42.0,0.54,0.36,1.58,synthetic_demo_feed
ka_dwd_hubli,2023-07-24,0.1,34.4,22.8,46.2,4.8,135.6,236.9,4.2,37.5,0.54,0.36,1.58,synthetic_demo_feed
ka_dwd_hubli,2023-07-25,0.5,33.0,22.5,47.8,5.1,88.2,258.7,4.4,33.0,0.54,0.36,1.58,synthetic_demo_feed
ka_dwd_hubli,2023-07-26,0.6,34.5,23.3,43.7,5.3,117.3,238.0,4.6,28.5,0.54,0.36,1.58,synthetic_demo_feed
ka_dwd_hubli,2023-07-27,0.6,34.5,23.1,48.6,4.9,131.1,242.8,4.3,24.0,0.54,0.36,1.58,synthetic_demo_feed
ka_dwd_hubli,2023-07-28,0.3,33.4,23.9,57.9,5.1,104.1,240.2,4.4,20.0,0.54,0.36,1.58,synthetic_demo_feed
ka_dwd_hubli,2023-07-29,16.9,32.4,23.3,71.2,10.2,248.7,194.7,8.9,63.4,0.54,0.36,1.58,synthetic_demo_feed
ka_dwd_hubli,2023-07-30,6.8,33.0,23.4,78.6,10.3,248.0,187.8,9.0,69.8,0.54,0.36,1.58,synthetic_demo_feed
ka_dwd_hubli,2023-07-31,0.0,33.5,23.9,68.9,12.0,229.8,205.1,10.4,60.5,0.54,0.36,1.58,synthetic_demo_feed
ka_dwd_hubli,2023-08-01,13.7,32.9,23.6,80.8,7.9,224.4,206.6,6.9,71.8,0.54,0.36,1.58,synthetic_demo_feed
ka_dwd_hubli,2023-08-02,0.0,34.6,23.0,73.2,12.2,229.3,212.9,10.6,53.4,0.54,0.36,1.58,synthetic_demo_feed
ka_dwd_hubli,2023-08-03,23.0,30.3,23.6,78.5,8.9,212.0,202.6,7.7,46.0,0.54,0.36,1.58,synthetic_demo_feed
ka_dwd_hubli,2023-08-04,15.3,30.6,23.5,74.0,12.3,228.3,215.0,10.7,61.4,0.54,0.36,1.58,synthetic_demo_feed
ka_dwd_hubli,2023-08-05,0.0,34.9,23.1,78.7,10.0,246.1,212.1,8.7,68.6,0.54,0.36,1.58,synthetic_demo_feed
ka_dwd_hubli,2023-08-06,0.0,32.6,23.7,78.4,9.4,211.0,206.1,8.2,49.2,0.54,0.36,1.58,synthetic_demo_feed
ka_dwd_hubli,2023-08-07,10.6,31.2,22.9,69.6,9.3,232.9,212.4,8.1,58.1,0.54,0.36,1.58,synthetic_demo_feed
ka_dwd_hubli,2023-08-08,0.0,33.3,22.1,68.3,11.7,232.5,214.2,10.2,64.0,0.54,0.36,1.58,synthetic_demo_feed
ka_dwd_hubli,2023-08-09,5.6,32.3,23.4,67.4,12.1,241.0,206.7,10.5,59.3,0.54,0.36,1.58,synthetic_demo_feed
ka_dwd_hubli,2023-08-10,10.9,32.6,22.5,80.6,8.6,235.4,206.0,7.5,65.8,0.54,0.36,1.58,synthetic_demo_feed
ka_dwd_hubli,2023-08-11,0.0,34.2,22.3,86.6,12.4,247.0,201.2,10.8,58.8,0.54,0.36,1.58,synthetic_demo_feed
ka_dwd_hubli,2023-08-12,20.2,30.5,23.6,78.1,12.2,234.2,200.0,10.6,66.8,0.54,0.36,1.58,synthetic_demo_feed
ka_dwd_hubli,2023-08-13,0.0,35.1,22.3,84.4,10.7,239.0,194.2,9.3,67.0,0.54,0.36,1.58,synthetic_demo_feed
ka_dwd_hubli,2023-08-14,0.0,34.9,22.9,80.7,12.0,214.3,199.7,10.4,70.9,0.54,0.36,1.58,synthetic_demo_feed
ka_dwd_hubli,2023-08-15,21.6,32.2,22.8,65.5,9.0,236.6,217.3,7.8,51.4,0.54,0.36,1.58,synthetic_demo_feed
ka_dwd_hubli,2023-08-16,11.2,32.8,24.0,71.2,12.2,221.1,198.5,10.6,45.9,0.54,0.36,1.58,synthetic_demo_feed
ka_dwd_hubli,2023-08-17,0.0,33.2,22.2,66.9,9.3,214.9,193.5,8.1,61.6,0.54,0.36,1.58,synthetic_demo_feed
ka_dwd_hubli,2023-08-18,2.6,32.6,23.0,68.0,12.0,236.0,185.4,10.4,66.6,0.54,0.36,1.58,synthetic_demo_feed
ka_dwd_hubli,2023-08-19,0.0,35.4,23.9,83.2,9.3,227.7,193.5,8.1,73.0,0.54,0.36,1.58,synthetic_demo_feed
ka_dwd_hubli,2023-08-20,0.0,33.1,23.4,71.3,10.0,218.7,196.8,8.7,51.2,0.54,0.36,1.58,synthetic_demo_feed
ka_dwd_hubli,2023-08-21,0.0,32.9,22.9,75.5,12.6,248.5,212.8,11.0,66.9,0.54,0.36,1.58,synthetic_demo_feed
ka_dwd_hubli,2023-08-22,0.0,32.9,22.0,66.8,10.5,225.2,210.8,9.1,73.8,0.54,0.36,1.58,synthetic_demo_feed
ka_dwd_hubli,2023-08-23,0.0,33.3,24.0,69.5,7.8,230.9,210.3,6.8,63.8,0.54,0.36,1.58,synthetic_demo_feed
ka_dwd_hubli,2023-08-24,0.0,33.5,23.7,87.3,11.5,212.7,202.8,10.0,72.8,0.54,0.36,1.58,synthetic_demo_feed
ka_dwd_hubli,2023-08-25,0.0,34.2,23.1,65.6,8.0,212.6,199.1,7.0,50.4,0.54,0.36,1.58,synthetic_demo_feed
ka_dwd_hubli,2023-08-26,0.0,34.4,23.7,87.7,11.6,228.7,181.2,10.1,46.6,0.54,0.36,1.58,synthetic_demo_feed
ka_dwd_hubli,2023-08-27,0.0,33.1,23.9,68.0,8.0,247.7,216.2,7.0,59.3,0.54,0.36,1.58,synthetic_demo_feed
ka_dwd_hubli,2023-08-28,0.0,34.6,23.3,87.5,7.7,249.9,200.7,6.7,49.8,0.54,0.36,1.58,synthetic_demo_feed
ka_dwd_hubli,2023-08-29,0.0,34.6,22.0,77.1,11.0,212.4,213.2,9.6,57.4,0.54,0.36,1.58,synthetic_demo_feed
ka_dwd_hubli,2023-08-30,3.1,32.4,23.2,85.0,9.9,240.1,206.2,8.6,73.3,0.54,0.36,1.58,synthetic_demo_feed
ka_dwd_hubli,2023-08-31,6.5,31.6,22.5,72.4,10.8,213.0,203.8,9.4,57.4,0.54,0.36,1.58,synthetic_demo_feed
ka_dwd_hubli,2023-09-01,16.5,30.4,22.7,81.6,10.7,241.6,211.2,9.3,73.4,0.54,0.36,1.58,synthetic_demo_feed
ka_dwd_hubli,2023-09-02,6.3,32.9,22.0,77.1,12.3,234.2,180.6,10.7,46.7,0.54,0.36,1.58,synthetic_demo_feed
ka_dwd_hubli,2023-09-03,0.0,32.9,22.4,87.0,7.6,211.0,198.6,6.6,67.0,0.54,0.36,1.58,synthetic_demo_feed
ka_dwd_hubli,2023-09-04,16.6,31.0,23.4,76.9,10.8,223.5,196.9,9.4,68.4,0.54,0.36,1.58,synthetic_demo_feed
ka_dwd_hubli,2023-09-05,0.0,33.4,23.7,67.2,10.5,227.5,203.5,9.1,55.1,0.54,0.36,1.58,synthetic_demo_feed
ka_dwd_hubli,2023-09-06,0.0,33.0,22.9,80.6,10.7,223.6,195.6,9.3,48.8,0.54,0.36,1.58,synthetic_demo_feed
ka_dwd_hubli,2023-09-07,0.0,35.4,22.5,68.1,11.5,232.1,185.0,10.0,54.3,0.54,0.36,1.58,synthetic_demo_feed
ka_dwd_hubli,2023-09-08,0.0,33.7,22.2,87.0,7.7,245.1,193.0,6.7,52.8,0.54,0.36,1.58,synthetic_demo_feed
ka_dwd_hubli,2023-09-09,6.9,31.8,23.6,84.7,12.0,246.9,191.8,10.4,72.1,0.54,0.36,1.58,synthetic_demo_feed
ka_dwd_hubli,2023-09-10,0.0,35.2,23.1,87.3,9.8,245.1,215.5,8.5,58.2,0.54,0.36,1.58,synthetic_demo_feed
ka_dwd_hubli,2023-09-11,14.0,32.0,22.9,85.7,12.3,234.8,213.4,10.7,73.4,0.54,0.36,1.58,synthetic_demo_feed
ka_dwd_hubli,2023-09-12,0.0,34.4,24.0,83.7,9.5,221.6,183.4,8.3,58.1,0.54,0.36,1.58,synthetic_demo_feed
ka_dwd_hubli,2023-09-13,12.6,31.3,22.9,77.4,10.5,212.9,189.4,9.1,71.8,0.54,0.36,1.58,synthetic_demo_feed
ka_dwd_hubli,2023-09-14,15.4,32.2,23.0,82.0,8.0,215.9,215.2,7.0,55.7,0.54,0.36,1.58,synthetic_demo_feed
ka_dwd_hubli,2023-09-15,0.0,33.8,22.6,75.1,12.5,229.3,219.3,10.9,45.4,0.54,0.36,1.58,synthetic_demo_feed
ka_dwd_hubli,2023-09-16,0.0,33.7,23.2,76.7,7.8,249.4,195.6,6.8,58.4,0.54,0.36,1.58,synthetic_demo_feed
ka_dwd_hubli,2023-09-17,0.0,34.8,23.9,66.2,8.2,236.7,216.1,7.1,74.1,0.54,0.36,1.58,synthetic_demo_feed
ka_dwd_hubli,2023-09-18,0.0,32.9,22.7,87.2,12.4,245.6,186.4,10.8,68.3,0.54,0.36,1.58,synthetic_demo_feed
ka_dwd_hubli,2023-09-19,0.0,34.8,22.9,70.7,8.3,230.2,219.6,7.2,45.8,0.54,0.36,1.58,synthetic_demo_feed
ka_dwd_hubli,2023-09-20,0.0,33.0,23.6,70.4,8.0,225.2,211.5,7.0,66.2,0.54,0.36,1.58,synthetic_demo_feed
ka_dwd_hubli,2023-09-21,14.6,32.7,22.4,85.1,7.5,236.1,209.0,6.5,72.5,0.54,0.36,1.58,synthetic_demo_feed
ka_dwd_hubli,2023-09-22,24.0,31.8,23.6,71.2,12.2,226.2,181.2,10.6,69.6,0.54,0.36,1.58,synthetic_demo_feed
ka_dwd_hubli,2023-09-23,0.0,33.3,23.8,75.0,10.1,234.1,185.0,8.8,73.1,0.54,0.36,1.58,synthetic_demo_feed
ka_dwd_hubli,2023-09-24,0.0,34.0,22.1,83.8,11.6,211.8,214.6,10.1,45.8,0.54,0.36,1.58,synthetic_demo_feed
ka_dwd_hubli,2023-09-25,0.0,35.1,22.1,71.4,7.9,212.0,217.5,6.9,52.2,0.54,0.36,1.58,synthetic_demo_feed
ka_dwd_hubli,2023-09-26,15.8,31.0,22.8,87.8,10.9,227.5,209.2,9.5,71.8,0.54,0.36,1.58,synthetic_demo_feed
ka_dwd_hubli,2023-09-27,0.0,34.6,22.9,73.8,11.8,245.0,205.5,10.3,60.1,0.54,0.36,1.58,synthetic_demo_feed
ka_dwd_hubli,2023-09-28,0.0,34.7,22.5,83.4,11.2,225.0,215.7,9.7,70.0,0.54,0.36,1.58,synthetic_demo_feed
ka_dwd_hubli,2023-09-29,0.0,34.0,22.1,71.7,10.2,216.8,197.2,8.9,61.2,0.54,0.36,1.58,synthetic_demo_feed
ka_dwd_hubli,2023-09-30,0.0,34.3,23.0,70.8,10.7,216.9,215.3,9.3,66.8,0.54,0.36,1.58,synthetic_demo_feed
ka_dwd_hubli,2023-10-01,0.0,33.1,22.4,41.6,5.4,132.2,229.0,4.7,24.6,0.54,0.36,1.58,synthetic_demo_feed
ka_dwd_hubli,2023-10-02,0.0,34.2,22.0,58.4,6.3,107.7,238.3,5.5,24.0,0.54,0.36,1.58,synthetic_demo_feed
ka_dwd_hubli,2023-10-03,0.0,34.7,23.9,53.2,6.8,95.5,227.4,5.9,22.1,0.54,0.36,1.58,synthetic_demo_feed
ka_dwd_hubli,2023-10-04,0.0,35.0,22.5,49.7,6.7,124.0,234.7,5.8,27.8,0.54,0.36,1.58,synthetic_demo_feed
ka_dwd_hubli,2023-10-05,0.0,34.3,22.5,45.9,4.8,85.1,244.4,4.2,28.7,0.54,0.36,1.58,synthetic_demo_feed
ka_dwd_hubli,2023-10-06,3.4,34.4,23.3,53.1,4.7,107.0,245.9,4.1,29.9,0.54,0.36,1.58,synthetic_demo_feed
ka_dwd_hubli,2023-10-07,0.0,35.1,23.0,54.4,6.2,103.6,252.6,5.4,28.2,0.54,0.36,1.58,synthetic_demo_feed
ka_dwd_hubli,2023-10-08,0.0,34.4,23.2,54.7,5.2,98.7,224.4,4.5,27.5,0.54,0.36,1.58,synthetic_demo_feed
ka_dwd_hubli,2023-10-09,0.0,34.4,23.0,47.3,3.7,111.8,252.4,3.2,26.6,0.54,0.36,1.58,synthetic_demo_feed
ka_dwd_hubli,2023-10-10,0.0,33.3,22.3,49.4,6.9,105.9,237.5,6.0,26.8,0.54,0.36,1.58,synthetic_demo_feed
ka_dwd_hubli,2023-10-11,0.0,34.3,23.1,48.3,5.9,127.0,239.4,5.1,31.7,0.54,0.36,1.58,synthetic_demo_feed
ka_dwd_hubli,2023-10-12,0.0,34.9,22.3,45.5,6.2,104.9,238.4,5.4,23.0,0.54,0.36,1.58,synthetic_demo_feed
ka_dwd_hubli,2023-10-13,0.0,33.3,22.1,43.2,3.6,85.3,227.1,3.1,35.9,0.54,0.36,1.58,synthetic_demo_feed
ka_dwd_hubli,2023-10-14,0.0,35.2,22.2,44.8,6.3,86.7,255.0,5.5,35.1,0.54,0.36,1.58,synthetic_demo_feed
ka_dwd_hubli,2023-10-15,0.0,33.5,23.0,47.1,3.6,99.2,229.2,3.1,30.0,0.54,0.36,1.58,synthetic_demo_feed
ka_dwd_hubli,2023-10-16,1.4,33.5,22.9,46.9,4.8,95.2,225.4,4.2,26.4,0.54,0.36,1.58,synthetic_demo_feed
ka_dwd_hubli,2023-10-17,0.0,34.2,23.1,41.5,4.1,119.0,253.4,3.6,29.2,0.54,0.36,1.58,synthetic_demo_feed
ka_dwd_hubli,2023-10-18,0.0,35.4,23.8,46.6,5.8,105.9,252.4,5.0,37.5,0.54,0.36,1.58,synthetic_demo_feed
ka_dwd_hubli,2023-10-19,0.0,34.2,23.4,56.8,4.1,124.7,243.0,3.6,33.4,0.54,0.36,1.58,synthetic_demo_feed
ka_dwd_hubli,2023-10-20,0.0,35.3,22.8,50.7,5.1,82.8,228.8,4.4,24.3,0.54,0.36,1.58,synthetic_demo_feed
ka_dwd_hubli,2023-10-21,3.1,32.4,23.7,56.4,3.8,136.1,240.4,3.3,33.8,0.54,0.36,1.58,synthetic_demo_feed
ka_dwd_hubli,2023-10-22,0.0,34.9,23.4,43.4,5.9,112.2,236.5,5.1,25.1,0.54,0.36,1.58,synthetic_demo_feed
ka_dwd_hubli,2023-10-23,2.6,33.4,23.1,59.3,3.9,130.3,232.7,3.4,29.3,0.54,0.36,1.58,synthetic_demo_feed
ka_dwd_hubli,2023-10-24,0.0,35.3,23.7,40.1,6.2,128.8,221.7,5.4,32.5,0.54,0.36,1.58,synthetic_demo_feed
ka_dwd_hubli,2023-10-25,0.0,34.7,23.7,52.4,6.2,130.2,222.0,5.4,35.7,0.54,0.36,1.58,synthetic_demo_feed
ka_dwd_hubli,2023-10-26,0.0,34.8,23.6,42.0,5.1,118.2,253.4,4.4,24.1,0.54,0.36,1.58,synthetic_demo_feed
ka_dwd_hubli,2023-10-27,0.0,35.0,23.6,54.6,6.6,123.4,242.2,5.7,28.1,0.54,0.36,1.58,synthetic_demo_feed
ka_dwd_hubli,2023-10-28,0.0,33.2,23.6,47.8,3.6,116.1,226.4,3.1,28.8,0.54,0.36,1.58,synthetic_demo_feed
ka_dwd_hubli,2023-10-29,0.0,33.6,22.6,45.8,5.3,120.4,232.3,4.6,33.7,0.54,0.36,1.58,synthetic_demo_feed
ka_dwd_hubli,2023-10-30,1.4,34.1,23.1,46.3,5.6,97.0,228.2,4.9,37.1,0.54,0.36,1.58,synthetic_demo_feed
ka_dwd_hubli,2023-10-31,0.0,33.1,23.9,57.7,3.7,83.0,251.3,3.2,30.5,0.54,0.36,1.58,synthetic_demo_feed
ka_dwd_hubli,2024-05-01,0.0,33.2,22.4,52.0,6.8,83.2,220.5,5.9,33.8,0.54,0.36,1.58,synthetic_demo_feed
ka_dwd_hubli,2024-05-02,0.0,33.3,22.0,55.8,5.4,135.7,252.9,4.7,22.4,0.54,0.36,1.58,synthetic_demo_feed
ka_dwd_hubli,2024-05-03,0.0,34.2,22.5,49.4,5.6,99.7,220.8,4.9,23.5,0.54,0.36,1.58,synthetic_demo_feed
ka_dwd_hubli,2024-05-04,0.0,34.4,23.0,57.4,3.9,101.3,252.9,3.4,29.6,0.54,0.36,1.58,synthetic_demo_feed
ka_dwd_hubli,2024-05-05,0.0,33.2,22.6,48.9,4.9,113.4,233.9,4.3,29.6,0.54,0.36,1.58,synthetic_demo_feed
ka_dwd_hubli,2024-05-06,2.3,34.8,22.5,48.1,6.6,93.0,223.4,5.7,23.7,0.54,0.36,1.58,synthetic_demo_feed
ka_dwd_hubli,2024-05-07,0.0,32.7,22.3,45.3,3.9,84.1,246.1,3.4,29.4,0.54,0.36,1.58,synthetic_demo_feed
ka_dwd_hubli,2024-05-08,3.2,33.7,22.9,57.1,4.4,108.4,227.3,3.8,32.2,0.54,0.36,1.58,synthetic_demo_feed
ka_dwd_hubli,2024-05-09,0.0,35.2,23.6,57.7,5.5,108.4,238.9,4.8,30.1,0.54,0.36,1.58,synthetic_demo_feed
ka_dwd_hubli,2024-05-10,0.0,34.3,22.1,56.6,5.4,107.0,251.0,4.7,31.6,0.54,0.36,1.58,synthetic_demo_feed
ka_dwd_hubli,2024-05-11,3.0,34.4,22.6,52.0,4.9,120.1,225.2,4.3,31.1,0.54,0.36,1.58,synthetic_demo_feed
ka_dwd_hubli,2024-05-12,1.4,32.9,22.4,41.8,6.2,130.0,226.3,5.4,37.0,0.54,0.36,1.58,synthetic_demo_feed
ka_dwd_hubli,2024-05-13,0.0,32.5,22.6,46.5,6.0,95.1,250.0,5.2,23.4,0.54,0.36,1.58,synthetic_demo_feed
ka_dwd_hubli,2024-05-14,0.0,33.0,23.6,45.8,4.8,128.5,250.7,4.2,25.4,0.54,0.36,1.58,synthetic_demo_feed
ka_dwd_hubli,2024-05-15,0.0,34.6,23.3,53.8,3.9,107.8,223.3,3.4,37.7,0.54,0.36,1.58,synthetic_demo_feed
ka_dwd_hubli,2024-05-16,0.0,33.5,22.9,48.0,6.8,82.8,252.2,5.9,30.0,0.54,0.36,1.58,synthetic_demo_feed
ka_dwd_hubli,2024-05-17,0.0,33.9,22.1,58.4,6.7,135.0,251.6,5.8,27.1,0.54,0.36,1.58,synthetic_demo_feed
ka_dwd_hubli,2024-05-18,0.0,35.2,23.3,40.3,4.3,92.7,246.3,3.7,31.4,0.54,0.36,1.58,synthetic_demo_feed
ka_dwd_hubli,2024-05-19,0.0,35.3,23.8,48.5,6.0,97.0,232.0,5.2,37.3,0.54,0.36,1.58,synthetic_demo_feed
ka_dwd_hubli,2024-05-20,0.0,33.9,22.1,51.1,5.1,97.4,234.5,4.4,26.9,0.54,0.36,1.58,synthetic_demo_feed
ka_dwd_hubli,2024-05-21,0.0,33.6,23.6,54.2,4.3,125.6,242.3,3.7,35.1,0.54,0.36,1.58,synthetic_demo_feed
ka_dwd_hubli,2024-05-22,0.0,33.4,22.8,56.4,4.5,92.0,250.2,3.9,23.0,0.54,0.36,1.58,synthetic_demo_feed
ka_dwd_hubli,2024-05-23,1.6,33.8,22.2,55.1,6.8,123.7,227.1,5.9,35.1,0.54,0.36,1.58,synthetic_demo_feed
ka_dwd_hubli,2024-05-24,0.0,33.6,23.2,47.2,5.8,99.6,233.9,5.0,35.1,0.54,0.36,1.58,synthetic_demo_feed
ka_dwd_hubli,2024-05-25,0.0,33.2,22.4,58.4,6.7,124.6,221.5,5.8,36.7,0.54,0.36,1.58,synthetic_demo_feed
ka_dwd_hubli,2024-05-26,0.0,32.9,22.0,45.4,4.8,89.6,239.9,4.2,26.1,0.54,0.36,1.58,synthetic_demo_feed
ka_dwd_hubli,2024-05-27,0.0,35.3,23.3,45.3,3.8,130.4,224.5,3.3,27.7,0.54,0.36,1.58,synthetic_demo_feed
ka_dwd_hubli,2024-05-28,0.0,32.7,22.3,47.9,4.3,105.8,242.4,3.7,22.7,0.54,0.36,1.58,synthetic_demo_feed
ka_dwd_hubli,2024-05-29,0.0,34.9,22.3,40.9,6.3,115.4,226.5,5.5,23.2,0.54,0.36,1.58,synthetic_demo_feed
ka_dwd_hubli,2024-05-30,0.1,35.4,22.4,55.1,4.7,89.2,247.3,4.1,27.0,0.54,0.36,1.58,synthetic_demo_feed
ka_dwd_hubli,2024-05-31,0.0,35.3,23.1,59.8,3.8,133.9,232.9,3.3,32.7,0.54,0.36,1.58,synthetic_demo_feed
ka_dwd_hubli,2024-06-01,0.0,34.9,22.4,80.6,11.6,212.2,181.0,10.1,65.0,0.54,0.36,1.58,synthetic_demo_feed
ka_dwd_hubli,2024-06-02,0.0,34.0,22.9,88.0,8.6,234.9,201.5,7.5,53.8,0.54,0.36,1.58,synthetic_demo_feed
ka_dwd_hubli,2024-06-03,24.5,30.0,22.6,74.2,9.1,232.5,200.2,7.9,74.4,0.54,0.36,1.58,synthetic_demo_feed
ka_dwd_hubli,2024-06-04,17.9,31.0,22.3,79.6,12.5,237.3,180.2,10.9,51.3,0.54,0.36,1.58,synthetic_demo_feed
ka_dwd_hubli,2024-06-05,18.9,30.9,23.1,69.2,9.2,241.7,201.2,8.0,68.6,0.54,0.36,1.58,synthetic_demo_feed
ka_dwd_hubli,2024-06-06,15.2,31.6,23.6,86.0,8.5,229.5,214.0,7.4,49.3,0.54,0.36,1.58,synthetic_demo_feed
ka_dwd_hubli,2024-06-07,0.0,34.7,23.4,74.5,11.7,228.9,192.2,10.2,61.2,0.54,0.36,1.58,synthetic_demo_feed
ka_dwd_hubli,2024-06-08,13.4,32.5,22.5,82.9,12.8,235.5,183.9,11.1,56.0,0.54,0.36,1.58,synthetic_demo_feed
ka_dwd_hubli,2024-06-09,34.8,28.3,23.9,81.6,12.4,221.9,194.2,10.8,62.0,0.54,0.36,1.58,synthetic_demo_feed
ka_dwd_hubli,2024-06-10,31.0,30.5,22.8,94.7,13.2,230.1,173.5,11.5,68.0,0.54,0.36,1.58,synthetic_demo_feed
ka_dwd_hubli,2024-06-11,26.3,31.4,23.9,90.4,14.5,234.6,186.5,12.6,74.0,0.54,0.36,1.58,synthetic_demo_feed
ka_dwd_hubli,2024-06-12,16.4,32.7,23.5,94.8,13.6,237.2,194.0,11.8,80.0,0.54,0.36,1.58,synthetic_demo_feed
ka_dwd_hubli,2024-06-13,0.0,33.8,23.4,73.3,12.2,226.7,206.0,10.6,60.6,0.54,0.36,1.58,synthetic_demo_feed
ka_dwd_hubli,2024-06-14,17.5,31.8,23.7,87.4,11.8,231.8,190.9,10.3,51.8,0.54,0.36,1.58,synthetic_demo_feed
ka_dwd_hubli,2024-06-15,0.0,34.3,23.6,69.4,10.5,235.8,184.9,9.1,59.1,0.54,0.36,1.58,synthetic_demo_feed
ka_dwd_hubli,2024-06-16,0.0,34.4,23.2,78.9,12.4,242.3,188.1,10.8,68.6,0.54,0.36,1.58,synthetic_demo_feed
ka_dwd_hubli,2024-06-17,17.7,30.1,23.5,65.6,12.3,217.2,186.3,10.7,56.6,0.54,0.36,1.58,synthetic_demo_feed
ka_dwd_hubli,2024-06-18,5.9,32.3,23.7,70.0,9.3,235.5,203.2,8.1,72.8,0.54,0.36,1.58,synthetic_demo_feed
ka_dwd_hubli,2024-06-19,0.0,32.7,23.0,65.1,9.0,217.3,207.2,7.8,61.6,0.54,0.36,1.58,synthetic_demo_feed
ka_dwd_hubli,2024-06-20,15.9,31.2,22.0,84.2,8.4,243.9,197.1,7.3,50.5,0.54,0.36,1.58,synthetic_demo_feed
ka_dwd_hubli,2024-06-21,17.4,32.0,22.0,74.2,10.8,210.2,198.3,9.4,62.3,0.54,0.36,1.58,synthetic_demo_feed
ka_dwd_hubli,2024-06-22,15.6,31.2,23.9,86.9,11.4,218.5,219.9,9.9,56.3,0.54,0.36,1.58,synthetic_demo_feed
ka_dwd_hubli,2024-06-23,0.0,33.2,23.7,77.2,11.8,246.4,217.6,10.3,52.7,0.54,0.36,1.58,synthetic_demo_feed
ka_dwd_hubli,2024-06-24,0.0,33.8,22.2,71.5,7.8,228.6,194.9,6.8,59.8,0.54,0.36,1.58,synthetic_demo_feed
ka_dwd_hubli,2024-06-25,0.0,32.9,23.9,75.4,11.0,246.2,215.9,9.6,49.0,0.54,0.36,1.58,synthetic_demo_feed
ka_dwd_hubli,2024-06-26,0.0,34.1,23.7,80.1,10.7,231.8,182.1,9.3,67.0,0.54,0.36,1.58,synthetic_demo_feed
ka_dwd_hubli,2024-06-27,0.0,33.1,22.2,79.8,11.2,236.6,191.3,9.7,50.4,0.54,0.36,1.58,synthetic_demo_feed
ka_dwd_hubli,2024-06-28,10.9,32.5,22.3,69.1,11.2,239.4,204.0,9.7,65.9,0.54,0.36,1.58,synthetic_demo_feed
ka_dwd_hubli,2024-06-29,18.5,30.2,22.4,80.1,9.3,213.9,195.4,8.1,46.3,0.54,0.36,1.58,synthetic_demo_feed
ka_dwd_hubli,2024-06-30,0.0,33.1,23.8,77.2,9.0,229.8,193.9,7.8,72.2,0.54,0.36,1.58,synthetic_demo_feed
ka_dwd_hubli,2024-07-01,19.4,32.6,22.9,67.5,9.8,243.2,183.3,8.5,69.1,0.54,0.36,1.58,synthetic_demo_feed
ka_dwd_hubli,2024-07-02,0.0,33.5,23.0,65.2,12.4,245.0,209.5,10.8,54.6,0.54,0.36,1.58,synthetic_demo_feed
ka_dwd_hubli,2024-07-03,0.0,34.3,22.6,65.4,8.7,229.3,197.3,7.6,50.1,0.54,0.36,1.58,synthetic_demo_feed
ka_dwd_hubli,2024-07-04,0.0,34.5,22.7,84.7,8.5,217.9,217.7,7.4,53.5,0.54,0.36,1.58,synthetic_demo_feed
ka_dwd_hubli,2024-07-05,0.0,33.5,22.6,80.3,7.8,231.1,191.2,6.8,45.8,0.54,0.36,1.58,synthetic_demo_feed
ka_dwd_hubli,2024-07-06,0.0,33.2,23.0,86.4,9.0,220.0,186.6,7.8,58.4,0.54,0.36,1.58,synthetic_demo_feed
ka_dwd_hubli,2024-07-07,0.0,35.5,23.3,77.9,11.3,225.7,199.7,9.8,66.8,0.54,0.36,1.58,synthetic_demo_feed
ka_dwd_hubli,2024-07-08,0.0,34.7,22.0,76.7,9.2,229.9,213.2,8.0,54.7,0.54,0.36,1.58,synthetic_demo_feed
ka_dwd_hubli,2024-07-09,6.3,33.2,23.1,70.6,12.5,214.7,205.6,10.9,66.8,0.54,0.36,1.58,synthetic_demo_feed
ka_dwd_hubli,2024-07-10,0.0,33.0,23.7,73.3,8.2,220.2,216.3,7.1,47.7,0.54,0.36,1.58,synthetic_demo_feed
ka_dwd_hubli,2024-07-11,6.9,32.6,22.4,85.4,7.6,211.7,195.3,6.6,62.9,0.54,0.36,1.58,synthetic_demo_feed
ka_dwd_hubli,2024-07-12,4.0,34.3,23.4,71.3,11.2,228.4,198.8,9.7,73.5,0.54,0.36,1.58,synthetic_demo_feed
ka_dwd_hubli,2024-07-13,0.0,33.8,23.0,83.7,9.3,226.2,190.9,8.1,58.2,0.54,0.36,1.58,synthetic_demo_feed
ka_dwd_hubli,2024-07-14,17.3,31.2,23.3,83.2,12.4,211.0,186.5,10.8,69.9,0.54,0.36,1.58,synthetic_demo_feed
ka_dwd_hubli,2024-07-15,0.0,34.1,23.2,70.7,7.9,246.6,201.7,6.9,74.5,0.54,0.36,1.58,synthetic_demo_feed
ka_dwd_hubli,2024-07-16,19.4,32.0,22.8,72.7,11.7,227.6,213.8,10.2,57.2,0.54,0.36,1.58,synthetic_demo_feed
ka_dwd_hubli,2024-07-17,0.0,32.6,23.0,71.2,9.2,232.7,203.4,8.0,57.0,0.54,0.36,1.58,synthetic_demo_feed
ka_dwd_hubli,2024-07-18,0.0,35.1,22.9,66.7,9.1,241.9,198.0,7.9,72.0,0.54,0.36,1.58,synthetic_demo_feed
ka_dwd_hubli,2024-07-19,5.9,32.3,22.9,81.2,7.5,245.0,188.2,6.5,55.5,0.54,0.36,1.58,synthetic_demo_feed
ka_dwd_hubli,2024-07-20,0.4,32.9,23.2,45.0,3.8,101.2,251.4,3.3,55.5,0.54,0.36,1.58,synthetic_demo_feed
ka_dwd_hubli,2024-07-21,0.5,34.1,23.6,50.4,4.4,101.6,252.2,3.8,51.0,0.54,0.36,1.58,synthetic_demo_feed
ka_dwd_hubli,2024-07-22,0.4,34.3,23.9,44.7,4.1,92.9,239.4,3.6,46.5,0.54,0.36,1.58,synthetic_demo_feed
ka_dwd_hubli,2024-07-23,0.6,32.9,23.8,52.0,5.4,81.8,252.5,4.7,42.0,0.54,0.36,1.58,synthetic_demo_feed
ka_dwd_hubli,2024-07-24,0.7,33.0,23.2,52.7,4.4,111.7,241.1,3.8,37.5,0.54,0.36,1.58,synthetic_demo_feed
ka_dwd_hubli,2024-07-25,0.6,33.8,23.2,44.2,3.7,94.0,242.2,3.2,33.0,0.54,0.36,1.58,synthetic_demo_feed
ka_dwd_hubli,2024-07-26,0.6,33.1,22.2,44.1,4.8,124.0,244.8,4.2,28.5,0.54,0.36,1.58,synthetic_demo_feed
ka_dwd_hubli,2024-07-27,0.3,33.9,22.7,57.5,3.3,138.8,246.3,2.9,24.0,0.54,0.36,1.58,synthetic_demo_feed
ka_dwd_hubli,2024-07-28,0.2,33.6,22.3,42.0,3.8,131.1,240.9,3.3,20.0,0.54,0.36,1.58,synthetic_demo_feed
ka_dwd_hubli,2024-07-29,6.9,31.7,22.8,71.0,7.8,217.8,190.8,6.8,71.3,0.54,0.36,1.58,synthetic_demo_feed
ka_dwd_hubli,2024-07-30,0.0,33.0,23.7,85.1,8.4,232.3,219.4,7.3,51.4,0.54,0.36,1.58,synthetic_demo_feed
ka_dwd_hubli,2024-07-31,7.4,33.8,22.2,71.3,7.6,246.3,194.6,6.6,55.9,0.54,0.36,1.58,synthetic_demo_feed
ka_dwd_hubli,2024-08-01,0.0,32.7,22.9,71.7,8.9,220.6,192.3,7.7,49.4,0.54,0.36,1.58,synthetic_demo_feed
ka_dwd_hubli,2024-08-02,0.0,34.8,22.2,76.0,10.5,232.2,191.7,9.1,53.7,0.54,0.36,1.58,synthetic_demo_feed
ka_dwd_hubli,2024-08-03,0.0,32.8,22.7,71.9,10.7,216.5,187.2,9.3,52.1,0.54,0.36,1.58,synthetic_demo_feed
ka_dwd_hubli,2024-08-04,24.5,29.6,22.8,79.8,11.4,217.1,196.3,9.9,50.2,0.54,0.36,1.58,synthetic_demo_feed
ka_dwd_hubli,2024-08-05,0.0,33.5,23.3,70.8,9.8,234.9,200.0,8.5,66.9,0.54,0.36,1.58,synthetic_demo_feed
ka_dwd_hubli,2024-08-06,0.0,33.2,22.0,78.1,11.4,228.6,199.8,9.9,48.5,0.54,0.36,1.58,synthetic_demo_feed
ka_dwd_hubli,2024-08-07,0.0,33.2,22.6,80.0,12.5,245.3,190.4,10.9,68.9,0.54,0.36,1.58,synthetic_demo_feed
ka_dwd_hubli,2024-08-08,18.0,30.3,22.6,75.7,9.2,217.9,189.4,8.0,71.7,0.54,0.36,1.58,synthetic_demo_feed
ka_dwd_hubli,2024-08-09,18.8,30.4,23.0,87.5,8.7,235.6,183.7,7.6,72.1,0.54,0.36,1.58,synthetic_demo_feed
ka_dwd_hubli,2024-08-10,0.0,35.0,22.1,69.7,8.4,220.7,195.4,7.3,46.4,0.54,0.36,1.58,synthetic_demo_feed
ka_dwd_hubli,2024-08-11,12.1,33.1,23.2,67.6,10.6,226.5,209.5,9.2,45.8,0.54,0.36,1.58,synthetic_demo_feed
ka_dwd_hubli,2024-08-12,0.0,35.1,22.1,85.3,10.6,246.5,216.5,9.2,49.4,0.54,0.36,1.58,synthetic_demo_feed
ka_dwd_hubli,2024-08-13,0.0,35.0,22.5,72.8,7.7,213.3,208.0,6.7,57.7,0.54,0.36,1.58,synthetic_demo_feed
ka_dwd_hubli,2024-08-14,0.0,35.5,22.2,72.3,12.2,211.8,184.1,10.6,49.2,0.54,0.36,1.58,synthetic_demo_feed
ka_dwd_hubli,2024-08-15,0.0,35.3,23.2,87.6,8.4,226.6,210.5,7.3,50.0,0.54,0.36,1.58,synthetic_demo_feed
ka_dwd_hubli,2024-08-16,0.0,33.0,23.1,79.7,12.4,245.5,214.4,10.8,48.4,0.54,0.36,1.58,synthetic_demo_feed
ka_dwd_hubli,2024-08-17,18.3,30.9,22.8,65.8,8.2,234.2,201.9,7.1,58.9,0.54,0.36,1.58,synthetic_demo_feed
ka_dwd_hubli,2024-08-18,0.0,32.7,22.1,71.0,10.1,213.4,218.6,8.8,46.0,0.54,0.36,1.58,synthetic_demo_feed
ka_dwd_hubli,2024-08-19,0.0,34.0,22.5,79.8,9.5,243.8,185.5,8.3,51.7,0.54,0.36,1.58,synthetic_demo_feed
ka_dwd_hubli,2024-08-20,0.0,34.6,23.7,78.3,12.5,239.6,182.7,10.9,50.1,0.54,0.36,1.58,synthetic_demo_feed
ka_dwd_hubli,2024-08-21,0.0,33.8,23.8,72.4,9.9,245.9,204.0,8.6,59.1,0.54,0.36,1.58,synthetic_demo_feed
ka_dwd_hubli,2024-08-22,0.0,34.0,23.1,70.3,8.4,236.4,204.4,7.3,55.2,0.54,0.36,1.58,synthetic_demo_feed
ka_dwd_hubli,2024-08-23,0.0,33.9,23.4,74.0,11.7,214.0,201.4,10.2,58.0,0.54,0.36,1.58,synthetic_demo_feed
ka_dwd_hubli,2024-08-24,7.4,32.2,23.7,67.4,10.9,232.8,190.9,9.5,45.1,0.54,0.36,1.58,synthetic_demo_feed
ka_dwd_hubli,2024-08-25,0.0,34.1,23.5,82.1,11.6,235.3,193.6,10.1,71.2,0.54,0.36,1.58,synthetic_demo_feed
ka_dwd_hubli,2024-08-26,0.0,33.1,22.6,65.3,9.7,228.7,218.6,8.4,63.5,0.54,0.36,1.58,synthetic_demo_feed
ka_dwd_hubli,2024-08-27,0.0,32.8,22.2,84.4,10.0,221.6,180.7,8.7,68.9,0.54,0.36,1.58,synthetic_demo_feed
ka_dwd_hubli,2024-08-28,17.4,30.0,23.6,71.6,11.8,244.2,195.2,10.3,48.1,0.54,0.36,1.58,synthetic_demo_feed
ka_dwd_hubli,2024-08-29,9.1,32.4,22.5,79.0,12.5,216.3,200.1,10.9,52.0,0.54,0.36,1.58,synthetic_demo_feed
ka_dwd_hubli,2024-08-30,8.0,33.8,23.4,86.7,11.4,226.7,210.9,9.9,54.9,0.54,0.36,1.58,synthetic_demo_feed
ka_dwd_hubli,2024-08-31,0.0,35.1,22.5,75.6,11.5,242.5,194.5,10.0,51.7,0.54,0.36,1.58,synthetic_demo_feed
ka_dwd_hubli,2024-09-01,0.0,33.0,22.7,68.6,12.2,242.7,194.1,10.6,47.3,0.54,0.36,1.58,synthetic_demo_feed
ka_dwd_hubli,2024-09-02,0.0,32.7,23.0,78.6,9.9,223.0,191.6,8.6,64.2,0.54,0.36,1.58,synthetic_demo_feed
ka_dwd_hubli,2024-09-03,6.1,33.3,23.5,85.9,11.4,249.7,199.2,9.9,63.6,0.54,0.36,1.58,synthetic_demo_feed
ka_dwd_hubli,2024-09-04,6.1,34.4,23.1,70.9,9.5,212.1,211.5,8.3,71.2,0.54,0.36,1.58,synthetic_demo_feed
ka_dwd_hubli,2024-09-05,7.5,32.2,22.2,75.1,8.9,232.8,200.7,7.7,46.8,0.54,0.36,1.58,synthetic_demo_feed
ka_dwd_hubli,2024-09-06,5.4,32.4,23.4,72.4,10.3,223.6,185.7,9.0,71.7,0.54,0.36,1.58,synthetic_demo_feed
ka_dwd_hubli,2024-09-07,0.0,33.2,22.3,85.0,12.3,221.4,188.1,10.7,56.3,0.54,0.36,1.58,synthetic_demo_feed
ka_dwd_hubli,2024-09-08,5.4,32.1,22.8,71.2,8.4,219.8,197.4,7.3,60.3,0.54,0.36,1.58,synthetic_demo_feed
ka_dwd_hubli,2024-09-09,11.7,31.2,22.4,77.1,10.6,225.3,182.8,9.2,50.7,0.54,0.36,1.58,synthetic_demo_feed
ka_dwd_hubli,2024-09-10,16.1,30.4,23.9,80.9,10.9,212.6,213.2,9.5,46.2,0.54,0.36,1.58,synthetic_demo_feed
ka_dwd_hubli,2024-09-11,22.4,31.6,22.5,69.7,12.6,230.2,195.4,11.0,69.8,0.54,0.36,1.58,synthetic_demo_feed
ka_dwd_hubli,2024-09-12,8.8,32.5,23.3,74.7,9.1,237.1,201.2,7.9,69.1,0.54,0.36,1.58,synthetic_demo_feed
ka_dwd_hubli,2024-09-13,0.0,32.6,22.3,75.8,7.9,246.3,216.7,6.9,61.6,0.54,0.36,1.58,synthetic_demo_feed
ka_dwd_hubli,2024-09-14,7.9,34.1,23.6,81.6,11.3,228.2,196.6,9.8,57.4,0.54,0.36,1.58,synthetic_demo_feed
ka_dwd_hubli,2024-09-15,0.0,33.4,23.2,73.7,12.4,212.3,193.7,10.8,55.7,0.54,0.36,1.58,synthetic_demo_feed
ka_dwd_hubli,2024-09-16,24.2,29.9,23.5,84.8,9.2,214.4,184.4,8.0,52.5,0.54,0.36,1.58,synthetic_demo_feed
ka_dwd_hubli,2024-09-17,0.0,33.2,22.1,78.2,10.7,234.7,185.6,9.3,56.1,0.54,0.36,1.58,synthetic_demo_feed
ka_dwd_hubli,2024-09-18,0.0,33.1,23.4,80.0,8.7,249.3,187.7,7.6,71.4,0.54,0.36,1.58,synthetic_demo_feed
ka_dwd_hubli,2024-09-19,17.2,31.0,22.0,65.7,11.4,215.5,192.6,9.9,45.7,0.54,0.36,1.58,synthetic_demo_feed
ka_dwd_hubli,2024-09-20,0.0,35.5,23.5,81.5,9.8,221.9,180.6,8.5,54.6,0.54,0.36,1.58,synthetic_demo_feed
ka_dwd_hubli,2024-09-21,0.0,33.8,22.6,86.4,8.3,249.4,199.1,7.2,72.1,0.54,0.36,1.58,synthetic_demo_feed
ka_dwd_hubli,2024-09-22,0.0,34.2,22.5,81.0,8.2,217.0,190.2,7.1,70.1,0.54,0.36,1.58,synthetic_demo_feed
ka_dwd_hubli,2024-09-23,12.3,30.8,22.5,68.9,10.0,241.9,193.1,8.7,50.0,0.54,0.36,1.58,synthetic_demo_feed
ka_dwd_hubli,2024-09-24,0.0,33.6,22.4,75.6,8.5,220.6,200.3,7.4,48.3,0.54,0.36,1.58,synthetic_demo_feed
ka_dwd_hubli,2024-09-25,0.0,34.7,23.9,78.6,12.1,222.0,202.4,10.5,71.7,0.54,0.36,1.58,synthetic_demo_feed
ka_dwd_hubli,2024-09-26,0.0,32.7,23.4,81.7,9.4,233.4,218.1,8.2,63.7,0.54,0.36,1.58,synthetic_demo_feed
ka_dwd_hubli,2024-09-27,20.9,30.3,22.5,71.9,9.0,233.4,206.3,7.8,52.5,0.54,0.36,1.58,synthetic_demo_feed
ka_dwd_hubli,2024-09-28,4.1,34.4,23.1,68.6,9.1,229.8,194.8,7.9,71.3,0.54,0.36,1.58,synthetic_demo_feed
ka_dwd_hubli,2024-09-29,8.3,32.7,23.4,76.5,11.5,240.6,215.6,10.0,59.1,0.54,0.36,1.58,synthetic_demo_feed
ka_dwd_hubli,2024-09-30,17.9,32.1,22.8,82.2,12.3,215.7,195.0,10.7,63.5,0.54,0.36,1.58,synthetic_demo_feed
ka_dwd_hubli,2024-10-01,0.0,32.6,23.6,42.6,3.6,98.6,232.0,3.1,30.1,0.54,0.36,1.58,synthetic_demo_feed
ka_dwd_hubli,2024-10-02,2.4,34.7,22.1,49.9,6.3,94.9,244.9,5.5,26.3,0.54,0.36,1.58,synthetic_demo_feed
ka_dwd_hubli,2024-10-03,0.0,32.9,23.4,54.9,4.5,85.3,227.8,3.9,31.4,0.54,0.36,1.58,synthetic_demo_feed
ka_dwd_hubli,2024-10-04,0.0,34.4,23.4,43.5,4.6,122.7,232.3,4.0,27.5,0.54,0.36,1.58,synthetic_demo_feed
ka_dwd_hubli,2024-10-05,0.0,34.6,23.0,51.2,3.9,135.2,227.0,3.4,28.4,0.54,0.36,1.58,synthetic_demo_feed
ka_dwd_hubli,2024-10-06,0.0,34.0,22.7,57.7,4.9,124.6,243.8,4.3,30.3,0.54,0.36,1.58,synthetic_demo_feed
ka_dwd_hubli,2024-10-07,1.6,33.9,23.2,41.6,5.8,98.1,249.3,5.0,28.7,0.54,0.36,1.58,synthetic_demo_feed
ka_dwd_hubli,2024-10-08,1.2,33.3,23.8,45.0,4.3,98.8,252.7,3.7,32.2,0.54,0.36,1.58,synthetic_demo_feed
ka_dwd_hubli,2024-10-09,0.0,33.7,22.4,44.4,6.6,87.9,224.1,5.7,31.4,0.54,0.36,1.58,synthetic_demo_feed
ka_dwd_hubli,2024-10-10,0.0,32.7,22.3,47.5,5.2,136.9,252.6,4.5,31.7,0.54,0.36,1.58,synthetic_demo_feed
ka_dwd_hubli,2024-10-11,0.0,34.2,23.5,56.9,5.4,132.6,235.0,4.7,36.3,0.54,0.36,1.58,synthetic_demo_feed
ka_dwd_hubli,2024-10-12,0.0,34.4,24.0,51.4,5.3,124.4,239.4,4.6,35.2,0.54,0.36,1.58,synthetic_demo_feed
ka_dwd_hubli,2024-10-13,2.1,34.3,22.8,49.9,4.6,132.5,227.9,4.0,22.8,0.54,0.36,1.58,synthetic_demo_feed
ka_dwd_hubli,2024-10-14,0.0,33.3,22.5,51.3,4.6,136.5,226.3,4.0,23.3,0.54,0.36,1.58,synthetic_demo_feed
ka_dwd_hubli,2024-10-15,1.4,32.9,22.2,40.2,6.0,116.4,240.5,5.2,29.8,0.54,0.36,1.58,synthetic_demo_feed
ka_dwd_hubli,2024-10-16,0.0,32.6,23.0,49.3,4.9,120.0,237.6,4.3,32.9,0.54,0.36,1.58,synthetic_demo_feed
ka_dwd_hubli,2024-10-17,0.0,33.7,22.7,43.0,4.9,108.2,233.6,4.3,25.1,0.54,0.36,1.58,synthetic_demo_feed
ka_dwd_hubli,2024-10-18,0.0,33.0,23.2,47.8,5.1,98.6,232.3,4.4,33.7,0.54,0.36,1.58,synthetic_demo_feed
ka_dwd_hubli,2024-10-19,4.0,34.1,22.9,54.2,6.3,81.1,250.8,5.5,25.5,0.54,0.36,1.58,synthetic_demo_feed
ka_dwd_hubli,2024-10-20,0.0,34.6,22.8,54.2,5.3,124.9,230.8,4.6,26.9,0.54,0.36,1.58,synthetic_demo_feed
ka_dwd_hubli,2024-10-21,0.0,32.8,23.0,46.8,4.3,125.2,243.9,3.7,28.6,0.54,0.36,1.58,synthetic_demo_feed
ka_dwd_hubli,2024-10-22,1.2,34.3,23.4,56.9,3.4,99.8,254.1,3.0,35.7,0.54,0.36,1.58,synthetic_demo_feed
ka_dwd_hubli,2024-10-23,0.0,35.3,23.9,41.3,3.9,132.5,234.5,3.4,27.4,0.54,0.36,1.58,synthetic_demo_feed
ka_dwd_hubli,2024-10-24,0.0,34.0,23.2,50.1,6.7,128.6,223.3,5.8,23.3,0.54,0.36,1.58,synthetic_demo_feed
ka_dwd_hubli,2024-10-25,0.0,35.3,22.6,44.6,4.8,90.5,233.7,4.2,32.4,0.54,0.36,1.58,synthetic_demo_feed
ka_dwd_hubli,2024-10-26,1.2,32.4,22.4,51.6,6.3,121.0,234.5,5.5,26.5,0.54,0.36,1.58,synthetic_demo_feed
ka_dwd_hubli,2024-10-27,0.0,32.6,22.4,52.0,5.8,101.7,245.1,5.0,37.8,0.54,0.36,1.58,synthetic_demo_feed
ka_dwd_hubli,2024-10-28,0.0,34.6,23.5,42.2,5.8,87.6,244.1,5.0,25.2,0.54,0.36,1.58,synthetic_demo_feed
ka_dwd_hubli,2024-10-29,0.0,34.4,22.1,49.0,4.6,128.4,253.3,4.0,23.6,0.54,0.36,1.58,synthetic_demo_feed
ka_dwd_hubli,2024-10-30,0.0,33.9,22.1,50.0,4.7,122.1,228.7,4.1,30.9,0.54,0.36,1.58,synthetic_demo_feed
ka_dwd_hubli,2024-10-31,0.0,34.1,22.1,57.1,4.5,101.3,231.5,3.9,26.7,0.54,0.36,1.58,synthetic_demo_feed
ka_dwd_hubli,2025-05-01,0.0,35.2,23.8,50.2,5.2,84.4,241.0,4.5,36.4,0.54,0.36,1.58,synthetic_demo_feed
ka_dwd_hubli,2025-05-02,2.9,34.2,22.8,51.5,4.8,101.1,235.5,4.2,25.9,0.54,0.36,1.58,synthetic_demo_feed
ka_dwd_hubli,2025-05-03,0.0,34.6,23.6,59.9,5.2,103.2,232.1,4.5,37.3,0.54,0.36,1.58,synthetic_demo_feed
ka_dwd_hubli,2025-05-04,0.0,34.9,23.8,54.2,5.8,137.4,242.9,5.0,31.0,0.54,0.36,1.58,synthetic_demo_feed
ka_dwd_hubli,2025-05-05,0.0,35.1,23.6,55.6,4.4,124.4,239.7,3.8,25.0,0.54,0.36,1.58,synthetic_demo_feed
ka_dwd_hubli,2025-05-06,0.0,34.7,22.5,48.2,6.2,112.5,236.8,5.4,28.3,0.54,0.36,1.58,synthetic_demo_feed
ka_dwd_hubli,2025-05-07,0.0,35.2,23.4,55.5,4.6,115.0,232.0,4.0,37.3,0.54,0.36,1.58,synthetic_demo_feed
ka_dwd_hubli,2025-05-08,1.8,35.1,23.1,48.9,4.8,119.1,232.1,4.2,25.0,0.54,0.36,1.58,synthetic_demo_feed
ka_dwd_hubli,2025-05-09,0.0,33.7,22.0,55.1,6.8,87.0,246.7,5.9,34.1,0.54,0.36,1.58,synthetic_demo_feed
ka_dwd_hubli,2025-05-10,0.0,34.2,22.7,40.6,5.6,93.8,223.0,4.9,28.1,0.54,0.36,1.58,synthetic_demo_feed
ka_dwd_hubli,2025-05-11,2.7,32.5,23.8,48.8,6.9,134.2,238.7,6.0,22.0,0.54,0.36,1.58,synthetic_demo_feed
ka_dwd_hubli,2025-05-12,0.0,33.0,23.5,51.0,5.4,114.7,244.9,4.7,37.1,0.54,0.36,1.58,synthetic_demo_feed
ka_dwd_hubli,2025-05-13,0.0,32.6,23.3,44.4,4.9,93.4,249.8,4.3,24.6,0.54,0.36,1.58,synthetic_demo_feed
ka_dwd_hubli,2025-05-14,0.0,32.5,23.3,47.5,6.9,114.8,237.6,6.0,28.7,0.54,0.36,1.58,synthetic_demo_feed
ka_dwd_hubli,2025-05-15,0.0,35.0,23.7,46.5,5.8,115.3,232.2,5.0,34.9,0.54,0.36,1.58,synthetic_demo_feed
ka_dwd_hubli,2025-05-16,0.0,33.2,22.8,56.4,4.4,123.5,221.2,3.8,25.2,0.54,0.36,1.58,synthetic_demo_feed
ka_dwd_hubli,2025-05-17,4.7,33.4,23.5,48.5,4.4,94.5,254.8,3.8,30.8,0.54,0.36,1.58,synthetic_demo_feed
ka_dwd_hubli,2025-05-18,0.0,32.7,22.3,50.1,5.3,92.7,246.4,4.6,30.5,0.54,0.36,1.58,synthetic_demo_feed
ka_dwd_hubli,2025-05-19,4.8,32.6,23.0,57.6,4.9,110.5,248.0,4.3,24.0,0.54,0.36,1.58,synthetic_demo_feed
ka_dwd_hubli,2025-05-20,0.2,33.4,22.2,40.3,3.7,98.9,231.5,3.2,23.4,0.54,0.36,1.58,synthetic_demo_feed
ka_dwd_hubli,2025-05-21,0.0,34.5,23.9,40.5,3.4,135.5,246.9,3.0,36.7,0.54,0.36,1.58,synthetic_demo_feed
ka_dwd_hubli,2025-05-22,0.0,34.8,22.5,45.2,6.7,98.5,238.2,5.8,29.1,0.54,0.36,1.58,synthetic_demo_feed
ka_dwd_hubli,2025-05-23,0.0,34.4,22.1,51.4,4.8,116.3,228.5,4.2,35.1,0.54,0.36,1.58,synthetic_demo_feed
ka_dwd_hubli,2025-05-24,0.5,33.1,22.2,47.6,6.7,137.5,238.6,5.8,23.1,0.54,0.36,1.58,synthetic_demo_feed
ka_dwd_hubli,2025-05-25,0.0,34.6,22.7,52.7,5.8,84.1,224.4,5.0,32.5,0.54,0.36,1.58,synthetic_demo_feed
ka_dwd_hubli,2025-05-26,4.5,34.1,23.2,47.1,4.1,90.0,243.0,3.6,26.8,0.54,0.36,1.58,synthetic_demo_feed
ka_dwd_hubli,2025-05-27,0.0,34.7,23.2,51.3,4.0,123.7,222.2,3.5,31.9,0.54,0.36,1.58,synthetic_demo_feed
ka_dwd_hubli,2025-05-28,0.0,33.8,22.9,50.8,4.3,131.2,247.0,3.7,29.2,0.54,0.36,1.58,synthetic_demo_feed
ka_dwd_hubli,2025-05-29,3.2,34.7,23.7,50.5,6.3,133.7,249.1,5.5,37.0,0.54,0.36,1.58,synthetic_demo_feed
ka_dwd_hubli,2025-05-30,0.0,35.4,23.1,44.2,3.6,112.0,249.1,3.1,31.8,0.54,0.36,1.58,synthetic_demo_feed
ka_dwd_hubli,2025-05-31,0.0,33.1,22.5,40.4,5.8,121.4,243.4,5.0,23.6,0.54,0.36,1.58,synthetic_demo_feed
ka_dwd_hubli,2025-06-01,0.0,32.5,22.8,80.7,10.7,225.3,188.2,9.3,58.4,0.54,0.36,1.58,synthetic_demo_feed
ka_dwd_hubli,2025-06-02,0.0,32.7,22.7,73.0,9.9,218.9,215.1,8.6,54.3,0.54,0.36,1.58,synthetic_demo_feed
ka_dwd_hubli,2025-06-03,0.0,33.8,22.9,76.7,11.7,243.7,184.2,10.2,46.7,0.54,0.36,1.58,synthetic_demo_feed
ka_dwd_hubli,2025-06-04,0.0,34.2,23.2,83.0,12.5,240.5,203.7,10.9,69.4,0.54,0.36,1.58,synthetic_demo_feed
ka_dwd_hubli,2025-06-05,0.0,33.5,22.9,87.3,8.3,211.3,182.4,7.2,74.7,0.54,0.36,1.58,synthetic_demo_feed
ka_dwd_hubli,2025-06-06,0.0,33.8,22.8,80.6,8.4,229.6,210.1,7.3,45.4,0.54,0.36,1.58,synthetic_demo_feed
ka_dwd_hubli,2025-06-07,0.0,34.5,22.3,71.1,10.8,222.9,203.8,9.4,62.9,0.54,0.36,1.58,synthetic_demo_feed
ka_dwd_hubli,2025-06-08,31.5,29.5,22.8,86.1,10.9,247.9,176.3,9.5,56.0,0.54,0.36,1.58,synthetic_demo_feed
ka_dwd_hubli,2025-06-09,30.1,29.3,23.5,84.7,14.5,224.2,163.3,12.6,62.0,0.54,0.36,1.58,synthetic_demo_feed
ka_dwd_hubli,2025-06-10,30.7,30.4,23.1,92.2,11.6,249.3,194.0,10.1,68.0,0.54,0.36,1.58,synthetic_demo_feed
ka_dwd_hubli,2025-06-11,20.4,31.2,22.1,94.2,13.9,214.5,185.2,12.1,74.0,0.54,0.36,1.58,synthetic_demo_feed
ka_dwd_hubli,2025-06-12,25.5,29.0,23.5,81.5,14.6,229.1,193.2,12.7,80.0,0.54,0.36,1.58,synthetic_demo_feed
ka_dwd_hubli,2025-06-13,7.7,32.6,24.0,75.6,7.8,236.0,214.6,6.8,53.6,0.54,0.36,1.58,synthetic_demo_feed
ka_dwd_hubli,2025-06-14,11.8,31.3,23.5,65.2,12.6,249.7,214.6,11.0,63.3,0.54,0.36,1.58,synthetic_demo_feed
ka_dwd_hubli,2025-06-15,0.0,34.0,23.0,81.2,9.8,227.1,188.9,8.5,50.3,0.54,0.36,1.58,synthetic_demo_feed
ka_dwd_hubli,2025-06-16,16.6,32.6,23.6,73.7,12.1,233.1,209.9,10.5,65.6,0.54,0.36,1.58,synthetic_demo_feed
ka_dwd_hubli,2025-06-17,16.5,31.0,22.6,82.7,8.2,245.2,215.4,7.1,58.6,0.54,0.36,1.58,synthetic_demo_feed
ka_dwd_hubli,2025-06-18,13.1,32.2,23.6,68.1,12.4,218.1,201.2,10.8,50.8,0.54,0.36,1.58,synthetic_demo_feed
ka_dwd_hubli,2025-06-19,8.6,31.5,23.1,68.3,12.0,236.9,207.1,10.4,47.7,0.54,0.36,1.58,synthetic_demo_feed
ka_dwd_hubli,2025-06-20,0.0,35.3,23.9,85.9,11.0,220.0,208.6,9.6,56.3,0.54,0.36,1.58,synthetic_demo_feed
ka_dwd_hubli,2025-06-21,20.6,31.5,22.7,79.5,12.6,249.7,218.1,11.0,45.7,0.54,0.36,1.58,synthetic_demo_feed
ka_dwd_hubli,2025-06-22,0.0,32.8,24.0,81.0,11.4,217.6,210.3,9.9,57.4,0.54,0.36,1.58,synthetic_demo_feed
ka_dwd_hubli,2025-06-23,16.2,32.2,22.4,71.5,10.5,248.5,187.2,9.1,68.2,0.54,0.36,1.58,synthetic_demo_feed
ka_dwd_hubli,2025-06-24,14.0,31.0,22.5,82.6,12.0,233.2,207.9,10.4,70.7,0.54,0.36,1.58,synthetic_demo_feed
ka_dwd_hubli,2025-06-25,0.0,32.7,23.1,71.3,10.1,216.6,183.8,8.8,56.0,0.54,0.36,1.58,synthetic_demo_feed
ka_dwd_hubli,2025-06-26,0.0,32.5,23.8,70.5,12.3,223.9,201.2,10.7,52.8,0.54,0.36,1.58,synthetic_demo_feed
ka_dwd_hubli,2025-06-27,7.1,33.4,23.7,74.9,10.1,210.4,216.6,8.8,50.7,0.54,0.36,1.58,synthetic_demo_feed
ka_dwd_hubli,2025-06-28,0.0,32.8,23.7,86.9,11.4,230.1,203.2,9.9,55.8,0.54,0.36,1.58,synthetic_demo_feed
ka_dwd_hubli,2025-06-29,0.0,33.6,23.0,68.4,7.9,216.9,206.2,6.9,67.2,0.54,0.36,1.58,synthetic_demo_feed
ka_dwd_hubli,2025-06-30,0.0,33.4,22.8,71.7,9.1,237.4,216.3,7.9,63.8,0.54,0.36,1.58,synthetic_demo_feed
ka_dwd_hubli,2025-07-01,0.0,35.1,23.1,69.9,10.2,217.1,214.9,8.9,62.3,0.54,0.36,1.58,synthetic_demo_feed
ka_dwd_hubli,2025-07-02,0.0,33.1,22.4,75.7,9.0,225.9,206.0,7.8,71.3,0.54,0.36,1.58,synthetic_demo_feed
ka_dwd_hubli,2025-07-03,21.7,32.1,22.3,75.8,7.7,240.8,191.7,6.7,67.3,0.54,0.36,1.58,synthetic_demo_feed
ka_dwd_hubli,2025-07-04,7.2,32.3,23.8,66.1,9.1,230.0,215.6,7.9,69.8,0.54,0.36,1.58,synthetic_demo_feed
ka_dwd_hubli,2025-07-05,0.0,34.5,22.4,88.0,9.7,249.9,205.3,8.4,52.6,0.54,0.36,1.58,synthetic_demo_feed
ka_dwd_hubli,2025-07-06,23.7,31.3,22.9,67.3,12.4,249.4,182.4,10.8,57.4,0.54,0.36,1.58,synthetic_demo_feed
ka_dwd_hubli,2025-07-07,0.0,34.8,23.1,72.3,9.3,223.3,201.0,8.1,47.2,0.54,0.36,1.58,synthetic_demo_feed
ka_dwd_hubli,2025-07-08,0.0,33.6,23.5,68.5,12.4,214.2,217.1,10.8,71.9,0.54,0.36,1.58,synthetic_demo_feed
ka_dwd_hubli,2025-07-09,9.5,33.3,23.5,81.8,7.7,241.6,197.1,6.7,68.2,0.54,0.36,1.58,synthetic_demo_feed
ka_dwd_hubli,2025-07-10,11.3,31.6,23.3,65.4,9.7,218.0,180.2,8.4,48.1,0.54,0.36,1.58,synthetic_demo_feed
ka_dwd_hubli,2025-07-11,0.0,32.9,22.6,81.5,12.2,212.9,205.0,10.6,71.7,0.54,0.36,1.58,synthetic_demo_feed
ka_dwd_hubli,2025-07-12,11.2,33.6,23.7,72.3,10.2,215.9,199.7,8.9,59.1,0.54,0.36,1.58,synthetic_demo_feed
ka_dwd_hubli,2025-07-13,10.4,33.3,23.1,71.3,12.2,223.9,215.0,10.6,71.9,0.54,0.36,1.58,synthetic_demo_feed
ka_dwd_hubli,2025-07-14,0.0,35.3,23.4,66.8,7.6,240.2,213.9,6.6,47.0,0.54,0.36,1.58,synthetic_demo_feed
ka_dwd_hubli,2025-07-15,0.0,33.5,23.9,80.2,8.4,211.2,195.0,7.3,45.8,0.54,0.36,1.58,synthetic_demo_feed
ka_dwd_hubli,2025-07-16,12.5,33.0,23.0,86.4,9.2,213.2,190.1,8.0,64.7,0.54,0.36,1.58,synthetic_demo_feed
ka_dwd_hubli,2025-07-17,0.0,34.2,23.6,81.9,9.3,232.1,210.4,8.1,47.0,0.54,0.36,1.58,synthetic_demo_feed
ka_dwd_hubli,2025-07-18,19.5,32.4,23.8,83.9,8.3,212.9,203.2,7.2,50.4,0.54,0.36,1.58,synthetic_demo_feed
ka_dwd_hubli,2025-07-19,0.0,32.9,23.7,84.8,10.1,244.9,187.2,8.8,65.4,0.54,0.36,1.58,synthetic_demo_feed
ka_dwd_hubli,2025-07-20,0.4,33.7,22.7,48.7,5.2,82.7,238.0,4.5,55.5,0.54,0.36,1.58,synthetic_demo_feed
ka_dwd_hubli,2025-07-21,0.3,32.9,23.5,57.8,4.9,116.0,236.4,4.3,51.0,0.54,0.36,1.58,synthetic_demo_feed
ka_dwd_hubli,2025-07-22,0.2,35.4,23.5,46.0,3.6,101.9,250.0,3.1,46.5,0.54,0.36,1.58,synthetic_demo_feed
ka_dwd_hubli,2025-07-23,0.6,32.9,23.9,48.4,3.6,113.7,239.2,3.1,42.0,0.54,0.36,1.58,synthetic_demo_feed
ka_dwd_hubli,2025-07-24,0.4,35.3,23.9,56.6,3.0,130.4,242.0,2.6,37.5,0.54,0.36,1.58,synthetic_demo_feed
ka_dwd_hubli,2025-07-25,0.4,34.2,22.3,51.5,3.6,123.9,244.8,3.1,33.0,0.54,0.36,1.58,synthetic_demo_feed
ka_dwd_hubli,2025-07-26,0.6,32.5,22.8,45.6,2.9,95.3,253.4,2.5,28.5,0.54,0.36,1.58,synthetic_demo_feed
ka_dwd_hubli,2025-07-27,0.1,34.3,22.1,55.3,4.7,99.2,248.9,4.1,24.0,0.54,0.36,1.58,synthetic_demo_feed
ka_dwd_hubli,2025-07-28,0.0,34.5,23.7,46.4,5.1,119.6,259.4,4.4,20.0,0.54,0.36,1.58,synthetic_demo_feed
ka_dwd_hubli,2025-07-29,3.1,32.5,22.1,86.0,10.3,212.1,192.6,9.0,59.0,0.54,0.36,1.58,synthetic_demo_feed
ka_dwd_hubli,2025-07-30,8.3,31.6,23.9,67.5,8.6,244.2,202.9,7.5,47.2,0.54,0.36,1.58,synthetic_demo_feed
ka_dwd_hubli,2025-07-31,7.0,32.3,23.9,80.6,9.5,225.8,190.2,8.3,60.1,0.54,0.36,1.58,synthetic_demo_feed
ka_dwd_hubli,2025-08-01,0.0,33.6,22.8,71.8,8.5,210.2,199.5,7.4,53.3,0.54,0.36,1.58,synthetic_demo_feed
ka_dwd_hubli,2025-08-02,11.4,31.6,22.3,84.6,11.5,232.3,209.2,10.0,68.8,0.54,0.36,1.58,synthetic_demo_feed
ka_dwd_hubli,2025-08-03,0.0,33.6,23.7,69.8,10.1,241.6,187.7,8.8,64.2,0.54,0.36,1.58,synthetic_demo_feed
ka_dwd_hubli,2025-08-04,0.0,34.8,22.2,72.0,9.0,210.7,203.4,7.8,62.4,0.54,0.36,1.58,synthetic_demo_feed
ka_dwd_hubli,2025-08-05,19.9,30.8,23.1,73.6,12.5,247.9,193.1,10.9,65.7,0.54,0.36,1.58,synthetic_demo_feed
ka_dwd_hubli,2025-08-06,0.0,34.1,22.9,74.8,11.3,216.0,188.7,9.8,57.0,0.54,0.36,1.58,synthetic_demo_feed
ka_dwd_hubli,2025-08-07,0.0,33.3,23.2,70.6,8.7,245.2,202.1,7.6,56.6,0.54,0.36,1.58,synthetic_demo_feed
ka_dwd_hubli,2025-08-08,0.0,35.4,22.5,69.8,8.6,224.7,210.2,7.5,63.7,0.54,0.36,1.58,synthetic_demo_feed
ka_dwd_hubli,2025-08-09,0.0,33.5,22.4,77.0,9.5,242.2,215.3,8.3,61.1,0.54,0.36,1.58,synthetic_demo_feed
ka_dwd_hubli,2025-08-10,0.0,33.3,23.6,84.9,9.0,229.6,215.2,7.8,47.8,0.54,0.36,1.58,synthetic_demo_feed
ka_dwd_hubli,2025-08-11,0.0,35.1,22.9,81.7,9.2,228.5,198.2,8.0,51.1,0.54,0.36,1.58,synthetic_demo_feed
ka_dwd_hubli,2025-08-12,15.7,32.0,22.7,74.6,10.5,241.7,204.6,9.1,61.0,0.54,0.36,1.58,synthetic_demo_feed
ka_dwd_hubli,2025-08-13,0.0,32.8,23.9,75.4,10.0,236.5,193.5,8.7,63.3,0.54,0.36,1.58,synthetic_demo_feed
ka_dwd_hubli,2025-08-14,0.0,34.1,23.7,69.7,9.2,233.2,190.0,8.0,71.9,0.54,0.36,1.58,synthetic_demo_feed
ka_dwd_hubli,2025-08-15,0.0,34.5,23.9,71.7,11.4,222.6,200.8,9.9,48.3,0.54,0.36,1.58,synthetic_demo_feed
ka_dwd_hubli,2025-08-16,0.0,33.0,22.2,75.9,8.6,237.4,191.1,7.5,66.4,0.54,0.36,1.58,synthetic_demo_feed
ka_dwd_hubli,2025-08-17,0.0,33.8,23.8,83.4,10.9,233.5,200.2,9.5,65.3,0.54,0.36,1.58,synthetic_demo_feed
ka_dwd_hubli,2025-08-18,13.9,30.5,23.1,72.1,9.5,223.3,187.2,8.3,47.1,0.54,0.36,1.58,synthetic_demo_feed
ka_dwd_hubli,2025-08-19,0.0,32.9,22.7,86.5,9.7,229.1,216.7,8.4,48.3,0.54,0.36,1.58,synthetic_demo_feed
ka_dwd_hubli,2025-08-20,21.2,29.8,23.0,82.7,8.2,232.5,202.1,7.1,70.2,0.54,0.36,1.58,synthetic_demo_feed
ka_dwd_hubli,2025-08-21,0.0,35.4,23.2,79.9,9.4,235.0,201.4,8.2,52.7,0.54,0.36,1.58,synthetic_demo_feed
ka_dwd_hubli,2025-08-22,16.9,32.3,23.8,73.0,11.2,217.7,191.7,9.7,75.0,0.54,0.36,1.58,synthetic_demo_feed
ka_dwd_hubli,2025-08-23,0.0,33.1,23.1,69.9,11.6,224.7,182.5,10.1,72.0,0.54,0.36,1.58,synthetic_demo_feed
ka_dwd_hubli,2025-08-24,13.6,31.2,23.4,82.3,8.2,243.9,199.7,7.1,70.0,0.54,0.36,1.58,synthetic_demo_feed
ka_dwd_hubli,2025-08-25,9.4,32.2,22.1,71.2,11.4,219.5,180.2,9.9,68.5,0.54,0.36,1.58,synthetic_demo_feed
ka_dwd_hubli,2025-08-26,0.0,33.8,24.0,72.2,11.3,229.5,184.9,9.8,68.3,0.54,0.36,1.58,synthetic_demo_feed
ka_dwd_hubli,2025-08-27,0.0,35.2,23.5,81.9,8.3,222.2,201.0,7.2,60.1,0.54,0.36,1.58,synthetic_demo_feed
ka_dwd_hubli,2025-08-28,0.0,34.2,23.5,87.9,8.9,216.0,188.2,7.7,66.3,0.54,0.36,1.58,synthetic_demo_feed
ka_dwd_hubli,2025-08-29,0.0,33.1,22.8,86.2,11.8,235.2,184.6,10.3,59.4,0.54,0.36,1.58,synthetic_demo_feed
ka_dwd_hubli,2025-08-30,0.0,35.0,23.7,86.6,9.8,238.1,219.7,8.5,60.3,0.54,0.36,1.58,synthetic_demo_feed
ka_dwd_hubli,2025-08-31,0.0,35.2,23.7,80.3,8.7,222.9,218.7,7.6,72.3,0.54,0.36,1.58,synthetic_demo_feed
ka_dwd_hubli,2025-09-01,0.0,34.9,23.4,79.9,8.2,229.8,209.8,7.1,62.7,0.54,0.36,1.58,synthetic_demo_feed
ka_dwd_hubli,2025-09-02,9.8,33.8,23.4,79.6,7.5,220.3,208.6,6.5,59.3,0.54,0.36,1.58,synthetic_demo_feed
ka_dwd_hubli,2025-09-03,0.0,32.9,23.8,83.2,9.4,226.4,186.3,8.2,46.4,0.54,0.36,1.58,synthetic_demo_feed
ka_dwd_hubli,2025-09-04,13.6,33.4,23.8,88.0,10.0,233.0,194.1,8.7,58.1,0.54,0.36,1.58,synthetic_demo_feed
ka_dwd_hubli,2025-09-05,0.0,33.5,22.8,74.9,8.0,241.9,207.5,7.0,67.2,0.54,0.36,1.58,synthetic_demo_feed
ka_dwd_hubli,2025-09-06,25.0,29.6,23.0,79.0,10.5,235.2,198.3,9.1,45.7,0.54,0.36,1.58,synthetic_demo_feed
ka_dwd_hubli,2025-09-07,0.0,35.0,22.9,68.1,9.9,215.8,208.8,8.6,70.9,0.54,0.36,1.58,synthetic_demo_feed
ka_dwd_hubli,2025-09-08,8.0,32.3,22.6,87.8,10.8,226.8,182.9,9.4,62.2,0.54,0.36,1.58,synthetic_demo_feed
ka_dwd_hubli,2025-09-09,0.0,33.9,23.8,84.0,9.7,216.3,185.0,8.4,56.5,0.54,0.36,1.58,synthetic_demo_feed
ka_dwd_hubli,2025-09-10,0.0,32.8,23.4,65.5,9.8,238.1,207.3,8.5,65.8,0.54,0.36,1.58,synthetic_demo_feed
ka_dwd_hubli,2025-09-11,20.8,32.0,22.9,70.9,7.8,213.7,195.7,6.8,66.0,0.54,0.36,1.58,synthetic_demo_feed
ka_dwd_hubli,2025-09-12,20.3,30.8,23.9,81.4,11.7,221.5,206.9,10.2,56.5,0.54,0.36,1.58,synthetic_demo_feed
ka_dwd_hubli,2025-09-13,7.8,33.4,22.8,79.4,8.9,232.6,205.4,7.7,64.6,0.54,0.36,1.58,synthetic_demo_feed
ka_dwd_hubli,2025-09-14,7.5,32.8,23.3,82.1,12.4,224.6,186.7,10.8,72.4,0.54,0.36,1.58,synthetic_demo_feed
ka_dwd_hubli,2025-09-15,0.0,33.2,22.2,65.7,12.5,225.1,189.6,10.9,55.0,0.54,0.36,1.58,synthetic_demo_feed
ka_dwd_hubli,2025-09-16,0.0,33.4,22.7,86.0,11.4,224.9,214.3,9.9,61.8,0.54,0.36,1.58,synthetic_demo_feed
ka_dwd_hubli,2025-09-17,9.6,34.0,22.0,81.9,7.6,248.6,181.2,6.6,65.0,0.54,0.36,1.58,synthetic_demo_feed
ka_dwd_hubli,2025-09-18,23.8,29.8,22.3,76.3,9.5,217.6,181.4,8.3,68.9,0.54,0.36,1.58,synthetic_demo_feed
ka_dwd_hubli,2025-09-19,0.0,33.8,22.3,87.2,11.8,247.3,203.5,10.3,61.4,0.54,0.36,1.58,synthetic_demo_feed
ka_dwd_hubli,2025-09-20,0.0,32.6,23.3,70.7,12.0,223.4,203.9,10.4,57.9,0.54,0.36,1.58,synthetic_demo_feed
ka_dwd_hubli,2025-09-21,10.7,33.0,22.7,78.5,11.4,244.6,199.3,9.9,67.7,0.54,0.36,1.58,synthetic_demo_feed
ka_dwd_hubli,2025-09-22,22.2,30.5,22.4,66.5,9.2,240.6,190.0,8.0,74.4,0.54,0.36,1.58,synthetic_demo_feed
ka_dwd_hubli,2025-09-23,22.0,30.5,22.3,66.5,7.6,217.9,201.2,6.6,74.8,0.54,0.36,1.58,synthetic_demo_feed
ka_dwd_hubli,2025-09-24,19.7,31.6,23.8,66.8,11.0,240.8,195.9,9.6,49.5,0.54,0.36,1.58,synthetic_demo_feed
ka_dwd_hubli,2025-09-25,20.8,30.7,23.5,71.0,10.9,230.4,185.1,9.5,71.4,0.54,0.36,1.58,synthetic_demo_feed
ka_dwd_hubli,2025-09-26,0.0,34.7,22.1,80.9,8.9,232.3,180.1,7.7,50.0,0.54,0.36,1.58,synthetic_demo_feed
ka_dwd_hubli,2025-09-27,19.9,31.8,23.9,80.1,12.1,232.2,202.2,10.5,52.4,0.54,0.36,1.58,synthetic_demo_feed
ka_dwd_hubli,2025-09-28,0.0,32.9,22.8,81.9,11.3,214.4,214.6,9.8,48.6,0.54,0.36,1.58,synthetic_demo_feed
ka_dwd_hubli,2025-09-29,0.0,33.5,23.1,65.3,7.5,233.7,204.1,6.5,70.6,0.54,0.36,1.58,synthetic_demo_feed
ka_dwd_hubli,2025-09-30,0.0,32.9,22.0,87.8,10.8,218.7,193.2,9.4,46.3,0.54,0.36,1.58,synthetic_demo_feed
ka_dwd_hubli,2025-10-01,0.0,34.6,23.8,51.1,6.9,100.3,220.9,6.0,33.9,0.54,0.36,1.58,synthetic_demo_feed
ka_dwd_hubli,2025-10-02,0.0,34.5,23.6,52.8,4.6,115.5,244.9,4.0,33.5,0.54,0.36,1.58,synthetic_demo_feed
ka_dwd_hubli,2025-10-03,0.9,33.6,22.6,41.4,4.3,81.3,223.7,3.7,28.6,0.54,0.36,1.58,synthetic_demo_feed
ka_dwd_hubli,2025-10-04,3.2,33.4,22.8,45.8,6.8,95.5,225.6,5.9,28.9,0.54,0.36,1.58,synthetic_demo_feed
ka_dwd_hubli,2025-10-05,0.0,35.1,22.8,54.5,5.9,89.5,225.2,5.1,31.1,0.54,0.36,1.58,synthetic_demo_feed
ka_dwd_hubli,2025-10-06,0.0,33.3,23.8,56.5,5.6,123.5,248.3,4.9,34.5,0.54,0.36,1.58,synthetic_demo_feed
ka_dwd_hubli,2025-10-07,0.0,33.2,22.2,57.2,4.8,130.6,249.7,4.2,24.4,0.54,0.36,1.58,synthetic_demo_feed
ka_dwd_hubli,2025-10-08,0.0,35.1,23.5,47.1,6.8,103.4,232.9,5.9,33.4,0.54,0.36,1.58,synthetic_demo_feed
ka_dwd_hubli,2025-10-09,0.0,35.4,23.2,41.9,5.2,131.0,250.1,4.5,22.4,0.54,0.36,1.58,synthetic_demo_feed
ka_dwd_hubli,2025-10-10,0.0,32.8,22.5,55.1,5.4,82.4,252.4,4.7,26.7,0.54,0.36,1.58,synthetic_demo_feed
ka_dwd_hubli,2025-10-11,0.0,34.9,22.3,51.3,5.9,87.6,250.6,5.1,27.2,0.54,0.36,1.58,synthetic_demo_feed
ka_dwd_hubli,2025-10-12,0.0,35.4,23.8,45.4,3.9,103.1,236.5,3.4,33.6,0.54,0.36,1.58,synthetic_demo_feed
ka_dwd_hubli,2025-10-13,0.9,34.9,23.6,57.3,4.3,109.4,223.5,3.7,27.8,0.54,0.36,1.58,synthetic_demo_feed
ka_dwd_hubli,2025-10-14,0.0,34.0,23.2,40.3,5.2,98.7,233.9,4.5,27.2,0.54,0.36,1.58,synthetic_demo_feed
ka_dwd_hubli,2025-10-15,0.0,35.0,23.4,52.7,4.7,108.4,238.1,4.1,36.8,0.54,0.36,1.58,synthetic_demo_feed
ka_dwd_hubli,2025-10-16,0.0,33.8,22.8,42.5,6.7,102.9,239.8,5.8,24.8,0.54,0.36,1.58,synthetic_demo_feed
ka_dwd_hubli,2025-10-17,0.0,33.9,23.4,48.3,6.6,88.3,233.0,5.7,24.3,0.54,0.36,1.58,synthetic_demo_feed
ka_dwd_hubli,2025-10-18,0.0,33.3,23.1,49.4,6.2,116.8,228.3,5.4,25.7,0.54,0.36,1.58,synthetic_demo_feed
ka_dwd_hubli,2025-10-19,0.0,35.0,23.6,46.8,4.6,126.7,246.3,4.0,37.8,0.54,0.36,1.58,synthetic_demo_feed
ka_dwd_hubli,2025-10-20,4.5,31.9,23.7,56.9,6.3,109.8,247.4,5.5,36.3,0.54,0.36,1.58,synthetic_demo_feed
ka_dwd_hubli,2025-10-21,0.0,32.6,23.5,45.9,3.9,119.6,220.9,3.4,35.9,0.54,0.36,1.58,synthetic_demo_feed
ka_dwd_hubli,2025-10-22,0.0,32.8,23.8,47.3,4.3,118.6,229.4,3.7,25.4,0.54,0.36,1.58,synthetic_demo_feed
ka_dwd_hubli,2025-10-23,0.0,34.7,22.2,44.3,3.6,111.7,241.7,3.1,37.2,0.54,0.36,1.58,synthetic_demo_feed
ka_dwd_hubli,2025-10-24,0.0,35.2,22.8,57.1,6.8,109.2,246.2,5.9,32.2,0.54,0.36,1.58,synthetic_demo_feed
ka_dwd_hubli,2025-10-25,0.0,35.3,22.2,42.7,5.6,132.3,236.5,4.9,22.8,0.54,0.36,1.58,synthetic_demo_feed
ka_dwd_hubli,2025-10-26,0.0,34.2,22.8,44.9,5.2,127.5,239.3,4.5,29.5,0.54,0.36,1.58,synthetic_demo_feed
ka_dwd_hubli,2025-10-27,0.0,34.4,22.4,55.7,5.9,136.0,235.6,5.1,34.0,0.54,0.36,1.58,synthetic_demo_feed
ka_dwd_hubli,2025-10-28,0.0,32.9,22.5,51.8,4.6,101.6,225.0,4.0,37.1,0.54,0.36,1.58,synthetic_demo_feed
ka_dwd_hubli,2025-10-29,0.0,33.8,22.7,49.1,6.1,89.9,236.7,5.3,26.0,0.54,0.36,1.58,synthetic_demo_feed
ka_dwd_hubli,2025-10-30,4.0,32.7,22.6,41.9,4.6,139.7,238.4,4.0,37.0,0.54,0.36,1.58,synthetic_demo_feed
ka_dwd_hubli,2025-10-31,0.0,34.8,23.0,51.6,5.3,129.9,233.2,4.6,28.3,0.54,0.36,1.58,synthetic_demo_feed
