location_id,date,rainfall_mm,temp_max_c,humidity_pct,missing_flag,data_source_id
ap_gnr_tenali,2015-01-01,0.02,31.8,73.1,0,nasa_power_daily
ap_gnr_tenali,2015-01-02,0.69,30.2,79.0,0,nasa_power_daily
ap_gnr_tenali,2015-01-03,0.97,30.5,81.5,0,nasa_power_daily
ap_gnr_tenali,2015-01-04,0.04,31.6,74.4,0,nasa_power_daily
ap_gnr_tenali,2015-01-05,0.02,31.5,67.3,0,nasa_power_daily
ap_gnr_tenali,2015-01-06,0.01,30.6,69.8,0,nasa_power_daily
ap_gnr_tenali,2015-01-07,0.0,30.6,67.5,0,nasa_power_daily
ap_gnr_tenali,2015-01-08,0.0,29.9,70.2,0,nasa_power_daily
ap_gnr_tenali,2015-01-09,0.0,30.4,53.3,0,nasa_power_daily
ap_gnr_tenali,2015-01-10,0.0,29.4,59.3,0,nasa_power_daily
ap_gnr_tenali,2015-01-11,0.0,29.2,62.2,0,nasa_power_daily
ap_gnr_tenali,2015-01-12,0.0,29.8,60.0,0,nasa_power_daily
ap_gnr_tenali,2015-01-13,0.0,29.8,61.9,0,nasa_power_daily
ap_gnr_tenali,2015-01-14,0.0,29.6,66.3,0,nasa_power_daily
ap_gnr_tenali,2015-01-15,0.0,29.8,70.3,0,nasa_power_daily
ap_gnr_tenali,2015-01-16,0.0,30.6,67.3,0,nasa_power_daily
ap_gnr_tenali,2015-01-17,0.0,30.5,63.6,0,nasa_power_daily
ap_gnr_tenali,2015-01-18,0.0,30.6,60.9,0,nasa_power_daily
ap_gnr_tenali,2015-01-19,0.0,29.7,61.7,0,nasa_power_daily
ap_gnr_tenali,2015-01-20,0.0,29.6,62.0,0,nasa_power_daily
ap_gnr_tenali,2015-01-21,0.0,29.0,61.0,0,nasa_power_daily
ap_gnr_tenali,2015-01-22,0.0,30.0,63.1,0,nasa_power_daily
ap_gnr_tenali,2015-01-23,0.0,30.4,67.1,0,nasa_power_daily
ap_gnr_tenali,2015-01-24,0.0,28.9,68.5,0,nasa_power_daily
ap_gnr_tenali,2015-01-25,0.0,30.5,67.5,0,nasa_power_daily
ap_gnr_tenali,2015-01-26,0.0,30.3,64.6,0,nasa_power_daily
ap_gnr_tenali,2015-01-27,0.0,30.4,64.9,0,nasa_power_daily
ap_gnr_tenali,2015-01-28,0.0,30.1,72.0,0,nasa_power_daily
ap_gnr_tenali,2015-01-29,0.0,31.0,70.0,0,nasa_power_daily
ap_gnr_tenali,2015-01-30,0.0,31.6,67.5,0,nasa_power_daily
ap_gnr_tenali,2015-01-31,0.0,31.4,67.7,0,nasa_power_daily
ap_gnr_tenali,2015-02-01,0.04,31.2,69.4,0,nasa_power_daily
ap_gnr_tenali,2015-02-02,0.03,30.2,69.3,0,nasa_power_daily
ap_gnr_tenali,2015-02-03,0.0,30.8,64.2,0,nasa_power_daily
ap_gnr_tenali,2015-02-04,0.0,30.5,63.5,0,nasa_power_daily
ap_gnr_tenali,2015-02-05,0.0,31.6,62.6,0,nasa_power_daily
ap_gnr_tenali,2015-02-06,0.0,31.3,63.8,0,nasa_power_daily
ap_gnr_tenali,2015-02-07,0.0,30.8,63.3,0,nasa_power_daily
ap_gnr_tenali,2015-02-08,0.0,28.9,61.1,0,nasa_power_daily
ap_gnr_tenali,2015-02-09,0.0,30.9,61.8,0,nasa_power_daily
ap_gnr_tenali,2015-02-10,0.0,29.8,68.7,0,nasa_power_daily
ap_gnr_tenali,2015-02-11,0.0,31.2,68.2,0,nasa_power_daily
ap_gnr_tenali,2015-02-12,0.0,32.2,67.5,0,nasa_power_daily
ap_gnr_tenali,2015-02-13,0.0,33.0,66.3,0,nasa_power_daily
ap_gnr_tenali,2015-02-14,0.0,34.0,62.3,0,nasa_power_daily
ap_gnr_tenali,2015-02-15,0.0,33.7,63.6,0,nasa_power_daily
ap_gnr_tenali,2015-02-16,0.0,33.2,66.7,0,nasa_power_daily
ap_gnr_tenali,2015-02-17,0.0,33.4,66.3,0,nasa_power_daily
ap_gnr_tenali,2015-02-18,0.0,33.2,64.4,0,nasa_power_daily
ap_gnr_tenali,2015-02-19,0.0,33.2,65.0,0,nasa_power_daily
ap_gnr_tenali,2015-02-20,0.01,32.5,66.6,0,nasa_power_daily
ap_gnr_tenali,2015-02-21,0.0,34.1,59.2,0,nasa_power_daily
ap_gnr_tenali,2015-02-22,0.0,34.2,52.8,0,nasa_power_daily
ap_gnr_tenali,2015-02-23,0.0,33.5,55.4,0,nasa_power_daily
ap_gnr_tenali,2015-02-24,0.0,33.6,57.6,0,nasa_power_daily
ap_gnr_tenali,2015-02-25,0.0,33.9,54.4,0,nasa_power_daily
ap_gnr_tenali,2015-02-26,0.0,33.8,54.4,0,nasa_power_daily
ap_gnr_tenali,2015-02-27,0.0,33.2,62.0,0,nasa_power_daily
ap_gnr_tenali,2015-02-28,0.0,32.7,66.5,0,nasa_power_daily
ap_gnr_tenali,2015-03-01,0.15,30.5,67.6,0,nasa_power_daily
ap_gnr_tenali,2015-03-02,0.06,32.3,68.2,0,nasa_power_daily
ap_gnr_tenali,2015-03-03,0.0,33.4,67.8,0,nasa_power_daily
ap_gnr_tenali,2015-03-04,0.0,34.7,66.6,0,nasa_power_daily
ap_gnr_tenali,2015-03-05,0.0,34.6,65.9,0,nasa_power_daily
ap_gnr_tenali,2015-03-06,0.0,34.7,64.9,0,nasa_power_daily
ap_gnr_tenali,2015-03-07,0.08,34.0,64.4,0,nasa_power_daily
ap_gnr_tenali,2015-03-08,0.04,34.2,64.2,0,nasa_power_daily
ap_gnr_tenali,2015-03-09,0.06,34.0,64.0,0,nasa_power_daily
ap_gnr_tenali,2015-03-10,0.0,35.7,54.5,0,nasa_power_daily
ap_gnr_tenali,2015-03-11,0.0,34.8,57.7,0,nasa_power_daily
ap_gnr_tenali,2015-03-12,0.0,35.1,62.5,0,nasa_power_daily
ap_gnr_tenali,2015-03-13,0.0,35.5,58.6,0,nasa_power_daily
ap_gnr_tenali,2015-03-14,0.0,35.1,62.1,0,nasa_power_daily
ap_gnr_tenali,2015-03-15,0.0,35.1,62.8,0,nasa_power_daily
ap_gnr_tenali,2015-03-16,0.0,34.2,62.8,0,nasa_power_daily
ap_gnr_tenali,2015-03-17,0.0,36.6,58.7,0,nasa_power_daily
ap_gnr_tenali,2015-03-18,0.0,37.4,53.9,0,nasa_power_daily
ap_gnr_tenali,2015-03-19,0.0,36.8,57.0,0,nasa_power_daily
ap_gnr_tenali,2015-03-20,0.0,37.0,53.4,0,nasa_power_daily
ap_gnr_tenali,2015-03-21,0.0,37.7,51.2,0,nasa_power_daily
ap_gnr_tenali,2015-03-22,0.0,38.3,51.3,0,nasa_power_daily
ap_gnr_tenali,2015-03-23,0.0,37.3,57.3,0,nasa_power_daily
ap_gnr_tenali,2015-03-24,0.02,37.4,61.2,0,nasa_power_daily
ap_gnr_tenali,2015-03-25,0.06,35.9,63.9,0,nasa_power_daily
ap_gnr_tenali,2015-03-26,0.02,35.6,63.5,0,nasa_power_daily
ap_gnr_tenali,2015-03-27,0.01,36.2,60.6,0,nasa_power_daily
ap_gnr_tenali,2015-03-28,0.0,35.6,62.8,0,nasa_power_daily
ap_gnr_tenali,2015-03-29,0.0,35.7,62.8,0,nasa_power_daily
ap_gnr_tenali,2015-03-30,0.01,34.7,64.2,0,nasa_power_daily
ap_gnr_tenali,2015-03-31,0.05,35.1,63.9,0,nasa_power_daily
ap_gnr_tenali,2015-04-01,0.0,36.4,63.0,0,nasa_power_daily
ap_gnr_tenali,2015-04-02,0.0,37.0,62.8,0,nasa_power_daily
ap_gnr_tenali,2015-04-03,0.0,38.3,62.2,0,nasa_power_daily
ap_gnr_tenali,2015-04-04,0.0,38.4,62.5,0,nasa_power_daily
ap_gnr_tenali,2015-04-05,0.0,38.5,59.8,0,nasa_power_daily
ap_gnr_tenali,2015-04-06,0.03,36.7,63.1,0,nasa_power_daily
ap_gnr_tenali,2015-04-07,0.0,36.7,63.1,0,nasa_power_daily
ap_gnr_tenali,2015-04-08,0.01,36.3,66.1,0,nasa_power_daily
ap_gnr_tenali,2015-04-09,0.0,36.5,63.9,0,nasa_power_daily
ap_gnr_tenali,2015-04-10,0.0,37.1,58.1,0,nasa_power_daily
ap_gnr_tenali,2015-04-11,0.01,36.3,58.9,0,nasa_power_daily
ap_gnr_tenali,2015-04-12,0.73,34.8,59.5,0,nasa_power_daily
ap_gnr_tenali,2015-04-13,0.65,33.6,57.3,0,nasa_power_daily
ap_gnr_tenali,2015-04-14,2.35,35.4,54.0,0,nasa_power_daily
ap_gnr_tenali,2015-04-15,4.88,33.2,64.6,0,nasa_power_daily
ap_gnr_tenali,2015-04-16,1.5,34.2,66.9,0,nasa_power_daily
ap_gnr_tenali,2015-04-17,0.18,35.2,63.6,0,nasa_power_daily
ap_gnr_tenali,2015-04-18,0.06,37.8,58.9,0,nasa_power_daily
ap_gnr_tenali,2015-04-19,0.01,37.0,62.1,0,nasa_power_daily
ap_gnr_tenali,2015-04-20,0.02,37.4,64.9,0,nasa_power_daily
ap_gnr_tenali,2015-04-21,0.04,37.5,65.6,0,nasa_power_daily
ap_gnr_tenali,2015-04-22,0.07,38.9,62.5,0,nasa_power_daily
ap_gnr_tenali,2015-04-23,0.83,38.2,64.5,0,nasa_power_daily
ap_gnr_tenali,2015-04-24,2.91,33.0,68.4,0,nasa_power_daily
ap_gnr_tenali,2015-04-25,0.17,36.0,64.9,0,nasa_power_daily
ap_gnr_tenali,2015-04-26,1.11,34.8,63.6,0,nasa_power_daily
ap_gnr_tenali,2015-04-27,0.58,36.4,64.7,0,nasa_power_daily
ap_gnr_tenali,2015-04-28,0.32,37.1,63.8,0,nasa_power_daily
ap_gnr_tenali,2015-04-29,0.86,36.0,66.0,0,nasa_power_daily
ap_gnr_tenali,2015-04-30,0.99,39.4,62.4,0,nasa_power_daily
ap_gnr_tenali,2015-05-01,0.27,36.9,67.7,0,nasa_power_daily
ap_gnr_tenali,2015-05-02,0.2,37.7,64.2,0,nasa_power_daily
ap_gnr_tenali,2015-05-03,0.16,34.3,69.4,0,nasa_power_daily
ap_gnr_tenali,2015-05-04,0.06,33.3,73.5,0,nasa_power_daily
ap_gnr_tenali,2015-05-05,0.04,36.7,64.0,0,nasa_power_daily
ap_gnr_tenali,2015-05-06,0.01,37.4,62.2,0,nasa_power_daily
ap_gnr_tenali,2015-05-07,0.0,37.0,63.0,0,nasa_power_daily
ap_gnr_tenali,2015-05-08,0.0,39.4,59.2,0,nasa_power_daily
ap_gnr_tenali,2015-05-09,0.0,38.0,64.3,0,nasa_power_daily
ap_gnr_tenali,2015-05-10,0.01,37.4,63.1,0,nasa_power_daily
ap_gnr_tenali,2015-05-11,0.02,38.3,56.3,0,nasa_power_daily
ap_gnr_tenali,2015-05-12,0.01,39.1,56.9,0,nasa_power_daily
ap_gnr_tenali,2015-05-13,0.02,36.6,58.3,0,nasa_power_daily
ap_gnr_tenali,2015-05-14,0.03,37.2,60.6,0,nasa_power_daily
ap_gnr_tenali,2015-05-15,0.1,35.8,64.8,0,nasa_power_daily
ap_gnr_tenali,2015-05-16,2.01,36.1,61.5,0,nasa_power_daily
ap_gnr_tenali,2015-05-17,1.39,34.6,65.7,0,nasa_power_daily
ap_gnr_tenali,2015-05-18,0.06,39.5,58.8,0,nasa_power_daily
ap_gnr_tenali,2015-05-19,0.21,42.6,55.9,0,nasa_power_daily
ap_gnr_tenali,2015-05-20,0.19,45.2,46.9,0,nasa_power_daily
ap_gnr_tenali,2015-05-21,0.1,43.4,51.1,0,nasa_power_daily
ap_gnr_tenali,2015-05-22,0.03,42.7,46.1,0,nasa_power_daily
ap_gnr_tenali,2015-05-23,0.26,43.7,41.0,0,nasa_power_daily
ap_gnr_tenali,2015-05-24,1.45,42.6,42.7,0,nasa_power_daily
ap_gnr_tenali,2015-05-25,0.01,43.4,37.0,0,nasa_power_daily
ap_gnr_tenali,2015-05-26,0.01,41.6,43.8,0,nasa_power_daily
ap_gnr_tenali,2015-05-27,0.01,37.0,59.8,0,nasa_power_daily
ap_gnr_tenali,2015-05-28,0.01,38.8,56.9,0,nasa_power_daily
ap_gnr_tenali,2015-05-29,0.0,39.5,59.6,0,nasa_power_daily
ap_gnr_tenali,2015-05-30,0.0,37.3,64.8,0,nasa_power_daily
ap_gnr_tenali,2015-05-31,0.9,35.0,68.1,0,nasa_power_daily
ap_gnr_tenali,2015-06-01,11.02,35.0,67.0,0,nasa_power_daily
ap_gnr_tenali,2015-06-02,6.54,34.7,69.5,0,nasa_power_daily
ap_gnr_tenali,2015-06-03,2.24,34.7,70.1,0,nasa_power_daily
ap_gnr_tenali,2015-06-04,4.36,33.4,73.1,0,nasa_power_daily
ap_gnr_tenali,2015-06-05,7.28,32.4,78.7,0,nasa_power_daily
ap_gnr_tenali,2015-06-06,5.08,31.0,79.2,0,nasa_power_daily
ap_gnr_tenali,2015-06-07,10.59,31.0,78.5,0,nasa_power_daily
ap_gnr_tenali,2015-06-08,14.93,29.4,84.0,0,nasa_power_daily
ap_gnr_tenali,2015-06-09,2.46,33.1,74.2,0,nasa_power_daily
ap_gnr_tenali,2015-06-10,0.54,35.4,66.5,0,nasa_power_daily
ap_gnr_tenali,2015-06-11,1.79,35.5,68.0,0,nasa_power_daily
ap_gnr_tenali,2015-06-12,4.16,33.7,71.6,0,nasa_power_daily
ap_gnr_tenali,2015-06-13,8.55,34.4,72.7,0,nasa_power_daily
ap_gnr_tenali,2015-06-14,11.06,32.5,74.8,0,nasa_power_daily
ap_gnr_tenali,2015-06-15,3.91,33.4,73.1,0,nasa_power_daily
ap_gnr_tenali,2015-06-16,7.97,33.5,67.7,0,nasa_power_daily
ap_gnr_tenali,2015-06-17,10.33,31.8,75.5,0,nasa_power_daily
ap_gnr_tenali,2015-06-18,37.24,29.4,78.5,0,nasa_power_daily
ap_gnr_tenali,2015-06-19,42.3,27.3,84.5,0,nasa_power_daily
ap_gnr_tenali,2015-06-20,8.01,30.4,73.8,0,nasa_power_daily
ap_gnr_tenali,2015-06-21,3.79,30.9,76.3,0,nasa_power_daily
ap_gnr_tenali,2015-06-22,0.75,33.9,69.1,0,nasa_power_daily
ap_gnr_tenali,2015-06-23,0.03,35.0,68.7,0,nasa_power_daily
ap_gnr_tenali,2015-06-24,1.27,35.6,67.7,0,nasa_power_daily
ap_gnr_tenali,2015-06-25,0.38,35.3,66.5,0,nasa_power_daily
ap_gnr_tenali,2015-06-26,0.45,34.5,68.4,0,nasa_power_daily
ap_gnr_tenali,2015-06-27,1.84,36.0,66.0,0,nasa_power_daily
ap_gnr_tenali,2015-06-28,3.59,34.0,72.0,0,nasa_power_daily
ap_gnr_tenali,2015-06-29,0.92,34.2,71.5,0,nasa_power_daily
ap_gnr_tenali,2015-06-30,2.09,34.5,70.5,0,nasa_power_daily
ap_gnr_tenali,2015-07-01,0.71,34.8,67.8,0,nasa_power_daily
ap_gnr_tenali,2015-07-02,5.45,34.5,69.8,0,nasa_power_daily
ap_gnr_tenali,2015-07-03,1.8,33.1,74.7,0,nasa_power_daily
ap_gnr_tenali,2015-07-04,0.22,36.1,67.4,0,nasa_power_daily
ap_gnr_tenali,2015-07-05,0.04,37.0,62.6,0,nasa_power_daily
ap_gnr_tenali,2015-07-06,0.0,36.4,58.7,0,nasa_power_daily
ap_gnr_tenali,2015-07-07,0.02,36.7,56.8,0,nasa_power_daily
ap_gnr_tenali,2015-07-08,0.16,34.1,67.8,0,nasa_power_daily
ap_gnr_tenali,2015-07-09,0.04,35.6,61.9,0,nasa_power_daily
ap_gnr_tenali,2015-07-10,0.72,35.1,63.8,0,nasa_power_daily
ap_gnr_tenali,2015-07-11,1.26,36.3,60.2,0,nasa_power_daily
ap_gnr_tenali,2015-07-12,0.37,36.0,61.6,0,nasa_power_daily
ap_gnr_tenali,2015-07-13,2.02,35.1,69.5,0,nasa_power_daily
ap_gnr_tenali,2015-07-14,12.13,33.9,75.6,0,nasa_power_daily
ap_gnr_tenali,2015-07-15,12.51,31.7,82.2,0,nasa_power_daily
ap_gnr_tenali,2015-07-16,2.01,33.1,73.1,0,nasa_power_daily
ap_gnr_tenali,2015-07-17,0.69,35.9,63.3,0,nasa_power_daily
ap_gnr_tenali,2015-07-18,1.11,34.8,68.7,0,nasa_power_daily
ap_gnr_tenali,2015-07-19,3.49,31.6,74.3,0,nasa_power_daily
ap_gnr_tenali,2015-07-20,1.23,35.2,65.8,0,nasa_power_daily
ap_gnr_tenali,2015-07-21,2.51,35.3,67.8,0,nasa_power_daily
ap_gnr_tenali,2015-07-22,20.38,32.0,78.6,0,nasa_power_daily
ap_gnr_tenali,2015-07-23,7.28,33.4,77.2,0,nasa_power_daily
ap_gnr_tenali,2015-07-24,2.25,34.0,74.2,0,nasa_power_daily
ap_gnr_tenali,2015-07-25,3.19,34.9,67.7,0,nasa_power_daily
ap_gnr_tenali,2015-07-26,4.52,33.7,70.5,0,nasa_power_daily
ap_gnr_tenali,2015-07-27,0.45,35.4,65.7,0,nasa_power_daily
ap_gnr_tenali,2015-07-28,0.77,36.2,60.8,0,nasa_power_daily
ap_gnr_tenali,2015-07-29,0.05,34.9,63.3,0,nasa_power_daily
ap_gnr_tenali,2015-07-30,1.18,36.4,61.9,0,nasa_power_daily
ap_gnr_tenali,2015-07-31,8.49,30.6,76.2,0,nasa_power_daily
ap_gnr_tenali,2015-08-01,5.98,32.0,76.8,0,nasa_power_daily
ap_gnr_tenali,2015-08-02,7.58,33.3,77.4,0,nasa_power_daily
ap_gnr_tenali,2015-08-03,5.89,32.9,75.3,0,nasa_power_daily
ap_gnr_tenali,2015-08-04,4.22,34.1,70.6,0,nasa_power_daily
ap_gnr_tenali,2015-08-05,2.04,35.6,65.2,0,nasa_power_daily
ap_gnr_tenali,2015-08-06,3.02,35.0,65.8,0,nasa_power_daily
ap_gnr_tenali,2015-08-07,2.31,33.1,70.8,0,nasa_power_daily
ap_gnr_tenali,2015-08-08,2.96,32.9,73.4,0,nasa_power_daily
ap_gnr_tenali,2015-08-09,7.89,32.6,77.0,0,nasa_power_daily
ap_gnr_tenali,2015-08-10,7.17,32.8,77.0,0,nasa_power_daily
ap_gnr_tenali,2015-08-11,32.14,30.4,84.4,0,nasa_power_daily
ap_gnr_tenali,2015-08-12,9.69,31.3,81.5,0,nasa_power_daily
ap_gnr_tenali,2015-08-13,1.78,32.8,75.7,0,nasa_power_daily
ap_gnr_tenali,2015-08-14,0.23,34.6,71.8,0,nasa_power_daily
ap_gnr_tenali,2015-08-15,1.0,33.4,74.6,0,nasa_power_daily
ap_gnr_tenali,2015-08-16,3.9,32.1,80.2,0,nasa_power_daily
ap_gnr_tenali,2015-08-17,3.17,31.3,80.7,0,nasa_power_daily
ap_gnr_tenali,2015-08-18,0.52,31.9,81.0,0,nasa_power_daily
ap_gnr_tenali,2015-08-19,1.19,30.9,84.0,0,nasa_power_daily
ap_gnr_tenali,2015-08-20,5.46,31.3,84.4,0,nasa_power_daily
ap_gnr_tenali,2015-08-21,19.5,32.0,82.2,0,nasa_power_daily
ap_gnr_tenali,2015-08-22,8.78,30.2,84.5,0,nasa_power_daily
ap_gnr_tenali,2015-08-23,1.25,32.8,78.3,0,nasa_power_daily
ap_gnr_tenali,2015-08-24,2.72,32.8,77.2,0,nasa_power_daily
ap_gnr_tenali,2015-08-25,1.25,33.6,74.1,0,nasa_power_daily
ap_gnr_tenali,2015-08-26,1.58,32.2,77.3,0,nasa_power_daily
ap_gnr_tenali,2015-08-27,1.72,32.1,78.1,0,nasa_power_daily
ap_gnr_tenali,2015-08-28,5.3,32.1,79.4,0,nasa_power_daily
ap_gnr_tenali,2015-08-29,4.05,33.1,76.6,0,nasa_power_daily
ap_gnr_tenali,2015-08-30,7.82,33.3,77.5,0,nasa_power_daily
ap_gnr_tenali,2015-08-31,2.2,33.5,77.5,0,nasa_power_daily
ap_gnr_tenali,2015-09-01,1.14,32.5,76.4,0,nasa_power_daily
ap_gnr_tenali,2015-09-02,3.66,33.6,74.8,0,nasa_power_daily
ap_gnr_tenali,2015-09-03,6.57,32.2,81.4,0,nasa_power_daily
ap_gnr_tenali,2015-09-04,0.69,31.7,81.4,0,nasa_power_daily
ap_gnr_tenali,2015-09-05,0.89,30.6,83.4,0,nasa_power_daily
ap_gnr_tenali,2015-09-06,9.03,29.3,85.4,0,nasa_power_daily
ap_gnr_tenali,2015-09-07,13.81,30.0,82.5,0,nasa_power_daily
ap_gnr_tenali,2015-09-08,4.94,31.3,80.0,0,nasa_power_daily
ap_gnr_tenali,2015-09-09,1.94,30.8,77.2,0,nasa_power_daily
ap_gnr_tenali,2015-09-10,8.37,31.1,81.4,0,nasa_power_daily
ap_gnr_tenali,2015-09-11,3.04,30.1,81.9,0,nasa_power_daily
ap_gnr_tenali,2015-09-12,5.1,31.9,78.2,0,nasa_power_daily
ap_gnr_tenali,2015-09-13,3.42,32.0,79.6,0,nasa_power_daily
ap_gnr_tenali,2015-09-14,5.35,31.2,82.4,0,nasa_power_daily
ap_gnr_tenali,2015-09-15,2.48,30.2,83.7,0,nasa_power_daily
ap_gnr_tenali,2015-09-16,3.12,32.4,79.3,0,nasa_power_daily
ap_gnr_tenali,2015-09-17,4.52,32.9,79.8,0,nasa_power_daily
ap_gnr_tenali,2015-09-18,0.64,32.3,80.6,0,nasa_power_daily
ap_gnr_tenali,2015-09-19,8.14,30.2,84.9,0,nasa_power_daily
ap_gnr_tenali,2015-09-20,6.87,29.3,87.2,0,nasa_power_daily
ap_gnr_tenali,2015-09-21,0.68,31.8,80.5,0,nasa_power_daily
ap_gnr_tenali,2015-09-22,0.2,33.4,76.2,0,nasa_power_daily
ap_gnr_tenali,2015-09-23,0.16,31.7,80.1,0,nasa_power_daily
ap_gnr_tenali,2015-09-24,0.23,32.6,80.2,0,nasa_power_daily
ap_gnr_tenali,2015-09-25,3.19,31.2,82.5,0,nasa_power_daily
ap_gnr_tenali,2015-09-26,3.54,30.3,82.5,0,nasa_power_daily
ap_gnr_tenali,2015-09-27,0.88,30.6,77.1,0,nasa_power_daily
ap_gnr_tenali,2015-09-28,1.1,31.5,75.2,0,nasa_power_daily
ap_gnr_tenali,2015-09-29,5.67,31.4,80.6,0,nasa_power_daily
ap_gnr_tenali,2015-09-30,8.81,30.2,84.5,0,nasa_power_daily
ap_gnr_tenali,2015-10-01,24.95,28.3,89.1,0,nasa_power_daily
ap_gnr_tenali,2015-10-02,2.62,30.2,80.3,0,nasa_power_daily
ap_gnr_tenali,2015-10-03,4.24,31.8,80.0,0,nasa_power_daily
ap_gnr_tenali,2015-10-04,8.14,32.4,79.8,0,nasa_power_daily
ap_gnr_tenali,2015-10-05,1.32,30.6,82.5,0,nasa_power_daily
ap_gnr_tenali,2015-10-06,0.47,30.9,78.5,0,nasa_power_daily
ap_gnr_tenali,2015-10-07,0.27,31.9,74.4,0,nasa_power_daily
ap_gnr_tenali,2015-10-08,0.16,32.5,76.3,0,nasa_power_daily
ap_gnr_tenali,2015-10-09,0.9,32.8,76.2,0,nasa_power_daily
ap_gnr_tenali,2015-10-10,0.01,34.4,70.1,0,nasa_power_daily
ap_gnr_tenali,2015-10-11,0.45,33.8,72.0,0,nasa_power_daily
ap_gnr_tenali,2015-10-12,0.27,33.6,69.0,0,nasa_power_daily
ap_gnr_tenali,2015-10-13,0.0,34.3,66.2,0,nasa_power_daily
ap_gnr_tenali,2015-10-14,0.09,34.4,66.8,0,nasa_power_daily
ap_gnr_tenali,2015-10-15,0.41,33.1,73.4,0,nasa_power_daily
ap_gnr_tenali,2015-10-16,0.16,32.6,75.1,0,nasa_power_daily
ap_gnr_tenali,2015-10-17,0.02,32.7,75.8,0,nasa_power_daily
ap_gnr_tenali,2015-10-18,0.26,32.8,74.6,0,nasa_power_daily
ap_gnr_tenali,2015-10-19,0.14,33.2,71.9,0,nasa_power_daily
ap_gnr_tenali,2015-10-20,0.03,33.5,70.9,0,nasa_power_daily
ap_gnr_tenali,2015-10-21,0.0,33.8,67.4,0,nasa_power_daily
ap_gnr_tenali,2015-10-22,0.0,33.8,66.4,0,nasa_power_daily
ap_gnr_tenali,2015-10-23,0.0,33.8,66.3,0,nasa_power_daily
ap_gnr_tenali,2015-10-24,0.06,33.5,68.2,0,nasa_power_daily
ap_gnr_tenali,2015-10-25,0.81,32.9,70.4,0,nasa_power_daily
ap_gnr_tenali,2015-10-26,0.37,33.1,67.7,0,nasa_power_daily
ap_gnr_tenali,2015-10-27,6.94,33.1,66.7,0,nasa_power_daily
ap_gnr_tenali,2015-10-28,19.59,29.9,84.3,0,nasa_power_daily
ap_gnr_tenali,2015-10-29,0.33,31.6,78.8,0,nasa_power_daily
ap_gnr_tenali,2015-10-30,2.24,32.1,78.6,0,nasa_power_daily
ap_gnr_tenali,2015-10-31,1.1,29.4,84.2,0,nasa_power_daily
ap_gnr_tenali,2015-11-01,0.41,30.2,84.9,0,nasa_power_daily
ap_gnr_tenali,2015-11-02,2.29,30.6,80.4,0,nasa_power_daily
ap_gnr_tenali,2015-11-03,1.91,32.2,77.3,0,nasa_power_daily
ap_gnr_tenali,2015-11-04,0.5,32.2,77.5,0,nasa_power_daily
ap_gnr_tenali,2015-11-05,0.05,32.5,74.0,0,nasa_power_daily
ap_gnr_tenali,2015-11-06,0.0,32.9,69.6,0,nasa_power_daily
ap_gnr_tenali,2015-11-07,0.13,32.5,68.2,0,nasa_power_daily
ap_gnr_tenali,2015-11-08,1.53,32.3,73.2,0,nasa_power_daily
ap_gnr_tenali,2015-11-09,7.35,27.5,84.2,0,nasa_power_daily
ap_gnr_tenali,2015-11-10,10.68,26.7,87.5,0,nasa_power_daily
ap_gnr_tenali,2015-11-11,2.02,28.6,83.3,0,nasa_power_daily
ap_gnr_tenali,2015-11-12,0.78,31.8,74.0,0,nasa_power_daily
ap_gnr_tenali,2015-11-13,0.0,31.9,68.9,0,nasa_power_daily
ap_gnr_tenali,2015-11-14,0.0,31.9,69.3,0,nasa_power_daily
ap_gnr_tenali,2015-11-15,0.19,31.2,73.4,0,nasa_power_daily
ap_gnr_tenali,2015-11-16,42.86,26.8,88.2,0,nasa_power_daily
ap_gnr_tenali,2015-11-17,28.8,26.3,92.0,0,nasa_power_daily
ap_gnr_tenali,2015-11-18,7.08,28.9,89.4,0,nasa_power_daily
ap_gnr_tenali,2015-11-19,10.17,29.5,88.0,0,nasa_power_daily
ap_gnr_tenali,2015-11-20,7.3,28.1,89.9,0,nasa_power_daily
ap_gnr_tenali,2015-11-21,1.14,29.3,85.8,0,nasa_power_daily
ap_gnr_tenali,2015-11-22,0.05,29.7,83.5,0,nasa_power_daily
ap_gnr_tenali,2015-11-23,0.01,29.7,82.6,0,nasa_power_daily
ap_gnr_tenali,2015-11-24,0.0,29.6,80.6,0,nasa_power_daily
ap_gnr_tenali,2015-11-25,0.0,29.1,80.5,0,nasa_power_daily
ap_gnr_tenali,2015-11-26,0.0,28.9,75.5,0,nasa_power_daily
ap_gnr_tenali,2015-11-27,0.0,29.3,77.0,0,nasa_power_daily
ap_gnr_tenali,2015-11-28,0.01,28.1,80.5,0,nasa_power_daily
ap_gnr_tenali,2015-11-29,2.27,27.7,86.3,0,nasa_power_daily
ap_gnr_tenali,2015-11-30,3.02,27.6,88.0,0,nasa_power_daily
ap_gnr_tenali,2015-12-01,6.25,27.7,87.2,0,nasa_power_daily
ap_gnr_tenali,2015-12-02,4.5,27.3,84.8,0,nasa_power_daily
ap_gnr_tenali,2015-12-03,0.33,29.6,78.0,0,nasa_power_daily
ap_gnr_tenali,2015-12-04,0.07,30.1,76.8,0,nasa_power_daily
ap_gnr_tenali,2015-12-05,0.0,29.8,78.6,0,nasa_power_daily
ap_gnr_tenali,2015-12-06,0.0,29.5,76.7,0,nasa_power_daily
ap_gnr_tenali,2015-12-07,0.0,29.4,76.0,0,nasa_power_daily
ap_gnr_tenali,2015-12-08,0.0,29.7,75.9,0,nasa_power_daily
ap_gnr_tenali,2015-12-09,0.0,29.9,74.8,0,nasa_power_daily
ap_gnr_tenali,2015-12-10,0.0,29.9,73.8,0,nasa_power_daily
ap_gnr_tenali,2015-12-11,0.0,30.3,77.9,0,nasa_power_daily
ap_gnr_tenali,2015-12-12,0.0,31.1,79.8,0,nasa_power_daily
ap_gnr_tenali,2015-12-13,0.0,30.8,73.8,0,nasa_power_daily
ap_gnr_tenali,2015-12-14,0.0,30.5,66.2,0,nasa_power_daily
ap_gnr_tenali,2015-12-15,0.0,30.4,72.3,0,nasa_power_daily
ap_gnr_tenali,2015-12-16,0.0,30.3,75.2,0,nasa_power_daily
ap_gnr_tenali,2015-12-17,0.0,30.0,75.7,0,nasa_power_daily
ap_gnr_tenali,2015-12-18,0.0,30.6,72.9,0,nasa_power_daily
ap_gnr_tenali,2015-12-19,0.0,30.7,75.2,0,nasa_power_daily
ap_gnr_tenali,2015-12-20,0.0,30.3,73.6,0,nasa_power_daily
ap_gnr_tenali,2015-12-21,0.0,30.4,73.8,0,nasa_power_daily
ap_gnr_tenali,2015-12-22,0.01,30.6,75.0,0,nasa_power_daily
ap_gnr_tenali,2015-12-23,0.01,30.7,73.7,0,nasa_power_daily
ap_gnr_tenali,2015-12-24,0.01,31.4,71.0,0,nasa_power_daily
ap_gnr_tenali,2015-12-25,0.13,31.2,65.2,0,nasa_power_daily
ap_gnr_tenali,2015-12-26,0.2,29.3,75.4,0,nasa_power_daily
ap_gnr_tenali,2015-12-27,0.0,29.5,71.1,0,nasa_power_daily
ap_gnr_tenali,2015-12-28,0.0,30.5,65.4,0,nasa_power_daily
ap_gnr_tenali,2015-12-29,0.0,31.3,67.7,0,nasa_power_daily
ap_gnr_tenali,2015-12-30,0.0,31.3,69.0,0,nasa_power_daily
ap_gnr_tenali,2015-12-31,0.0,31.0,71.0,0,nasa_power_daily
ap_gnr_tenali,2016-01-01,0.0,31.2,68.8,0,nasa_power_daily
ap_gnr_tenali,2016-01-02,0.0,30.7,68.8,0,nasa_power_daily
ap_gnr_tenali,2016-01-03,0.0,31.1,67.0,0,nasa_power_daily
ap_gnr_tenali,2016-01-04,0.0,30.8,65.5,0,nasa_power_daily
ap_gnr_tenali,2016-01-05,0.0,30.9,66.5,0,nasa_power_daily
ap_gnr_tenali,2016-01-06,0.0,30.7,67.2,0,nasa_power_daily
ap_gnr_tenali,2016-01-07,0.0,30.0,63.9,0,nasa_power_daily
ap_gnr_tenali,2016-01-08,0.0,30.0,63.4,0,nasa_power_daily
ap_gnr_tenali,2016-01-09,0.0,31.3,61.3,0,nasa_power_daily
ap_gnr_tenali,2016-01-10,0.0,30.8,59.3,0,nasa_power_daily
ap_gnr_tenali,2016-01-11,0.0,30.5,59.0,0,nasa_power_daily
ap_gnr_tenali,2016-01-12,0.0,30.9,60.8,0,nasa_power_daily
ap_gnr_tenali,2016-01-13,0.0,30.5,62.4,0,nasa_power_daily
ap_gnr_tenali,2016-01-14,0.0,30.7,64.0,0,nasa_power_daily
ap_gnr_tenali,2016-01-15,0.0,30.3,62.5,0,nasa_power_daily
ap_gnr_tenali,2016-01-16,0.0,30.4,57.6,0,nasa_power_daily
ap_gnr_tenali,2016-01-17,0.0,30.4,62.4,0,nasa_power_daily
ap_gnr_tenali,2016-01-18,0.0,30.3,65.1,0,nasa_power_daily
ap_gnr_tenali,2016-01-19,0.11,30.8,65.7,0,nasa_power_daily
ap_gnr_tenali,2016-01-20,0.32,31.0,66.6,0,nasa_power_daily
ap_gnr_tenali,2016-01-21,1.29,30.1,68.1,0,nasa_power_daily
ap_gnr_tenali,2016-01-22,0.41,30.2,68.2,0,nasa_power_daily
ap_gnr_tenali,2016-01-23,0.0,30.9,65.3,0,nasa_power_daily
ap_gnr_tenali,2016-01-24,0.01,31.0,66.2,0,nasa_power_daily
ap_gnr_tenali,2016-01-25,0.01,30.7,66.8,0,nasa_power_daily
ap_gnr_tenali,2016-01-26,0.0,30.8,67.2,0,nasa_power_daily
ap_gnr_tenali,2016-01-27,0.0,31.5,67.8,0,nasa_power_daily
ap_gnr_tenali,2016-01-28,0.0,33.0,64.1,0,nasa_power_daily
ap_gnr_tenali,2016-01-29,0.0,33.1,63.5,0,nasa_power_daily
ap_gnr_tenali,2016-01-30,0.0,33.6,63.5,0,nasa_power_daily
ap_gnr_tenali,2016-01-31,0.0,34.4,62.2,0,nasa_power_daily
ap_gnr_tenali,2016-02-01,0.0,34.8,59.8,0,nasa_power_daily
ap_gnr_tenali,2016-02-02,0.0,34.4,62.7,0,nasa_power_daily
ap_gnr_tenali,2016-02-03,0.0,33.2,64.2,0,nasa_power_daily
ap_gnr_tenali,2016-02-04,0.0,33.4,63.4,0,nasa_power_daily
ap_gnr_tenali,2016-02-05,0.0,32.6,64.5,0,nasa_power_daily
ap_gnr_tenali,2016-02-06,0.0,32.2,65.4,0,nasa_power_daily
ap_gnr_tenali,2016-02-07,0.0,32.5,65.6,0,nasa_power_daily
ap_gnr_tenali,2016-02-08,0.0,32.1,68.2,0,nasa_power_daily
ap_gnr_tenali,2016-02-09,0.0,33.2,65.7,0,nasa_power_daily
ap_gnr_tenali,2016-02-10,0.0,33.5,65.1,0,nasa_power_daily
ap_gnr_tenali,2016-02-11,0.0,33.6,64.9,0,nasa_power_daily
ap_gnr_tenali,2016-02-12,0.0,33.4,62.7,0,nasa_power_daily
ap_gnr_tenali,2016-02-13,0.0,33.3,66.1,0,nasa_power_daily
ap_gnr_tenali,2016-02-14,0.0,33.3,63.7,0,nasa_power_daily
ap_gnr_tenali,2016-02-15,0.0,33.0,65.2,0,nasa_power_daily
ap_gnr_tenali,2016-02-16,0.0,32.8,62.2,0,nasa_power_daily
ap_gnr_tenali,2016-02-17,0.0,32.9,61.9,0,nasa_power_daily
ap_gnr_tenali,2016-02-18,0.0,33.9,63.9,0,nasa_power_daily
ap_gnr_tenali,2016-02-19,0.0,34.5,59.9,0,nasa_power_daily
ap_gnr_tenali,2016-02-20,0.0,35.3,68.3,0,nasa_power_daily
ap_gnr_tenali,2016-02-21,0.0,35.6,67.6,0,nasa_power_daily
ap_gnr_tenali,2016-02-22,0.0,35.7,66.0,0,nasa_power_daily
ap_gnr_tenali,2016-02-23,0.0,34.9,63.3,0,nasa_power_daily
ap_gnr_tenali,2016-02-24,0.0,33.8,61.4,0,nasa_power_daily
ap_gnr_tenali,2016-02-25,0.0,33.5,65.2,0,nasa_power_daily
ap_gnr_tenali,2016-02-26,0.02,33.1,65.6,0,nasa_power_daily
ap_gnr_tenali,2016-02-27,0.01,33.3,64.2,0,nasa_power_daily
ap_gnr_tenali,2016-02-28,0.12,34.0,66.8,0,nasa_power_daily
ap_gnr_tenali,2016-02-29,0.12,34.3,65.8,0,nasa_power_daily
ap_gnr_tenali,2016-03-01,0.04,34.3,64.9,0,nasa_power_daily
ap_gnr_tenali,2016-03-02,0.01,33.2,65.9,0,nasa_power_daily
ap_gnr_tenali,2016-03-03,0.0,33.4,61.8,0,nasa_power_daily
ap_gnr_tenali,2016-03-04,0.0,35.1,58.2,0,nasa_power_daily
ap_gnr_tenali,2016-03-05,0.0,33.9,61.5,0,nasa_power_daily
ap_gnr_tenali,2016-03-06,0.0,35.3,62.4,0,nasa_power_daily
ap_gnr_tenali,2016-03-07,0.0,34.9,62.8,0,nasa_power_daily
ap_gnr_tenali,2016-03-08,0.0,35.7,60.1,0,nasa_power_daily
ap_gnr_tenali,2016-03-09,0.0,33.2,63.5,0,nasa_power_daily
ap_gnr_tenali,2016-03-10,0.0,35.0,63.2,0,nasa_power_daily
ap_gnr_tenali,2016-03-11,0.0,34.8,67.4,0,nasa_power_daily
ap_gnr_tenali,2016-03-12,0.0,34.5,64.0,0,nasa_power_daily
ap_gnr_tenali,2016-03-13,0.0,33.6,66.9,0,nasa_power_daily
ap_gnr_tenali,2016-03-14,0.0,34.6,63.2,0,nasa_power_daily
ap_gnr_tenali,2016-03-15,0.0,34.6,66.3,0,nasa_power_daily
ap_gnr_tenali,2016-03-16,0.0,36.0,64.8,0,nasa_power_daily
ap_gnr_tenali,2016-03-17,0.0,36.4,61.3,0,nasa_power_daily
ap_gnr_tenali,2016-03-18,0.0,36.6,60.1,0,nasa_power_daily
ap_gnr_tenali,2016-03-19,0.0,38.0,55.6,0,nasa_power_daily
ap_gnr_tenali,2016-03-20,0.0,38.5,57.2,0,nasa_power_daily
ap_gnr_tenali,2016-03-21,0.0,40.6,55.5,0,nasa_power_daily
ap_gnr_tenali,2016-03-22,0.0,39.0,59.5,0,nasa_power_daily
ap_gnr_tenali,2016-03-23,0.0,38.1,65.8,0,nasa_power_daily
ap_gnr_tenali,2016-03-24,0.0,37.1,66.1,0,nasa_power_daily
ap_gnr_tenali,2016-03-25,0.0,35.2,67.3,0,nasa_power_daily
ap_gnr_tenali,2016-03-26,0.0,36.5,63.1,0,nasa_power_daily
ap_gnr_tenali,2016-03-27,0.0,35.8,63.0,0,nasa_power_daily
ap_gnr_tenali,2016-03-28,0.0,35.0,65.7,0,nasa_power_daily
ap_gnr_tenali,2016-03-29,0.0,36.0,66.1,0,nasa_power_daily
ap_gnr_tenali,2016-03-30,0.0,36.6,66.1,0,nasa_power_daily
ap_gnr_tenali,2016-03-31,0.0,36.8,62.9,0,nasa_power_daily
ap_gnr_tenali,2016-04-01,0.0,36.8,64.6,0,nasa_power_daily
ap_gnr_tenali,2016-04-02,0.0,37.3,63.8,0,nasa_power_daily
ap_gnr_tenali,2016-04-03,0.0,37.7,63.1,0,nasa_power_daily
ap_gnr_tenali,2016-04-04,0.0,38.2,63.9,0,nasa_power_daily
ap_gnr_tenali,2016-04-05,0.0,38.6,61.0,0,nasa_power_daily
ap_gnr_tenali,2016-04-06,0.0,37.9,61.4,0,nasa_power_daily
ap_gnr_tenali,2016-04-07,0.0,37.9,62.1,0,nasa_power_daily
ap_gnr_tenali,2016-04-08,0.0,37.1,65.3,0,nasa_power_daily
ap_gnr_tenali,2016-04-09,0.0,36.8,63.0,0,nasa_power_daily
ap_gnr_tenali,2016-04-10,0.0,37.3,60.5,0,nasa_power_daily
ap_gnr_tenali,2016-04-11,0.0,38.6,57.5,0,nasa_power_daily
ap_gnr_tenali,2016-04-12,0.0,38.8,61.4,0,nasa_power_daily
ap_gnr_tenali,2016-04-13,0.0,39.9,64.3,0,nasa_power_daily
ap_gnr_tenali,2016-04-14,0.0,39.1,66.7,0,nasa_power_daily
ap_gnr_tenali,2016-04-15,0.0,38.7,65.9,0,nasa_power_daily
ap_gnr_tenali,2016-04-16,0.0,38.3,67.8,0,nasa_power_daily
ap_gnr_tenali,2016-04-17,0.0,38.6,67.7,0,nasa_power_daily
ap_gnr_tenali,2016-04-18,0.0,37.6,66.3,0,nasa_power_daily
ap_gnr_tenali,2016-04-19,0.0,37.4,64.9,0,nasa_power_daily
ap_gnr_tenali,2016-04-20,0.0,38.7,64.7,0,nasa_power_daily
ap_gnr_tenali,2016-04-21,0.0,39.7,64.9,0,nasa_power_daily
ap_gnr_tenali,2016-04-22,0.0,41.5,63.0,0,nasa_power_daily
ap_gnr_tenali,2016-04-23,0.0,44.0,53.2,0,nasa_power_daily
ap_gnr_tenali,2016-04-24,0.0,42.3,59.8,0,nasa_power_daily
ap_gnr_tenali,2016-04-25,0.0,38.9,64.5,0,nasa_power_daily
ap_gnr_tenali,2016-04-26,0.0,37.5,64.3,0,nasa_power_daily
ap_gnr_tenali,2016-04-27,0.0,39.0,60.9,0,nasa_power_daily
ap_gnr_tenali,2016-04-28,0.0,39.9,57.5,0,nasa_power_daily
ap_gnr_tenali,2016-04-29,0.0,40.6,58.8,0,nasa_power_daily
ap_gnr_tenali,2016-04-30,0.0,39.9,60.5,0,nasa_power_daily
ap_gnr_tenali,2016-05-01,0.32,40.2,55.6,0,nasa_power_daily
ap_gnr_tenali,2016-05-02,0.62,41.0,58.8,0,nasa_power_daily
ap_gnr_tenali,2016-05-03,0.96,38.6,61.5,0,nasa_power_daily
ap_gnr_tenali,2016-05-04,2.76,38.4,61.5,0,nasa_power_daily
ap_gnr_tenali,2016-05-05,3.44,37.0,63.0,0,nasa_power_daily
ap_gnr_tenali,2016-05-06,7.2,36.4,61.5,0,nasa_power_daily
ap_gnr_tenali,2016-05-07,3.56,36.8,62.5,0,nasa_power_daily
ap_gnr_tenali,2016-05-08,0.23,37.0,62.0,0,nasa_power_daily
ap_gnr_tenali,2016-05-09,0.65,37.0,63.8,0,nasa_power_daily
ap_gnr_tenali,2016-05-10,1.48,37.8,60.4,0,nasa_power_daily
ap_gnr_tenali,2016-05-11,0.12,37.7,60.6,0,nasa_power_daily
ap_gnr_tenali,2016-05-12,0.31,37.2,64.0,0,nasa_power_daily
ap_gnr_tenali,2016-05-13,0.08,39.3,60.8,0,nasa_power_daily
ap_gnr_tenali,2016-05-14,0.44,36.9,66.8,0,nasa_power_daily
ap_gnr_tenali,2016-05-15,0.6,36.4,67.9,0,nasa_power_daily
ap_gnr_tenali,2016-05-16,0.55,36.2,67.3,0,nasa_power_daily
ap_gnr_tenali,2016-05-17,1.94,34.9,68.4,0,nasa_power_daily
ap_gnr_tenali,2016-05-18,80.15,30.0,83.9,0,nasa_power_daily
ap_gnr_tenali,2016-05-19,45.7,28.8,88.3,0,nasa_power_daily
ap_gnr_tenali,2016-05-20,0.49,38.0,64.5,0,nasa_power_daily
ap_gnr_tenali,2016-05-21,0.08,39.0,59.4,0,nasa_power_daily
ap_gnr_tenali,2016-05-22,0.0,41.4,54.1,0,nasa_power_daily
ap_gnr_tenali,2016-05-23,0.0,41.6,48.3,0,nasa_power_daily
ap_gnr_tenali,2016-05-24,0.0,41.8,48.3,0,nasa_power_daily
ap_gnr_tenali,2016-05-25,0.08,42.0,48.0,0,nasa_power_daily
ap_gnr_tenali,2016-05-26,4.66,41.4,53.9,0,nasa_power_daily
ap_gnr_tenali,2016-05-27,1.51,41.5,56.4,0,nasa_power_daily
ap_gnr_tenali,2016-05-28,6.32,39.6,62.5,0,nasa_power_daily
ap_gnr_tenali,2016-05-29,3.53,37.5,66.6,0,nasa_power_daily
ap_gnr_tenali,2016-05-30,5.66,40.1,61.7,0,nasa_power_daily
ap_gnr_tenali,2016-05-31,12.57,36.5,71.5,0,nasa_power_daily
ap_gnr_tenali,2016-06-01,16.25,36.1,69.7,0,nasa_power_daily
ap_gnr_tenali,2016-06-02,7.8,30.8,81.3,0,nasa_power_daily
ap_gnr_tenali,2016-06-03,10.88,31.7,80.3,0,nasa_power_daily
ap_gnr_tenali,2016-06-04,26.86,29.4,87.1,0,nasa_power_daily
ap_gnr_tenali,2016-06-05,7.95,31.0,82.2,0,nasa_power_daily
ap_gnr_tenali,2016-06-06,10.33,30.4,83.8,0,nasa_power_daily
ap_gnr_tenali,2016-06-07,19.7,29.1,87.7,0,nasa_power_daily
ap_gnr_tenali,2016-06-08,4.08,31.3,80.8,0,nasa_power_daily
ap_gnr_tenali,2016-06-09,0.97,31.7,80.6,0,nasa_power_daily
ap_gnr_tenali,2016-06-10,0.9,32.6,75.0,0,nasa_power_daily
ap_gnr_tenali,2016-06-11,4.2,33.2,76.5,0,nasa_power_daily
ap_gnr_tenali,2016-06-12,0.05,34.8,70.5,0,nasa_power_daily
ap_gnr_tenali,2016-06-13,0.74,33.9,69.3,0,nasa_power_daily
ap_gnr_tenali,2016-06-14,0.07,35.5,67.8,0,nasa_power_daily
ap_gnr_tenali,2016-06-15,0.13,36.1,66.2,0,nasa_power_daily
ap_gnr_tenali,2016-06-16,0.07,37.0,65.2,0,nasa_power_daily
ap_gnr_tenali,2016-06-17,4.32,34.7,69.3,0,nasa_power_daily
ap_gnr_tenali,2016-06-18,15.72,29.2,82.8,0,nasa_power_daily
ap_gnr_tenali,2016-06-19,3.6,32.7,77.8,0,nasa_power_daily
ap_gnr_tenali,2016-06-20,13.19,31.2,80.8,0,nasa_power_daily
ap_gnr_tenali,2016-06-21,3.59,30.4,82.8,0,nasa_power_daily
ap_gnr_tenali,2016-06-22,1.14,33.1,76.8,0,nasa_power_daily
ap_gnr_tenali,2016-06-23,4.13,33.3,74.7,0,nasa_power_daily
ap_gnr_tenali,2016-06-24,6.84,32.9,74.5,0,nasa_power_daily
ap_gnr_tenali,2016-06-25,22.46,30.5,82.4,0,nasa_power_daily
ap_gnr_tenali,2016-06-26,6.38,31.6,78.8,0,nasa_power_daily
ap_gnr_tenali,2016-06-27,8.63,31.3,79.9,0,nasa_power_daily
ap_gnr_tenali,2016-06-28,14.74,30.0,82.5,0,nasa_power_daily
ap_gnr_tenali,2016-06-29,27.4,31.4,82.0,0,nasa_power_daily
ap_gnr_tenali,2016-06-30,6.16,30.7,81.0,0,nasa_power_daily
ap_gnr_tenali,2016-07-01,3.78,30.3,82.1,0,nasa_power_daily
ap_gnr_tenali,2016-07-02,1.33,32.4,79.5,0,nasa_power_daily
ap_gnr_tenali,2016-07-03,1.85,34.3,75.5,0,nasa_power_daily
ap_gnr_tenali,2016-07-04,2.74,33.2,75.2,0,nasa_power_daily
ap_gnr_tenali,2016-07-05,1.63,32.3,78.1,0,nasa_power_daily
ap_gnr_tenali,2016-07-06,0.83,34.5,73.7,0,nasa_power_daily
ap_gnr_tenali,2016-07-07,0.36,33.5,74.4,0,nasa_power_daily
ap_gnr_tenali,2016-07-08,1.27,33.3,74.5,0,nasa_power_daily
ap_gnr_tenali,2016-07-09,1.33,33.1,73.7,0,nasa_power_daily
ap_gnr_tenali,2016-07-10,0.13,34.1,69.9,0,nasa_power_daily
ap_gnr_tenali,2016-07-11,0.56,33.7,71.9,0,nasa_power_daily
ap_gnr_tenali,2016-07-12,0.27,33.2,72.2,0,nasa_power_daily
ap_gnr_tenali,2016-07-13,0.1,35.1,68.8,0,nasa_power_daily
ap_gnr_tenali,2016-07-14,0.19,34.8,67.5,0,nasa_power_daily
ap_gnr_tenali,2016-07-15,3.41,33.9,72.8,0,nasa_power_daily
ap_gnr_tenali,2016-07-16,4.22,31.9,79.1,0,nasa_power_daily
ap_gnr_tenali,2016-07-17,3.43,30.9,80.5,0,nasa_power_daily
ap_gnr_tenali,2016-07-18,13.92,32.7,75.2,0,nasa_power_daily
ap_gnr_tenali,2016-07-19,7.3,31.1,79.5,0,nasa_power_daily
ap_gnr_tenali,2016-07-20,1.97,30.8,80.0,0,nasa_power_daily
ap_gnr_tenali,2016-07-21,1.16,31.9,79.6,0,nasa_power_daily
ap_gnr_tenali,2016-07-22,2.92,30.8,81.2,0,nasa_power_daily
ap_gnr_tenali,2016-07-23,3.41,30.9,78.0,0,nasa_power_daily
ap_gnr_tenali,2016-07-24,2.34,32.3,77.1,0,nasa_power_daily
ap_gnr_tenali,2016-07-25,1.69,33.3,76.0,0,nasa_power_daily
ap_gnr_tenali,2016-07-26,2.47,30.3,82.9,0,nasa_power_daily
ap_gnr_tenali,2016-07-27,3.92,29.6,84.3,0,nasa_power_daily
ap_gnr_tenali,2016-07-28,2.39,31.4,81.3,0,nasa_power_daily
ap_gnr_tenali,2016-07-29,2.76,30.7,82.5,0,nasa_power_daily
ap_gnr_tenali,2016-07-30,12.51,31.1,80.7,0,nasa_power_daily
ap_gnr_tenali,2016-07-31,11.47,30.3,82.2,0,nasa_power_daily
ap_gnr_tenali,2016-08-01,3.07,30.6,80.7,0,nasa_power_daily
ap_gnr_tenali,2016-08-02,4.51,30.2,79.7,0,nasa_power_daily
ap_gnr_tenali,2016-08-03,1.24,32.0,73.2,0,nasa_power_daily
ap_gnr_tenali,2016-08-04,0.81,32.4,77.3,0,nasa_power_daily
ap_gnr_tenali,2016-08-05,0.09,34.2,70.9,0,nasa_power_daily
ap_gnr_tenali,2016-08-06,0.11,33.6,72.3,0,nasa_power_daily
ap_gnr_tenali,2016-08-07,0.05,34.1,71.0,0,nasa_power_daily
ap_gnr_tenali,2016-08-08,0.01,34.5,70.2,0,nasa_power_daily
ap_gnr_tenali,2016-08-09,0.4,33.1,70.5,0,nasa_power_daily
ap_gnr_tenali,2016-08-10,1.59,34.7,69.9,0,nasa_power_daily
ap_gnr_tenali,2016-08-11,0.98,33.0,71.0,0,nasa_power_daily
ap_gnr_tenali,2016-08-12,0.75,33.8,69.7,0,nasa_power_daily
ap_gnr_tenali,2016-08-13,1.63,34.7,69.3,0,nasa_power_daily
ap_gnr_tenali,2016-08-14,0.22,33.6,70.0,0,nasa_power_daily
ap_gnr_tenali,2016-08-15,0.01,34.5,65.3,0,nasa_power_daily
ap_gnr_tenali,2016-08-16,0.01,34.9,63.7,0,nasa_power_daily
ap_gnr_tenali,2016-08-17,0.0,35.4,64.4,0,nasa_power_daily
ap_gnr_tenali,2016-08-18,0.02,36.6,63.3,0,nasa_power_daily
ap_gnr_tenali,2016-08-19,0.08,36.2,61.4,0,nasa_power_daily
ap_gnr_tenali,2016-08-20,0.3,34.1,66.5,0,nasa_power_daily
ap_gnr_tenali,2016-08-21,0.39,36.5,65.5,0,nasa_power_daily
ap_gnr_tenali,2016-08-22,0.63,32.9,71.0,0,nasa_power_daily
ap_gnr_tenali,2016-08-23,2.06,35.2,67.4,0,nasa_power_daily
ap_gnr_tenali,2016-08-24,4.82,33.1,70.6,0,nasa_power_daily
ap_gnr_tenali,2016-08-25,12.33,31.3,81.3,0,nasa_power_daily
ap_gnr_tenali,2016-08-26,23.45,30.4,84.6,0,nasa_power_daily
ap_gnr_tenali,2016-08-27,30.88,32.1,77.6,0,nasa_power_daily
ap_gnr_tenali,2016-08-28,13.88,31.6,80.5,0,nasa_power_daily
ap_gnr_tenali,2016-08-29,10.97,30.7,82.3,0,nasa_power_daily
ap_gnr_tenali,2016-08-30,39.78,30.0,87.0,0,nasa_power_daily
ap_gnr_tenali,2016-08-31,4.23,30.3,86.0,0,nasa_power_daily
ap_gnr_tenali,2016-09-01,7.35,29.0,85.7,0,nasa_power_daily
ap_gnr_tenali,2016-09-02,5.92,29.7,85.5,0,nasa_power_daily
ap_gnr_tenali,2016-09-03,3.46,29.7,83.7,0,nasa_power_daily
ap_gnr_tenali,2016-09-04,1.42,31.9,81.0,0,nasa_power_daily
ap_gnr_tenali,2016-09-05,0.19,32.0,78.7,0,nasa_power_daily
ap_gnr_tenali,2016-09-06,0.02,32.5,76.0,0,nasa_power_daily
ap_gnr_tenali,2016-09-07,0.0,32.1,74.9,0,nasa_power_daily
ap_gnr_tenali,2016-09-08,0.02,32.5,72.0,0,nasa_power_daily
ap_gnr_tenali,2016-09-09,0.8,32.6,75.7,0,nasa_power_daily
ap_gnr_tenali,2016-09-10,4.3,30.5,83.7,0,nasa_power_daily
ap_gnr_tenali,2016-09-11,4.67,30.8,84.8,0,nasa_power_daily
ap_gnr_tenali,2016-09-12,8.25,30.5,83.8,0,nasa_power_daily
ap_gnr_tenali,2016-09-13,40.49,27.5,88.0,0,nasa_power_daily
ap_gnr_tenali,2016-09-14,11.17,30.4,83.9,0,nasa_power_daily
ap_gnr_tenali,2016-09-15,9.44,31.4,83.9,0,nasa_power_daily
ap_gnr_tenali,2016-09-16,1.91,31.0,81.1,0,nasa_power_daily
ap_gnr_tenali,2016-09-17,7.56,32.0,80.5,0,nasa_power_daily
ap_gnr_tenali,2016-09-18,5.8,29.7,82.5,0,nasa_power_daily
ap_gnr_tenali,2016-09-19,0.79,31.4,79.7,0,nasa_power_daily
ap_gnr_tenali,2016-09-20,13.94,29.0,85.8,0,nasa_power_daily
ap_gnr_tenali,2016-09-21,57.27,28.2,92.7,0,nasa_power_daily
ap_gnr_tenali,2016-09-22,10.46,29.3,89.9,0,nasa_power_daily
ap_gnr_tenali,2016-09-23,13.34,29.6,88.4,0,nasa_power_daily
ap_gnr_tenali,2016-09-24,3.12,31.1,83.7,0,nasa_power_daily
ap_gnr_tenali,2016-09-25,2.41,30.7,84.2,0,nasa_power_daily
ap_gnr_tenali,2016-09-26,2.92,30.6,85.7,0,nasa_power_daily
ap_gnr_tenali,2016-09-27,2.6,30.6,85.4,0,nasa_power_daily
ap_gnr_tenali,2016-09-28,3.75,29.7,86.5,0,nasa_power_daily
ap_gnr_tenali,2016-09-29,1.58,30.5,82.8,0,nasa_power_daily
ap_gnr_tenali,2016-09-30,4.43,30.0,85.6,0,nasa_power_daily
ap_gnr_tenali,2016-10-01,5.82,28.0,88.1,0,nasa_power_daily
ap_gnr_tenali,2016-10-02,1.02,30.5,83.0,0,nasa_power_daily
ap_gnr_tenali,2016-10-03,1.42,30.3,84.9,0,nasa_power_daily
ap_gnr_tenali,2016-10-04,0.88,31.2,79.6,0,nasa_power_daily
ap_gnr_tenali,2016-10-05,2.23,29.8,83.4,0,nasa_power_daily
ap_gnr_tenali,2016-10-06,1.05,30.6,84.0,0,nasa_power_daily
ap_gnr_tenali,2016-10-07,1.91,30.2,84.4,0,nasa_power_daily
ap_gnr_tenali,2016-10-08,13.55,29.1,87.2,0,nasa_power_daily
ap_gnr_tenali,2016-10-09,5.81,30.8,85.0,0,nasa_power_daily
ap_gnr_tenali,2016-10-10,1.49,30.8,84.7,0,nasa_power_daily
ap_gnr_tenali,2016-10-11,0.07,32.3,83.5,0,nasa_power_daily
ap_gnr_tenali,2016-10-12,0.1,32.5,81.4,0,nasa_power_daily
ap_gnr_tenali,2016-10-13,0.01,32.1,76.7,0,nasa_power_daily
ap_gnr_tenali,2016-10-14,0.0,30.2,76.4,0,nasa_power_daily
ap_gnr_tenali,2016-10-15,0.0,31.0,70.9,0,nasa_power_daily
ap_gnr_tenali,2016-10-16,0.0,30.5,71.6,0,nasa_power_daily
ap_gnr_tenali,2016-10-17,0.0,30.8,71.8,0,nasa_power_daily
ap_gnr_tenali,2016-10-18,0.0,30.9,73.4,0,nasa_power_daily
ap_gnr_tenali,2016-10-19,0.0,31.1,73.9,0,nasa_power_daily
ap_gnr_tenali,2016-10-20,0.0,30.9,69.7,0,nasa_power_daily
ap_gnr_tenali,2016-10-21,0.0,30.9,68.1,0,nasa_power_daily
ap_gnr_tenali,2016-10-22,0.0,30.7,68.5,0,nasa_power_daily
ap_gnr_tenali,2016-10-23,0.0,31.4,68.8,0,nasa_power_daily
ap_gnr_tenali,2016-10-24,0.0,30.1,67.7,0,nasa_power_daily
ap_gnr_tenali,2016-10-25,0.0,30.8,70.8,0,nasa_power_daily
ap_gnr_tenali,2016-10-26,0.0,31.6,72.0,0,nasa_power_daily
ap_gnr_tenali,2016-10-27,0.01,31.3,70.6,0,nasa_power_daily
ap_gnr_tenali,2016-10-28,1.82,31.1,80.2,0,nasa_power_daily
ap_gnr_tenali,2016-10-29,2.81,31.2,80.9,0,nasa_power_daily
ap_gnr_tenali,2016-10-30,3.15,30.7,81.8,0,nasa_power_daily
ap_gnr_tenali,2016-10-31,1.13,31.0,82.8,0,nasa_power_daily
ap_gnr_tenali,2016-11-01,0.09,31.9,78.1,0,nasa_power_daily
ap_gnr_tenali,2016-11-02,0.09,31.8,77.3,0,nasa_power_daily
ap_gnr_tenali,2016-11-03,0.09,32.5,76.5,0,nasa_power_daily
ap_gnr_tenali,2016-11-04,0.62,32.4,75.3,0,nasa_power_daily
ap_gnr_tenali,2016-11-05,0.0,32.9,73.1,0,nasa_power_daily
ap_gnr_tenali,2016-11-06,0.51,32.7,71.4,0,nasa_power_daily
ap_gnr_tenali,2016-11-07,0.07,32.4,65.7,0,nasa_power_daily
ap_gnr_tenali,2016-11-08,0.0,31.4,61.7,0,nasa_power_daily
ap_gnr_tenali,2016-11-09,0.0,31.1,58.3,0,nasa_power_daily
ap_gnr_tenali,2016-11-10,0.0,30.2,59.2,0,nasa_power_daily
ap_gnr_tenali,2016-11-11,0.0,30.4,65.8,0,nasa_power_daily
ap_gnr_tenali,2016-11-12,0.0,30.9,71.8,0,nasa_power_daily
ap_gnr_tenali,2016-11-13,0.11,31.2,75.4,0,nasa_power_daily
ap_gnr_tenali,2016-11-14,0.11,32.0,77.4,0,nasa_power_daily
ap_gnr_tenali,2016-11-15,0.1,31.9,77.3,0,nasa_power_daily
ap_gnr_tenali,2016-11-16,0.52,30.6,79.8,0,nasa_power_daily
ap_gnr_tenali,2016-11-17,0.12,31.4,75.7,0,nasa_power_daily
ap_gnr_tenali,2016-11-18,0.0,31.6,73.1,0,nasa_power_daily
ap_gnr_tenali,2016-11-19,0.0,30.8,72.5,0,nasa_power_daily
ap_gnr_tenali,2016-11-20,0.0,31.4,69.2,0,nasa_power_daily
ap_gnr_tenali,2016-11-21,0.0,31.6,67.3,0,nasa_power_daily
ap_gnr_tenali,2016-11-22,0.0,31.5,63.3,0,nasa_power_daily
ap_gnr_tenali,2016-11-23,0.0,31.4,64.0,0,nasa_power_daily
ap_gnr_tenali,2016-11-24,0.0,30.9,66.3,0,nasa_power_daily
ap_gnr_tenali,2016-11-25,0.0,31.4,64.9,0,nasa_power_daily
ap_gnr_tenali,2016-11-26,0.0,31.3,58.8,0,nasa_power_daily
ap_gnr_tenali,2016-11-27,0.0,33.3,56.7,0,nasa_power_daily
ap_gnr_tenali,2016-11-28,0.0,33.2,60.9,0,nasa_power_daily
ap_gnr_tenali,2016-11-29,0.0,32.4,67.0,0,nasa_power_daily
ap_gnr_tenali,2016-11-30,0.01,31.9,67.7,0,nasa_power_daily
ap_gnr_tenali,2016-12-01,0.98,30.5,73.1,0,nasa_power_daily
ap_gnr_tenali,2016-12-02,2.17,30.7,81.4,0,nasa_power_daily
ap_gnr_tenali,2016-12-03,0.02,31.9,75.1,0,nasa_power_daily
ap_gnr_tenali,2016-12-04,0.17,31.9,76.4,0,nasa_power_daily
ap_gnr_tenali,2016-12-05,0.03,32.0,69.7,0,nasa_power_daily
ap_gnr_tenali,2016-12-06,0.0,31.3,63.3,0,nasa_power_daily
ap_gnr_tenali,2016-12-07,0.0,31.9,67.7,0,nasa_power_daily
ap_gnr_tenali,2016-12-08,0.0,32.2,57.6,0,nasa_power_daily
ap_gnr_tenali,2016-12-09,0.0,31.4,55.6,0,nasa_power_daily
ap_gnr_tenali,2016-12-10,0.0,31.6,55.5,0,nasa_power_daily
ap_gnr_tenali,2016-12-11,0.04,28.7,66.3,0,nasa_power_daily
ap_gnr_tenali,2016-12-12,5.65,29.9,75.6,0,nasa_power_daily
ap_gnr_tenali,2016-12-13,7.85,30.0,83.1,0,nasa_power_daily
ap_gnr_tenali,2016-12-14,4.32,30.3,82.9,0,nasa_power_daily
ap_gnr_tenali,2016-12-15,0.29,30.8,76.6,0,nasa_power_daily
ap_gnr_tenali,2016-12-16,0.01,30.8,72.8,0,nasa_power_daily
ap_gnr_tenali,2016-12-17,0.0,31.3,67.2,0,nasa_power_daily
ap_gnr_tenali,2016-12-18,0.0,31.1,63.6,0,nasa_power_daily
ap_gnr_tenali,2016-12-19,0.0,31.0,63.1,0,nasa_power_daily
ap_gnr_tenali,2016-12-20,0.0,31.1,58.0,0,nasa_power_daily
ap_gnr_tenali,2016-12-21,0.0,31.8,49.2,0,nasa_power_daily
ap_gnr_tenali,2016-12-22,0.0,32.1,50.0,0,nasa_power_daily
ap_gnr_tenali,2016-12-23,0.0,31.2,54.8,0,nasa_power_daily
ap_gnr_tenali,2016-12-24,0.0,30.7,61.0,0,nasa_power_daily
ap_gnr_tenali,2016-12-25,0.0,30.4,66.5,0,nasa_power_daily
ap_gnr_tenali,2016-12-26,0.0,31.9,60.9,0,nasa_power_daily
ap_gnr_tenali,2016-12-27,0.0,32.1,59.8,0,nasa_power_daily
ap_gnr_tenali,2016-12-28,0.0,30.5,72.8,0,nasa_power_daily
ap_gnr_tenali,2016-12-29,0.0,30.4,72.6,0,nasa_power_daily
ap_gnr_tenali,2016-12-30,0.0,30.2,73.1,0,nasa_power_daily
ap_gnr_tenali,2016-12-31,0.0,30.3,70.0,0,nasa_power_daily
ap_gnr_tenali,2017-01-01,0.0,30.6,65.4,0,nasa_power_daily
ap_gnr_tenali,2017-01-02,0.0,31.0,65.6,0,nasa_power_daily
ap_gnr_tenali,2017-01-03,0.0,31.5,62.1,0,nasa_power_daily
ap_gnr_tenali,2017-01-04,0.0,30.7,64.5,0,nasa_power_daily
ap_gnr_tenali,2017-01-05,0.0,31.7,64.4,0,nasa_power_daily
ap_gnr_tenali,2017-01-06,0.0,31.4,66.7,0,nasa_power_daily
ap_gnr_tenali,2017-01-07,0.0,31.1,62.7,0,nasa_power_daily
ap_gnr_tenali,2017-01-08,0.0,30.6,63.8,0,nasa_power_daily
ap_gnr_tenali,2017-01-09,0.0,30.8,60.8,0,nasa_power_daily
ap_gnr_tenali,2017-01-10,0.0,30.9,62.2,0,nasa_power_daily
ap_gnr_tenali,2017-01-11,0.0,30.5,63.3,0,nasa_power_daily
ap_gnr_tenali,2017-01-12,0.0,29.9,65.9,0,nasa_power_daily
ap_gnr_tenali,2017-01-13,0.0,29.6,67.2,0,nasa_power_daily
ap_gnr_tenali,2017-01-14,0.0,29.9,68.6,0,nasa_power_daily
ap_gnr_tenali,2017-01-15,0.0,30.6,68.5,0,nasa_power_daily
ap_gnr_tenali,2017-01-16,0.0,30.9,63.8,0,nasa_power_daily
ap_gnr_tenali,2017-01-17,0.0,31.2,59.2,0,nasa_power_daily
ap_gnr_tenali,2017-01-18,0.0,30.4,65.5,0,nasa_power_daily
ap_gnr_tenali,2017-01-19,0.0,30.7,67.8,0,nasa_power_daily
ap_gnr_tenali,2017-01-20,0.0,32.0,62.8,0,nasa_power_daily
ap_gnr_tenali,2017-01-21,0.0,32.4,63.3,0,nasa_power_daily
ap_gnr_tenali,2017-01-22,0.0,32.1,68.2,0,nasa_power_daily
ap_gnr_tenali,2017-01-23,0.0,32.9,65.2,0,nasa_power_daily
ap_gnr_tenali,2017-01-24,0.0,32.4,66.1,0,nasa_power_daily
ap_gnr_tenali,2017-01-25,0.0,31.6,67.3,0,nasa_power_daily
ap_gnr_tenali,2017-01-26,0.0,31.2,68.9,0,nasa_power_daily
ap_gnr_tenali,2017-01-27,0.02,31.9,69.7,0,nasa_power_daily
ap_gnr_tenali,2017-01-28,0.01,33.8,66.5,0,nasa_power_daily
ap_gnr_tenali,2017-01-29,0.0,32.8,66.5,0,nasa_power_daily
ap_gnr_tenali,2017-01-30,0.0,32.5,68.5,0,nasa_power_daily
ap_gnr_tenali,2017-01-31,0.0,32.8,66.7,0,nasa_power_daily
ap_gnr_tenali,2017-02-01,0.0,32.0,68.6,0,nasa_power_daily
ap_gnr_tenali,2017-02-02,0.0,31.6,67.8,0,nasa_power_daily
ap_gnr_tenali,2017-02-03,0.0,31.8,65.5,0,nasa_power_daily
ap_gnr_tenali,2017-02-04,0.0,31.9,64.6,0,nasa_power_daily
ap_gnr_tenali,2017-02-05,0.0,31.7,63.3,0,nasa_power_daily
ap_gnr_tenali,2017-02-06,0.0,33.5,59.4,0,nasa_power_daily
ap_gnr_tenali,2017-02-07,0.0,34.0,61.0,0,nasa_power_daily
ap_gnr_tenali,2017-02-08,0.0,34.0,58.8,0,nasa_power_daily
ap_gnr_tenali,2017-02-09,0.0,33.4,60.8,0,nasa_power_daily
ap_gnr_tenali,2017-02-10,0.0,32.5,62.7,0,nasa_power_daily
ap_gnr_tenali,2017-02-11,0.0,31.6,65.8,0,nasa_power_daily
ap_gnr_tenali,2017-02-12,0.0,31.0,68.1,0,nasa_power_daily
ap_gnr_tenali,2017-02-13,0.0,32.0,65.4,0,nasa_power_daily
ap_gnr_tenali,2017-02-14,0.0,33.6,64.8,0,nasa_power_daily
ap_gnr_tenali,2017-02-15,0.0,32.4,64.8,0,nasa_power_daily
ap_gnr_tenali,2017-02-16,0.0,32.8,61.1,0,nasa_power_daily
ap_gnr_tenali,2017-02-17,0.0,32.7,61.2,0,nasa_power_daily
ap_gnr_tenali,2017-02-18,0.0,33.3,61.7,0,nasa_power_daily
ap_gnr_tenali,2017-02-19,0.0,35.4,58.3,0,nasa_power_daily
ap_gnr_tenali,2017-02-20,0.0,36.5,54.8,0,nasa_power_daily
ap_gnr_tenali,2017-02-21,0.0,35.3,65.7,0,nasa_power_daily
ap_gnr_tenali,2017-02-22,0.0,35.5,66.3,0,nasa_power_daily
ap_gnr_tenali,2017-02-23,0.0,36.0,64.8,0,nasa_power_daily
ap_gnr_tenali,2017-02-24,0.0,36.4,64.6,0,nasa_power_daily
ap_gnr_tenali,2017-02-25,0.0,35.3,64.7,0,nasa_power_daily
ap_gnr_tenali,2017-02-26,0.0,35.2,63.9,0,nasa_power_daily
ap_gnr_tenali,2017-02-27,0.0,34.3,64.8,0,nasa_power_daily
ap_gnr_tenali,2017-02-28,0.0,35.7,60.6,0,nasa_power_daily
ap_gnr_tenali,2017-03-01,0.0,34.1,60.7,0,nasa_power_daily
ap_gnr_tenali,2017-03-02,0.0,34.9,57.5,0,nasa_power_daily
ap_gnr_tenali,2017-03-03,0.0,34.7,56.7,0,nasa_power_daily
ap_gnr_tenali,2017-03-04,0.0,34.5,67.8,0,nasa_power_daily
ap_gnr_tenali,2017-03-05,0.0,35.1,69.6,0,nasa_power_daily
ap_gnr_tenali,2017-03-06,0.0,35.6,70.8,0,nasa_power_daily
ap_gnr_tenali,2017-03-07,0.08,34.9,70.3,0,nasa_power_daily
ap_gnr_tenali,2017-03-08,0.27,34.9,69.3,0,nasa_power_daily
ap_gnr_tenali,2017-03-09,0.29,35.0,69.8,0,nasa_power_daily
ap_gnr_tenali,2017-03-10,0.68,35.2,70.5,0,nasa_power_daily
ap_gnr_tenali,2017-03-11,0.52,38.2,61.8,0,nasa_power_daily
ap_gnr_tenali,2017-03-12,0.1,35.8,67.5,0,nasa_power_daily
ap_gnr_tenali,2017-03-13,0.09,35.7,65.2,0,nasa_power_daily
ap_gnr_tenali,2017-03-14,0.18,34.6,66.8,0,nasa_power_daily
ap_gnr_tenali,2017-03-15,0.19,34.5,65.6,0,nasa_power_daily
ap_gnr_tenali,2017-03-16,0.1,35.0,61.6,0,nasa_power_daily
ap_gnr_tenali,2017-03-17,0.02,36.3,56.8,0,nasa_power_daily
ap_gnr_tenali,2017-03-18,0.48,36.8,59.6,0,nasa_power_daily
ap_gnr_tenali,2017-03-19,0.47,36.1,63.2,0,nasa_power_daily
ap_gnr_tenali,2017-03-20,0.61,36.3,62.4,0,nasa_power_daily
ap_gnr_tenali,2017-03-21,0.46,37.2,60.1,0,nasa_power_daily
ap_gnr_tenali,2017-03-22,0.08,36.5,64.3,0,nasa_power_daily
ap_gnr_tenali,2017-03-23,0.0,36.6,61.8,0,nasa_power_daily
ap_gnr_tenali,2017-03-24,0.0,36.9,57.8,0,nasa_power_daily
ap_gnr_tenali,2017-03-25,0.0,36.9,60.2,0,nasa_power_daily
ap_gnr_tenali,2017-03-26,0.0,37.1,63.0,0,nasa_power_daily
ap_gnr_tenali,2017-03-27,0.0,36.7,62.1,0,nasa_power_daily
ap_gnr_tenali,2017-03-28,0.0,37.0,62.5,0,nasa_power_daily
ap_gnr_tenali,2017-03-29,0.0,37.4,60.3,0,nasa_power_daily
ap_gnr_tenali,2017-03-30,0.0,37.5,63.1,0,nasa_power_daily
ap_gnr_tenali,2017-03-31,0.0,37.6,64.6,0,nasa_power_daily
ap_gnr_tenali,2017-04-01,0.0,37.9,62.9,0,nasa_power_daily
ap_gnr_tenali,2017-04-02,0.0,38.2,61.2,0,nasa_power_daily
ap_gnr_tenali,2017-04-03,0.0,37.5,63.6,0,nasa_power_daily
ap_gnr_tenali,2017-04-04,0.0,36.8,65.4,0,nasa_power_daily
ap_gnr_tenali,2017-04-05,0.0,37.4,64.3,0,nasa_power_daily
ap_gnr_tenali,2017-04-06,0.0,37.4,65.5,0,nasa_power_daily
ap_gnr_tenali,2017-04-07,0.0,39.3,61.2,0,nasa_power_daily
ap_gnr_tenali,2017-04-08,0.0,38.3,61.5,0,nasa_power_daily
ap_gnr_tenali,2017-04-09,0.0,38.2,64.1,0,nasa_power_daily
ap_gnr_tenali,2017-04-10,0.0,38.1,64.3,0,nasa_power_daily
ap_gnr_tenali,2017-04-11,0.0,38.8,61.8,0,nasa_power_daily
ap_gnr_tenali,2017-04-12,0.0,38.2,61.5,0,nasa_power_daily
ap_gnr_tenali,2017-04-13,0.0,37.4,63.6,0,nasa_power_daily
ap_gnr_tenali,2017-04-14,0.0,37.1,66.1,0,nasa_power_daily
ap_gnr_tenali,2017-04-15,0.0,38.7,60.1,0,nasa_power_daily
ap_gnr_tenali,2017-04-16,0.0,40.6,60.1,0,nasa_power_daily
ap_gnr_tenali,2017-04-17,0.0,42.1,61.0,0,nasa_power_daily
ap_gnr_tenali,2017-04-18,0.0,38.2,67.4,0,nasa_power_daily
ap_gnr_tenali,2017-04-19,0.0,38.5,65.5,0,nasa_power_daily
ap_gnr_tenali,2017-04-20,0.0,39.7,63.9,0,nasa_power_daily
ap_gnr_tenali,2017-04-21,0.04,40.6,61.9,0,nasa_power_daily
ap_gnr_tenali,2017-04-22,0.06,41.6,59.5,0,nasa_power_daily
ap_gnr_tenali,2017-04-23,0.01,41.2,60.5,0,nasa_power_daily
ap_gnr_tenali,2017-04-24,0.02,38.8,64.2,0,nasa_power_daily
ap_gnr_tenali,2017-04-25,0.02,38.8,62.6,0,nasa_power_daily
ap_gnr_tenali,2017-04-26,0.11,40.5,57.5,0,nasa_power_daily
ap_gnr_tenali,2017-04-27,0.32,39.3,56.2,0,nasa_power_daily
ap_gnr_tenali,2017-04-28,0.92,40.3,50.5,0,nasa_power_daily
ap_gnr_tenali,2017-04-29,0.13,40.6,53.7,0,nasa_power_daily
ap_gnr_tenali,2017-04-30,0.27,39.6,56.9,0,nasa_power_daily
ap_gnr_tenali,2017-05-01,0.56,37.8,58.9,0,nasa_power_daily
ap_gnr_tenali,2017-05-02,1.84,37.2,60.5,0,nasa_power_daily
ap_gnr_tenali,2017-05-03,0.1,37.8,60.2,0,nasa_power_daily
ap_gnr_tenali,2017-05-04,0.05,38.5,60.1,0,nasa_power_daily
ap_gnr_tenali,2017-05-05,0.13,38.6,63.8,0,nasa_power_daily
ap_gnr_tenali,2017-05-06,0.71,38.2,64.1,0,nasa_power_daily
ap_gnr_tenali,2017-05-07,1.21,36.1,67.0,0,nasa_power_daily
ap_gnr_tenali,2017-05-08,2.32,36.6,64.7,0,nasa_power_daily
ap_gnr_tenali,2017-05-09,3.29,37.1,63.2,0,nasa_power_daily
ap_gnr_tenali,2017-05-10,4.41,32.4,74.9,0,nasa_power_daily
ap_gnr_tenali,2017-05-11,0.15,34.9,69.2,0,nasa_power_daily
ap_gnr_tenali,2017-05-12,0.0,35.5,69.0,0,nasa_power_daily
ap_gnr_tenali,2017-05-13,0.0,35.8,68.0,0,nasa_power_daily
ap_gnr_tenali,2017-05-14,0.0,37.5,65.3,0,nasa_power_daily
ap_gnr_tenali,2017-05-15,0.01,41.5,57.0,0,nasa_power_daily
ap_gnr_tenali,2017-05-16,0.01,44.6,50.6,0,nasa_power_daily
ap_gnr_tenali,2017-05-17,0.02,41.4,46.1,0,nasa_power_daily
ap_gnr_tenali,2017-05-18,0.01,45.1,41.7,0,nasa_power_daily
ap_gnr_tenali,2017-05-19,0.06,41.4,53.0,0,nasa_power_daily
ap_gnr_tenali,2017-05-20,0.03,40.6,56.5,0,nasa_power_daily
ap_gnr_tenali,2017-05-21,0.53,39.2,58.9,0,nasa_power_daily
ap_gnr_tenali,2017-05-22,1.69,37.5,58.7,0,nasa_power_daily
ap_gnr_tenali,2017-05-23,0.39,39.2,63.8,0,nasa_power_daily
ap_gnr_tenali,2017-05-24,0.12,39.3,59.8,0,nasa_power_daily
ap_gnr_tenali,2017-05-25,0.19,36.4,66.3,0,nasa_power_daily
ap_gnr_tenali,2017-05-26,2.79,37.2,64.2,0,nasa_power_daily
ap_gnr_tenali,2017-05-27,3.71,35.7,67.0,0,nasa_power_daily
ap_gnr_tenali,2017-05-28,1.45,36.2,66.1,0,nasa_power_daily
ap_gnr_tenali,2017-05-29,0.29,41.5,49.5,0,nasa_power_daily
ap_gnr_tenali,2017-05-30,0.03,41.7,42.0,0,nasa_power_daily
ap_gnr_tenali,2017-05-31,0.09,42.1,46.6,0,nasa_power_daily
ap_gnr_tenali,2017-06-01,0.12,39.7,53.7,0,nasa_power_daily
ap_gnr_tenali,2017-06-02,0.26,37.5,65.4,0,nasa_power_daily
ap_gnr_tenali,2017-06-03,0.19,39.7,59.6,0,nasa_power_daily
ap_gnr_tenali,2017-06-04,0.29,39.5,53.3,0,nasa_power_daily
ap_gnr_tenali,2017-06-05,8.71,39.9,51.5,0,nasa_power_daily
ap_gnr_tenali,2017-06-06,10.28,34.0,72.3,0,nasa_power_daily
ap_gnr_tenali,2017-06-07,32.1,31.0,80.2,0,nasa_power_daily
ap_gnr_tenali,2017-06-08,3.63,33.5,73.2,0,nasa_power_daily
ap_gnr_tenali,2017-06-09,4.82,33.2,72.1,0,nasa_power_daily
ap_gnr_tenali,2017-06-10,0.5,34.3,68.7,0,nasa_power_daily
ap_gnr_tenali,2017-06-11,0.7,34.3,67.7,0,nasa_power_daily
ap_gnr_tenali,2017-06-12,3.19,32.6,72.0,0,nasa_power_daily
ap_gnr_tenali,2017-06-13,0.67,33.8,68.9,0,nasa_power_daily
ap_gnr_tenali,2017-06-14,1.73,34.8,69.5,0,nasa_power_daily
ap_gnr_tenali,2017-06-15,27.75,32.1,79.7,0,nasa_power_daily
ap_gnr_tenali,2017-06-16,4.9,31.5,79.1,0,nasa_power_daily
ap_gnr_tenali,2017-06-17,1.73,33.5,69.9,0,nasa_power_daily
ap_gnr_tenali,2017-06-18,2.93,34.3,72.0,0,nasa_power_daily
ap_gnr_tenali,2017-06-19,7.55,32.5,76.9,0,nasa_power_daily
ap_gnr_tenali,2017-06-20,3.22,32.9,72.6,0,nasa_power_daily
ap_gnr_tenali,2017-06-21,0.21,35.3,67.5,0,nasa_power_daily
ap_gnr_tenali,2017-06-22,0.99,33.5,68.9,0,nasa_power_daily
ap_gnr_tenali,2017-06-23,4.13,33.6,74.3,0,nasa_power_daily
ap_gnr_tenali,2017-06-24,3.19,31.9,76.9,0,nasa_power_daily
ap_gnr_tenali,2017-06-25,14.77,30.3,79.7,0,nasa_power_daily
ap_gnr_tenali,2017-06-26,8.38,34.8,72.5,0,nasa_power_daily
ap_gnr_tenali,2017-06-27,6.42,34.7,69.1,0,nasa_power_daily
ap_gnr_tenali,2017-06-28,1.37,34.1,66.9,0,nasa_power_daily
ap_gnr_tenali,2017-06-29,0.76,34.9,65.8,0,nasa_power_daily
ap_gnr_tenali,2017-06-30,4.07,34.4,69.5,0,nasa_power_daily
ap_gnr_tenali,2017-07-01,3.86,35.0,69.5,0,nasa_power_daily
ap_gnr_tenali,2017-07-02,1.62,34.4,69.2,0,nasa_power_daily
ap_gnr_tenali,2017-07-03,8.19,33.7,71.5,0,nasa_power_daily
ap_gnr_tenali,2017-07-04,1.7,34.6,67.9,0,nasa_power_daily
ap_gnr_tenali,2017-07-05,0.16,35.9,62.5,0,nasa_power_daily
ap_gnr_tenali,2017-07-06,0.94,32.8,70.2,0,nasa_power_daily
ap_gnr_tenali,2017-07-07,7.62,31.4,78.2,0,nasa_power_daily
ap_gnr_tenali,2017-07-08,4.22,34.0,71.5,0,nasa_power_daily
ap_gnr_tenali,2017-07-09,0.54,35.2,68.5,0,nasa_power_daily
ap_gnr_tenali,2017-07-10,3.78,35.1,68.9,0,nasa_power_daily
ap_gnr_tenali,2017-07-11,7.33,32.1,76.2,0,nasa_power_daily
ap_gnr_tenali,2017-07-12,3.66,33.6,71.8,0,nasa_power_daily
ap_gnr_tenali,2017-07-13,8.49,31.9,75.6,0,nasa_power_daily
ap_gnr_tenali,2017-07-14,16.06,31.1,77.8,0,nasa_power_daily
ap_gnr_tenali,2017-07-15,3.63,33.8,72.7,0,nasa_power_daily
ap_gnr_tenali,2017-07-16,9.0,32.0,74.7,0,nasa_power_daily
ap_gnr_tenali,2017-07-17,21.67,32.9,75.6,0,nasa_power_daily
ap_gnr_tenali,2017-07-18,12.36,32.6,77.5,0,nasa_power_daily
ap_gnr_tenali,2017-07-19,9.3,34.4,72.9,0,nasa_power_daily
ap_gnr_tenali,2017-07-20,39.76,32.5,78.8,0,nasa_power_daily
ap_gnr_tenali,2017-07-21,33.36,33.6,78.7,0,nasa_power_daily
ap_gnr_tenali,2017-07-22,0.49,32.4,77.8,0,nasa_power_daily
ap_gnr_tenali,2017-07-23,2.4,34.3,73.9,0,nasa_power_daily
ap_gnr_tenali,2017-07-24,2.1,33.5,73.8,0,nasa_power_daily
ap_gnr_tenali,2017-07-25,0.28,34.2,72.3,0,nasa_power_daily
ap_gnr_tenali,2017-07-26,1.47,34.3,71.7,0,nasa_power_daily
ap_gnr_tenali,2017-07-27,2.91,34.2,70.8,0,nasa_power_daily
ap_gnr_tenali,2017-07-28,3.56,33.0,73.8,0,nasa_power_daily
ap_gnr_tenali,2017-07-29,10.46,32.5,76.9,0,nasa_power_daily
ap_gnr_tenali,2017-07-30,8.46,30.4,84.3,0,nasa_power_daily
ap_gnr_tenali,2017-07-31,2.65,32.1,80.4,0,nasa_power_daily
ap_gnr_tenali,2017-08-01,5.13,32.0,81.9,0,nasa_power_daily
ap_gnr_tenali,2017-08-02,3.86,31.8,82.6,0,nasa_power_daily
ap_gnr_tenali,2017-08-03,0.68,32.3,78.1,0,nasa_power_daily
ap_gnr_tenali,2017-08-04,0.98,32.7,76.2,0,nasa_power_daily
ap_gnr_tenali,2017-08-05,3.59,32.7,79.1,0,nasa_power_daily
ap_gnr_tenali,2017-08-06,2.37,33.0,78.7,0,nasa_power_daily
ap_gnr_tenali,2017-08-07,5.35,31.4,82.3,0,nasa_power_daily
ap_gnr_tenali,2017-08-08,20.27,30.0,85.6,0,nasa_power_daily
ap_gnr_tenali,2017-08-09,10.93,29.3,87.2,0,nasa_power_daily
ap_gnr_tenali,2017-08-10,2.99,30.4,83.5,0,nasa_power_daily
ap_gnr_tenali,2017-08-11,8.09,31.4,81.0,0,nasa_power_daily
ap_gnr_tenali,2017-08-12,14.28,30.4,84.1,0,nasa_power_daily
ap_gnr_tenali,2017-08-13,3.49,29.9,85.8,0,nasa_power_daily
ap_gnr_tenali,2017-08-14,2.07,30.8,81.7,0,nasa_power_daily
ap_gnr_tenali,2017-08-15,1.57,30.5,81.0,0,nasa_power_daily
ap_gnr_tenali,2017-08-16,1.88,31.2,81.5,0,nasa_power_daily
ap_gnr_tenali,2017-08-17,11.53,30.6,85.6,0,nasa_power_daily
ap_gnr_tenali,2017-08-18,9.99,29.8,86.3,0,nasa_power_daily
ap_gnr_tenali,2017-08-19,5.34,29.3,81.0,0,nasa_power_daily
ap_gnr_tenali,2017-08-20,1.07,30.4,80.5,0,nasa_power_daily
ap_gnr_tenali,2017-08-21,0.27,31.9,76.3,0,nasa_power_daily
ap_gnr_tenali,2017-08-22,18.42,32.5,77.0,0,nasa_power_daily
ap_gnr_tenali,2017-08-23,11.2,30.8,82.1,0,nasa_power_daily
ap_gnr_tenali,2017-08-24,13.83,30.4,84.4,0,nasa_power_daily
ap_gnr_tenali,2017-08-25,21.51,29.9,87.0,0,nasa_power_daily
ap_gnr_tenali,2017-08-26,2.22,32.0,82.2,0,nasa_power_daily
ap_gnr_tenali,2017-08-27,3.41,30.4,86.3,0,nasa_power_daily
ap_gnr_tenali,2017-08-28,20.54,30.5,86.7,0,nasa_power_daily
ap_gnr_tenali,2017-08-29,5.13,31.0,83.3,0,nasa_power_daily
ap_gnr_tenali,2017-08-30,0.83,31.6,81.7,0,nasa_power_daily
ap_gnr_tenali,2017-08-31,1.76,31.5,81.8,0,nasa_power_daily
ap_gnr_tenali,2017-09-01,2.64,30.5,83.3,0,nasa_power_daily
ap_gnr_tenali,2017-09-02,12.13,30.9,81.5,0,nasa_power_daily
ap_gnr_tenali,2017-09-03,11.52,30.9,84.5,0,nasa_power_daily
ap_gnr_tenali,2017-09-04,2.16,32.0,80.8,0,nasa_power_daily
ap_gnr_tenali,2017-09-05,10.58,30.9,82.3,0,nasa_power_daily
ap_gnr_tenali,2017-09-06,12.05,30.6,84.3,0,nasa_power_daily
ap_gnr_tenali,2017-09-07,5.39,30.7,86.8,0,nasa_power_daily
ap_gnr_tenali,2017-09-08,1.62,30.6,86.5,0,nasa_power_daily
ap_gnr_tenali,2017-09-09,1.15,30.8,83.9,0,nasa_power_daily
ap_gnr_tenali,2017-09-10,6.71,30.0,87.6,0,nasa_power_daily
ap_gnr_tenali,2017-09-11,7.26,30.3,87.6,0,nasa_power_daily
ap_gnr_tenali,2017-09-12,2.36,30.8,85.9,0,nasa_power_daily
ap_gnr_tenali,2017-09-13,1.06,29.8,86.7,0,nasa_power_daily
ap_gnr_tenali,2017-09-14,2.31,30.0,85.7,0,nasa_power_daily
ap_gnr_tenali,2017-09-15,3.68,30.1,83.1,0,nasa_power_daily
ap_gnr_tenali,2017-09-16,1.68,30.7,84.4,0,nasa_power_daily
ap_gnr_tenali,2017-09-17,2.67,29.4,87.7,0,nasa_power_daily
ap_gnr_tenali,2017-09-18,0.58,28.9,84.3,0,nasa_power_daily
ap_gnr_tenali,2017-09-19,0.76,31.7,80.5,0,nasa_power_daily
ap_gnr_tenali,2017-09-20,0.06,31.1,82.7,0,nasa_power_daily
ap_gnr_tenali,2017-09-21,0.05,31.2,81.0,0,nasa_power_daily
ap_gnr_tenali,2017-09-22,0.02,31.0,82.5,0,nasa_power_daily
ap_gnr_tenali,2017-09-23,1.82,31.0,79.8,0,nasa_power_daily
ap_gnr_tenali,2017-09-24,2.45,30.6,81.5,0,nasa_power_daily
ap_gnr_tenali,2017-09-25,7.77,28.9,88.0,0,nasa_power_daily
ap_gnr_tenali,2017-09-26,5.32,31.1,82.7,0,nasa_power_daily
ap_gnr_tenali,2017-09-27,12.0,28.9,88.9,0,nasa_power_daily
ap_gnr_tenali,2017-09-28,13.56,29.8,85.9,0,nasa_power_daily
ap_gnr_tenali,2017-09-29,6.22,29.1,87.0,0,nasa_power_daily
ap_gnr_tenali,2017-09-30,3.43,30.2,85.7,0,nasa_power_daily
ap_gnr_tenali,2017-10-01,7.81,31.1,81.1,0,nasa_power_daily
ap_gnr_tenali,2017-10-02,12.51,29.7,85.3,0,nasa_power_daily
ap_gnr_tenali,2017-10-03,3.78,30.0,82.6,0,nasa_power_daily
ap_gnr_tenali,2017-10-04,16.43,29.6,86.8,0,nasa_power_daily
ap_gnr_tenali,2017-10-05,11.3,31.1,81.1,0,nasa_power_daily
ap_gnr_tenali,2017-10-06,6.38,30.6,84.1,0,nasa_power_daily
ap_gnr_tenali,2017-10-07,12.49,30.3,86.5,0,nasa_power_daily
ap_gnr_tenali,2017-10-08,2.11,30.5,85.8,0,nasa_power_daily
ap_gnr_tenali,2017-10-09,1.4,30.2,86.7,0,nasa_power_daily
ap_gnr_tenali,2017-10-10,1.1,30.0,84.7,0,nasa_power_daily
ap_gnr_tenali,2017-10-11,2.61,31.6,81.4,0,nasa_power_daily
ap_gnr_tenali,2017-10-12,3.21,30.2,84.3,0,nasa_power_daily
ap_gnr_tenali,2017-10-13,1.36,30.9,80.8,0,nasa_power_daily
ap_gnr_tenali,2017-10-14,1.94,30.4,81.9,0,nasa_power_daily
ap_gnr_tenali,2017-10-15,6.01,31.0,82.8,0,nasa_power_daily
ap_gnr_tenali,2017-10-16,13.09,28.2,90.9,0,nasa_power_daily
ap_gnr_tenali,2017-10-17,0.06,31.6,84.1,0,nasa_power_daily
ap_gnr_tenali,2017-10-18,0.02,31.9,80.1,0,nasa_power_daily
ap_gnr_tenali,2017-10-19,0.02,28.5,80.9,0,nasa_power_daily
ap_gnr_tenali,2017-10-20,0.0,30.8,78.1,0,nasa_power_daily
ap_gnr_tenali,2017-10-21,0.0,31.6,79.5,0,nasa_power_daily
ap_gnr_tenali,2017-10-22,0.0,31.6,79.2,0,nasa_power_daily
ap_gnr_tenali,2017-10-23,0.32,30.4,81.6,0,nasa_power_daily
ap_gnr_tenali,2017-10-24,3.48,30.1,86.4,0,nasa_power_daily
ap_gnr_tenali,2017-10-25,0.2,30.6,82.9,0,nasa_power_daily
ap_gnr_tenali,2017-10-26,0.01,30.6,83.0,0,nasa_power_daily
ap_gnr_tenali,2017-10-27,0.01,30.5,77.8,0,nasa_power_daily
ap_gnr_tenali,2017-10-28,0.11,30.3,77.2,0,nasa_power_daily
ap_gnr_tenali,2017-10-29,0.01,30.3,79.4,0,nasa_power_daily
ap_gnr_tenali,2017-10-30,0.19,29.4,78.9,0,nasa_power_daily
ap_gnr_tenali,2017-10-31,0.04,29.2,79.8,0,nasa_power_daily
ap_gnr_tenali,2017-11-01,0.45,29.2,77.9,0,nasa_power_daily
ap_gnr_tenali,2017-11-02,0.1,29.2,76.7,0,nasa_power_daily
ap_gnr_tenali,2017-11-03,0.01,28.9,75.7,0,nasa_power_daily
ap_gnr_tenali,2017-11-04,2.85,27.9,85.8,0,nasa_power_daily
ap_gnr_tenali,2017-11-05,0.92,28.9,85.3,0,nasa_power_daily
ap_gnr_tenali,2017-11-06,0.63,29.7,84.1,0,nasa_power_daily
ap_gnr_tenali,2017-11-07,0.03,30.0,82.8,0,nasa_power_daily
ap_gnr_tenali,2017-11-08,0.0,29.8,78.9,0,nasa_power_daily
ap_gnr_tenali,2017-11-09,0.0,29.7,76.8,0,nasa_power_daily
ap_gnr_tenali,2017-11-10,0.0,29.6,78.4,0,nasa_power_daily
ap_gnr_tenali,2017-11-11,0.0,28.9,78.0,0,nasa_power_daily
ap_gnr_tenali,2017-11-12,0.05,29.0,80.4,0,nasa_power_daily
ap_gnr_tenali,2017-11-13,0.48,27.2,85.9,0,nasa_power_daily
ap_gnr_tenali,2017-11-14,1.67,28.1,87.9,0,nasa_power_daily
ap_gnr_tenali,2017-11-15,0.17,31.4,80.5,0,nasa_power_daily
ap_gnr_tenali,2017-11-16,0.13,31.6,79.6,0,nasa_power_daily
ap_gnr_tenali,2017-11-17,10.28,30.8,79.9,0,nasa_power_daily
ap_gnr_tenali,2017-11-18,5.49,30.2,83.6,0,nasa_power_daily
ap_gnr_tenali,2017-11-19,2.03,30.4,83.5,0,nasa_power_daily
ap_gnr_tenali,2017-11-20,1.25,30.5,82.9,0,nasa_power_daily
ap_gnr_tenali,2017-11-21,0.85,29.1,82.7,0,nasa_power_daily
ap_gnr_tenali,2017-11-22,0.0,30.8,78.9,0,nasa_power_daily
ap_gnr_tenali,2017-11-23,0.6,30.4,75.9,0,nasa_power_daily
ap_gnr_tenali,2017-11-24,1.24,30.6,78.3,0,nasa_power_daily
ap_gnr_tenali,2017-11-25,0.02,30.0,74.4,0,nasa_power_daily
ap_gnr_tenali,2017-11-26,0.0,29.9,73.1,0,nasa_power_daily
ap_gnr_tenali,2017-11-27,0.0,30.0,75.2,0,nasa_power_daily
ap_gnr_tenali,2017-11-28,0.0,29.8,76.5,0,nasa_power_daily
ap_gnr_tenali,2017-11-29,0.0,29.7,72.7,0,nasa_power_daily
ap_gnr_tenali,2017-11-30,0.02,29.5,75.1,0,nasa_power_daily
ap_gnr_tenali,2017-12-01,0.01,29.3,75.9,0,nasa_power_daily
ap_gnr_tenali,2017-12-02,0.01,28.4,72.9,0,nasa_power_daily
ap_gnr_tenali,2017-12-03,0.0,28.8,72.3,0,nasa_power_daily
ap_gnr_tenali,2017-12-04,0.0,29.0,75.4,0,nasa_power_daily
ap_gnr_tenali,2017-12-05,0.0,28.8,75.0,0,nasa_power_daily
ap_gnr_tenali,2017-12-06,0.0,29.4,71.0,0,nasa_power_daily
ap_gnr_tenali,2017-12-07,0.0,26.6,71.2,0,nasa_power_daily
ap_gnr_tenali,2017-12-08,0.0,30.8,63.7,0,nasa_power_daily
ap_gnr_tenali,2017-12-09,0.0,31.5,64.5,0,nasa_power_daily
ap_gnr_tenali,2017-12-10,0.0,31.3,66.1,0,nasa_power_daily
ap_gnr_tenali,2017-12-11,0.0,30.9,70.1,0,nasa_power_daily
ap_gnr_tenali,2017-12-12,0.0,30.8,77.3,0,nasa_power_daily
ap_gnr_tenali,2017-12-13,0.01,30.6,76.5,0,nasa_power_daily
ap_gnr_tenali,2017-12-14,0.0,30.7,76.7,0,nasa_power_daily
ap_gnr_tenali,2017-12-15,0.0,30.5,74.8,0,nasa_power_daily
ap_gnr_tenali,2017-12-16,0.0,30.6,71.5,0,nasa_power_daily
ap_gnr_tenali,2017-12-17,0.0,30.1,70.7,0,nasa_power_daily
ap_gnr_tenali,2017-12-18,0.0,30.0,71.2,0,nasa_power_daily
ap_gnr_tenali,2017-12-19,0.0,29.3,69.3,0,nasa_power_daily
ap_gnr_tenali,2017-12-20,0.0,29.5,64.6,0,nasa_power_daily
ap_gnr_tenali,2017-12-21,0.0,30.1,71.8,0,nasa_power_daily
ap_gnr_tenali,2017-12-22,0.0,30.4,71.9,0,nasa_power_daily
ap_gnr_tenali,2017-12-23,0.0,30.2,72.0,0,nasa_power_daily
ap_gnr_tenali,2017-12-24,0.0,30.2,71.3,0,nasa_power_daily
ap_gnr_tenali,2017-12-25,0.0,30.3,74.5,0,nasa_power_daily
ap_gnr_tenali,2017-12-26,0.0,30.3,71.0,0,nasa_power_daily
ap_gnr_tenali,2017-12-27,0.0,29.7,65.3,0,nasa_power_daily
ap_gnr_tenali,2017-12-28,0.0,29.5,64.5,0,nasa_power_daily
ap_gnr_tenali,2017-12-29,0.0,29.9,70.1,0,nasa_power_daily
ap_gnr_tenali,2017-12-30,0.0,30.2,68.8,0,nasa_power_daily
ap_gnr_tenali,2017-12-31,0.0,29.8,70.7,0,nasa_power_daily
ap_gnr_tenali,2018-01-01,0.0,30.8,65.7,0,nasa_power_daily
ap_gnr_tenali,2018-01-02,0.0,30.4,70.2,0,nasa_power_daily
ap_gnr_tenali,2018-01-03,0.0,30.5,67.4,0,nasa_power_daily
ap_gnr_tenali,2018-01-04,0.0,30.3,66.1,0,nasa_power_daily
ap_gnr_tenali,2018-01-05,0.0,30.1,62.7,0,nasa_power_daily
ap_gnr_tenali,2018-01-06,0.0,29.5,61.6,0,nasa_power_daily
ap_gnr_tenali,2018-01-07,0.0,29.6,61.6,0,nasa_power_daily
ap_gnr_tenali,2018-01-08,0.0,29.7,64.0,0,nasa_power_daily
ap_gnr_tenali,2018-01-09,0.0,29.6,64.5,0,nasa_power_daily
ap_gnr_tenali,2018-01-10,0.0,31.1,64.9,0,nasa_power_daily
ap_gnr_tenali,2018-01-11,0.0,31.8,68.5,0,nasa_power_daily
ap_gnr_tenali,2018-01-12,0.0,32.6,68.1,0,nasa_power_daily
ap_gnr_tenali,2018-01-13,0.0,33.1,70.5,0,nasa_power_daily
ap_gnr_tenali,2018-01-14,0.0,31.3,71.6,0,nasa_power_daily
ap_gnr_tenali,2018-01-15,0.0,32.4,66.9,0,nasa_power_daily
ap_gnr_tenali,2018-01-16,0.0,32.1,64.2,0,nasa_power_daily
ap_gnr_tenali,2018-01-17,0.0,31.2,63.4,0,nasa_power_daily
ap_gnr_tenali,2018-01-18,0.0,31.6,58.1,0,nasa_power_daily
ap_gnr_tenali,2018-01-19,0.0,30.8,60.6,0,nasa_power_daily
ap_gnr_tenali,2018-01-20,0.0,31.2,59.4,0,nasa_power_daily
ap_gnr_tenali,2018-01-21,0.0,31.0,59.5,0,nasa_power_daily
ap_gnr_tenali,2018-01-22,0.0,30.3,63.2,0,nasa_power_daily
ap_gnr_tenali,2018-01-23,0.0,30.6,61.6,0,nasa_power_daily
ap_gnr_tenali,2018-01-24,0.0,31.7,62.6,0,nasa_power_daily
ap_gnr_tenali,2018-01-25,0.0,32.1,57.1,0,nasa_power_daily
ap_gnr_tenali,2018-01-26,0.0,31.3,60.9,0,nasa_power_daily
ap_gnr_tenali,2018-01-27,0.0,31.7,61.4,0,nasa_power_daily
ap_gnr_tenali,2018-01-28,0.0,30.9,63.7,0,nasa_power_daily
ap_gnr_tenali,2018-01-29,0.0,31.6,65.3,0,nasa_power_daily
ap_gnr_tenali,2018-01-30,0.0,31.6,61.8,0,nasa_power_daily
ap_gnr_tenali,2018-01-31,0.0,32.6,56.8,0,nasa_power_daily
ap_gnr_tenali,2018-02-01,0.0,33.6,51.5,0,nasa_power_daily
ap_gnr_tenali,2018-02-02,0.0,33.4,56.0,0,nasa_power_daily
ap_gnr_tenali,2018-02-03,0.0,31.8,56.0,0,nasa_power_daily
ap_gnr_tenali,2018-02-04,0.0,31.6,58.2,0,nasa_power_daily
ap_gnr_tenali,2018-02-05,0.0,29.7,62.4,0,nasa_power_daily
ap_gnr_tenali,2018-02-06,0.0,32.2,63.6,0,nasa_power_daily
ap_gnr_tenali,2018-02-07,0.0,31.9,55.3,0,nasa_power_daily
ap_gnr_tenali,2018-02-08,0.0,34.3,47.9,0,nasa_power_daily
ap_gnr_tenali,2018-02-09,0.0,33.8,60.8,0,nasa_power_daily
ap_gnr_tenali,2018-02-10,0.0,32.3,64.5,0,nasa_power_daily
ap_gnr_tenali,2018-02-11,0.0,30.5,72.8,0,nasa_power_daily
ap_gnr_tenali,2018-02-12,0.0,32.3,68.2,0,nasa_power_daily
ap_gnr_tenali,2018-02-13,0.0,30.7,69.6,0,nasa_power_daily
ap_gnr_tenali,2018-02-14,0.0,32.0,64.6,0,nasa_power_daily
ap_gnr_tenali,2018-02-15,0.0,33.7,59.2,0,nasa_power_daily
ap_gnr_tenali,2018-02-16,0.0,32.8,61.1,0,nasa_power_daily
ap_gnr_tenali,2018-02-17,0.0,34.4,60.9,0,nasa_power_daily
ap_gnr_tenali,2018-02-18,0.0,33.7,62.3,0,nasa_power_daily
ap_gnr_tenali,2018-02-19,0.0,32.6,65.0,0,nasa_power_daily
ap_gnr_tenali,2018-02-20,0.0,33.3,62.6,0,nasa_power_daily
ap_gnr_tenali,2018-02-21,0.0,33.6,59.8,0,nasa_power_daily
ap_gnr_tenali,2018-02-22,0.0,34.4,60.4,0,nasa_power_daily
ap_gnr_tenali,2018-02-23,0.0,33.7,60.1,0,nasa_power_daily
ap_gnr_tenali,2018-02-24,0.0,33.0,59.4,0,nasa_power_daily
ap_gnr_tenali,2018-02-25,0.0,34.9,57.2,0,nasa_power_daily
ap_gnr_tenali,2018-02-26,0.0,35.8,52.5,0,nasa_power_daily
ap_gnr_tenali,2018-02-27,0.0,35.9,53.7,0,nasa_power_daily
ap_gnr_tenali,2018-02-28,0.0,36.4,52.3,0,nasa_power_daily
ap_gnr_tenali,2018-03-01,0.0,36.4,55.3,0,nasa_power_daily
ap_gnr_tenali,2018-03-02,0.0,37.0,54.9,0,nasa_power_daily
ap_gnr_tenali,2018-03-03,0.0,36.7,52.0,0,nasa_power_daily
ap_gnr_tenali,2018-03-04,0.0,36.1,52.1,0,nasa_power_daily
ap_gnr_tenali,2018-03-05,0.0,35.8,55.9,0,nasa_power_daily
ap_gnr_tenali,2018-03-06,0.0,35.8,61.0,0,nasa_power_daily
ap_gnr_tenali,2018-03-07,0.0,36.0,61.2,0,nasa_power_daily
ap_gnr_tenali,2018-03-08,0.0,35.9,57.0,0,nasa_power_daily
ap_gnr_tenali,2018-03-09,0.0,35.8,63.2,0,nasa_power_daily
ap_gnr_tenali,2018-03-10,0.0,37.0,58.5,0,nasa_power_daily
ap_gnr_tenali,2018-03-11,0.0,35.9,61.2,0,nasa_power_daily
ap_gnr_tenali,2018-03-12,0.01,36.1,63.8,0,nasa_power_daily
ap_gnr_tenali,2018-03-13,0.01,37.0,58.3,0,nasa_power_daily
ap_gnr_tenali,2018-03-14,0.0,36.4,58.9,0,nasa_power_daily
ap_gnr_tenali,2018-03-15,0.01,36.2,64.5,0,nasa_power_daily
ap_gnr_tenali,2018-03-16,0.71,34.9,70.5,0,nasa_power_daily
ap_gnr_tenali,2018-03-17,0.79,34.8,64.8,0,nasa_power_daily
ap_gnr_tenali,2018-03-18,0.0,35.9,57.8,0,nasa_power_daily
ap_gnr_tenali,2018-03-19,0.0,36.6,58.0,0,nasa_power_daily
ap_gnr_tenali,2018-03-20,0.0,37.1,58.4,0,nasa_power_daily
ap_gnr_tenali,2018-03-21,0.0,37.5,57.3,0,nasa_power_daily
ap_gnr_tenali,2018-03-22,0.0,37.4,60.0,0,nasa_power_daily
ap_gnr_tenali,2018-03-23,0.0,38.2,59.9,0,nasa_power_daily
ap_gnr_tenali,2018-03-24,0.0,37.2,65.7,0,nasa_power_daily
ap_gnr_tenali,2018-03-25,0.0,36.2,65.1,0,nasa_power_daily
ap_gnr_tenali,2018-03-26,0.0,36.8,59.0,0,nasa_power_daily
ap_gnr_tenali,2018-03-27,0.0,37.8,59.3,0,nasa_power_daily
ap_gnr_tenali,2018-03-28,0.01,37.6,67.0,0,nasa_power_daily
ap_gnr_tenali,2018-03-29,0.03,36.5,67.8,0,nasa_power_daily
ap_gnr_tenali,2018-03-30,0.02,36.9,66.4,0,nasa_power_daily
ap_gnr_tenali,2018-03-31,0.03,32.1,75.3,0,nasa_power_daily
ap_gnr_tenali,2018-04-01,2.27,36.2,71.1,0,nasa_power_daily
ap_gnr_tenali,2018-04-02,7.11,33.9,73.0,0,nasa_power_daily
ap_gnr_tenali,2018-04-03,0.6,35.0,69.8,0,nasa_power_daily
ap_gnr_tenali,2018-04-04,0.53,35.9,67.6,0,nasa_power_daily
ap_gnr_tenali,2018-04-05,0.25,35.6,66.8,0,nasa_power_daily
ap_gnr_tenali,2018-04-06,0.17,36.2,65.4,0,nasa_power_daily
ap_gnr_tenali,2018-04-07,0.48,37.2,65.1,0,nasa_power_daily
ap_gnr_tenali,2018-04-08,2.33,36.9,63.7,0,nasa_power_daily
ap_gnr_tenali,2018-04-09,6.12,34.0,68.8,0,nasa_power_daily
ap_gnr_tenali,2018-04-10,0.03,35.1,67.9,0,nasa_power_daily
ap_gnr_tenali,2018-04-11,0.06,36.4,64.9,0,nasa_power_daily
ap_gnr_tenali,2018-04-12,0.0,37.6,62.8,0,nasa_power_daily
ap_gnr_tenali,2018-04-13,0.0,37.5,63.1,0,nasa_power_daily
ap_gnr_tenali,2018-04-14,0.0,37.5,64.1,0,nasa_power_daily
ap_gnr_tenali,2018-04-15,0.0,37.4,62.0,0,nasa_power_daily
ap_gnr_tenali,2018-04-16,0.11,38.8,59.3,0,nasa_power_daily
ap_gnr_tenali,2018-04-17,0.07,38.2,60.5,0,nasa_power_daily
ap_gnr_tenali,2018-04-18,0.09,39.6,59.8,0,nasa_power_daily
ap_gnr_tenali,2018-04-19,0.25,39.7,58.9,0,nasa_power_daily
ap_gnr_tenali,2018-04-20,0.37,39.3,62.5,0,nasa_power_daily
ap_gnr_tenali,2018-04-21,1.04,35.2,69.1,0,nasa_power_daily
ap_gnr_tenali,2018-04-22,0.48,38.5,63.0,0,nasa_power_daily
ap_gnr_tenali,2018-04-23,0.57,38.4,64.2,0,nasa_power_daily
ap_gnr_tenali,2018-04-24,1.01,37.4,64.2,0,nasa_power_daily
ap_gnr_tenali,2018-04-25,0.58,38.2,61.2,0,nasa_power_daily
ap_gnr_tenali,2018-04-26,0.07,38.5,61.5,0,nasa_power_daily
ap_gnr_tenali,2018-04-27,0.0,38.6,64.3,0,nasa_power_daily
ap_gnr_tenali,2018-04-28,0.0,37.7,62.4,0,nasa_power_daily
ap_gnr_tenali,2018-04-29,0.0,38.1,64.1,0,nasa_power_daily
ap_gnr_tenali,2018-04-30,0.0,39.5,66.8,0,nasa_power_daily
ap_gnr_tenali,2018-05-01,3.73,37.7,68.5,0,nasa_power_daily
ap_gnr_tenali,2018-05-02,9.14,34.3,75.3,0,nasa_power_daily
ap_gnr_tenali,2018-05-03,9.41,34.5,77.9,0,nasa_power_daily
ap_gnr_tenali,2018-05-04,6.79,35.3,74.0,0,nasa_power_daily
ap_gnr_tenali,2018-05-05,0.02,35.9,71.9,0,nasa_power_daily
ap_gnr_tenali,2018-05-06,0.08,36.9,69.1,0,nasa_power_daily
ap_gnr_tenali,2018-05-07,0.0,35.3,70.0,0,nasa_power_daily
ap_gnr_tenali,2018-05-08,0.0,37.4,67.0,0,nasa_power_daily
ap_gnr_tenali,2018-05-09,0.0,37.0,66.5,0,nasa_power_daily
ap_gnr_tenali,2018-05-10,0.0,37.5,64.8,0,nasa_power_daily
ap_gnr_tenali,2018-05-11,0.34,37.8,64.9,0,nasa_power_daily
ap_gnr_tenali,2018-05-12,0.58,37.2,68.1,0,nasa_power_daily
ap_gnr_tenali,2018-05-13,0.28,36.8,68.0,0,nasa_power_daily
ap_gnr_tenali,2018-05-14,0.38,37.2,66.8,0,nasa_power_daily
ap_gnr_tenali,2018-05-15,0.76,37.0,61.9,0,nasa_power_daily
ap_gnr_tenali,2018-05-16,0.07,37.4,62.1,0,nasa_power_daily
ap_gnr_tenali,2018-05-17,0.0,37.6,64.2,0,nasa_power_daily
ap_gnr_tenali,2018-05-18,0.01,38.9,60.9,0,nasa_power_daily
ap_gnr_tenali,2018-05-19,0.01,37.7,65.1,0,nasa_power_daily
ap_gnr_tenali,2018-05-20,0.02,35.3,70.2,0,nasa_power_daily
ap_gnr_tenali,2018-05-21,0.29,33.1,77.0,0,nasa_power_daily
ap_gnr_tenali,2018-05-22,0.33,36.4,67.4,0,nasa_power_daily
ap_gnr_tenali,2018-05-23,0.33,36.0,68.7,0,nasa_power_daily
ap_gnr_tenali,2018-05-24,0.9,35.6,65.2,0,nasa_power_daily
ap_gnr_tenali,2018-05-25,0.16,37.5,65.7,0,nasa_power_daily
ap_gnr_tenali,2018-05-26,0.07,34.9,70.8,0,nasa_power_daily
ap_gnr_tenali,2018-05-27,0.0,36.8,67.5,0,nasa_power_daily
ap_gnr_tenali,2018-05-28,0.0,35.9,70.5,0,nasa_power_daily
ap_gnr_tenali,2018-05-29,0.0,39.2,63.5,0,nasa_power_daily
ap_gnr_tenali,2018-05-30,0.0,38.6,67.1,0,nasa_power_daily
ap_gnr_tenali,2018-05-31,0.57,37.1,68.2,0,nasa_power_daily
ap_gnr_tenali,2018-06-01,0.77,35.8,70.2,0,nasa_power_daily
ap_gnr_tenali,2018-06-02,4.9,35.3,68.4,0,nasa_power_daily
ap_gnr_tenali,2018-06-03,1.57,34.5,68.8,0,nasa_power_daily
ap_gnr_tenali,2018-06-04,0.24,37.2,64.3,0,nasa_power_daily
ap_gnr_tenali,2018-06-05,3.91,34.6,65.2,0,nasa_power_daily
ap_gnr_tenali,2018-06-06,31.09,32.0,79.5,0,nasa_power_daily
ap_gnr_tenali,2018-06-07,7.51,32.5,79.3,0,nasa_power_daily
ap_gnr_tenali,2018-06-08,2.36,33.5,72.8,0,nasa_power_daily
ap_gnr_tenali,2018-06-09,1.65,34.5,68.3,0,nasa_power_daily
ap_gnr_tenali,2018-06-10,2.93,33.1,65.4,0,nasa_power_daily
ap_gnr_tenali,2018-06-11,7.94,34.7,68.5,0,nasa_power_daily
ap_gnr_tenali,2018-06-12,3.51,35.8,66.4,0,nasa_power_daily
ap_gnr_tenali,2018-06-13,2.47,35.7,66.1,0,nasa_power_daily
ap_gnr_tenali,2018-06-14,0.09,37.8,58.2,0,nasa_power_daily
ap_gnr_tenali,2018-06-15,1.83,38.6,55.3,0,nasa_power_daily
ap_gnr_tenali,2018-06-16,0.21,37.2,53.9,0,nasa_power_daily
ap_gnr_tenali,2018-06-17,0.48,38.4,53.5,0,nasa_power_daily
ap_gnr_tenali,2018-06-18,0.13,37.4,53.9,0,nasa_power_daily
ap_gnr_tenali,2018-06-19,0.09,37.9,55.6,0,nasa_power_daily
ap_gnr_tenali,2018-06-20,1.11,35.6,61.4,0,nasa_power_daily
ap_gnr_tenali,2018-06-21,3.3,35.2,64.6,0,nasa_power_daily
ap_gnr_tenali,2018-06-22,1.91,32.4,71.2,0,nasa_power_daily
ap_gnr_tenali,2018-06-23,1.87,34.3,67.0,0,nasa_power_daily
ap_gnr_tenali,2018-06-24,0.65,35.6,61.5,0,nasa_power_daily
ap_gnr_tenali,2018-06-25,2.48,34.9,59.1,0,nasa_power_daily
ap_gnr_tenali,2018-06-26,7.63,34.0,66.5,0,nasa_power_daily
ap_gnr_tenali,2018-06-27,14.45,34.2,70.0,0,nasa_power_daily
ap_gnr_tenali,2018-06-28,7.72,34.8,67.8,0,nasa_power_daily
ap_gnr_tenali,2018-06-29,2.8,34.6,67.4,0,nasa_power_daily
ap_gnr_tenali,2018-06-30,21.81,31.6,73.1,0,nasa_power_daily
ap_gnr_tenali,2018-07-01,3.18,32.8,70.4,0,nasa_power_daily
ap_gnr_tenali,2018-07-02,4.52,35.6,66.4,0,nasa_power_daily
ap_gnr_tenali,2018-07-03,9.42,33.5,69.0,0,nasa_power_daily
ap_gnr_tenali,2018-07-04,2.34,35.7,63.4,0,nasa_power_daily
ap_gnr_tenali,2018-07-05,1.78,34.8,62.3,0,nasa_power_daily
ap_gnr_tenali,2018-07-06,21.1,32.3,74.2,0,nasa_power_daily
ap_gnr_tenali,2018-07-07,6.29,34.5,65.6,0,nasa_power_daily
ap_gnr_tenali,2018-07-08,19.98,28.8,78.9,0,nasa_power_daily
ap_gnr_tenali,2018-07-09,10.56,33.3,74.0,0,nasa_power_daily
ap_gnr_tenali,2018-07-10,3.93,34.2,69.7,0,nasa_power_daily
ap_gnr_tenali,2018-07-11,17.16,33.9,71.2,0,nasa_power_daily
ap_gnr_tenali,2018-07-12,10.98,32.6,74.7,0,nasa_power_daily
ap_gnr_tenali,2018-07-13,9.65,33.4,74.3,0,nasa_power_daily
ap_gnr_tenali,2018-07-14,13.94,33.3,75.2,0,nasa_power_daily
ap_gnr_tenali,2018-07-15,7.74,31.5,79.0,0,nasa_power_daily
ap_gnr_tenali,2018-07-16,3.24,32.5,74.1,0,nasa_power_daily
ap_gnr_tenali,2018-07-17,1.82,33.4,72.6,0,nasa_power_daily
ap_gnr_tenali,2018-07-18,0.15,34.3,70.6,0,nasa_power_daily
ap_gnr_tenali,2018-07-19,1.53,33.9,70.4,0,nasa_power_daily
ap_gnr_tenali,2018-07-20,1.93,32.2,73.4,0,nasa_power_daily
ap_gnr_tenali,2018-07-21,2.25,31.2,77.7,0,nasa_power_daily
ap_gnr_tenali,2018-07-22,0.19,34.2,70.4,0,nasa_power_daily
ap_gnr_tenali,2018-07-23,0.16,34.9,65.6,0,nasa_power_daily
ap_gnr_tenali,2018-07-24,0.41,35.0,65.8,0,nasa_power_daily
ap_gnr_tenali,2018-07-25,0.39,35.4,66.3,0,nasa_power_daily
ap_gnr_tenali,2018-07-26,1.08,35.7,65.7,0,nasa_power_daily
ap_gnr_tenali,2018-07-27,1.35,35.0,69.5,0,nasa_power_daily
ap_gnr_tenali,2018-07-28,0.95,33.7,67.0,0,nasa_power_daily
ap_gnr_tenali,2018-07-29,1.82,34.6,69.2,0,nasa_power_daily
ap_gnr_tenali,2018-07-30,0.54,34.1,68.2,0,nasa_power_daily
ap_gnr_tenali,2018-07-31,0.84,33.5,66.5,0,nasa_power_daily
ap_gnr_tenali,2018-08-01,9.43,33.6,69.3,0,nasa_power_daily
ap_gnr_tenali,2018-08-02,6.55,32.8,72.9,0,nasa_power_daily
ap_gnr_tenali,2018-08-03,2.29,32.0,74.3,0,nasa_power_daily
ap_gnr_tenali,2018-08-04,2.07,33.9,72.2,0,nasa_power_daily
ap_gnr_tenali,2018-08-05,1.15,32.7,70.7,0,nasa_power_daily
ap_gnr_tenali,2018-08-06,3.67,32.0,72.7,0,nasa_power_daily
ap_gnr_tenali,2018-08-07,5.41,32.5,74.0,0,nasa_power_daily
ap_gnr_tenali,2018-08-08,2.35,34.0,68.9,0,nasa_power_daily
ap_gnr_tenali,2018-08-09,8.72,33.8,71.9,0,nasa_power_daily
ap_gnr_tenali,2018-08-10,10.85,32.4,75.8,0,nasa_power_daily
ap_gnr_tenali,2018-08-11,30.05,31.5,81.2,0,nasa_power_daily
ap_gnr_tenali,2018-08-12,28.55,31.1,79.6,0,nasa_power_daily
ap_gnr_tenali,2018-08-13,12.69,31.6,78.9,0,nasa_power_daily
ap_gnr_tenali,2018-08-14,7.07,30.8,83.1,0,nasa_power_daily
ap_gnr_tenali,2018-08-15,12.67,28.8,86.7,0,nasa_power_daily
ap_gnr_tenali,2018-08-16,4.25,32.0,78.1,0,nasa_power_daily
ap_gnr_tenali,2018-08-17,2.47,33.6,75.4,0,nasa_power_daily
ap_gnr_tenali,2018-08-18,9.72,33.3,76.6,0,nasa_power_daily
ap_gnr_tenali,2018-08-19,27.07,32.0,81.5,0,nasa_power_daily
ap_gnr_tenali,2018-08-20,16.78,29.8,82.9,0,nasa_power_daily
ap_gnr_tenali,2018-08-21,0.66,33.5,76.2,0,nasa_power_daily
ap_gnr_tenali,2018-08-22,0.09,33.3,74.8,0,nasa_power_daily
ap_gnr_tenali,2018-08-23,0.6,32.8,77.9,0,nasa_power_daily
ap_gnr_tenali,2018-08-24,1.06,30.1,81.4,0,nasa_power_daily
ap_gnr_tenali,2018-08-25,1.37,31.3,79.6,0,nasa_power_daily
ap_gnr_tenali,2018-08-26,1.73,31.4,79.0,0,nasa_power_daily
ap_gnr_tenali,2018-08-27,6.86,32.2,79.6,0,nasa_power_daily
ap_gnr_tenali,2018-08-28,2.56,32.7,78.3,0,nasa_power_daily
ap_gnr_tenali,2018-08-29,1.17,32.5,77.5,0,nasa_power_daily
ap_gnr_tenali,2018-08-30,0.12,32.3,77.1,0,nasa_power_daily
ap_gnr_tenali,2018-08-31,2.98,31.1,78.9,0,nasa_power_daily
ap_gnr_tenali,2018-09-01,1.31,31.1,80.3,0,nasa_power_daily
ap_gnr_tenali,2018-09-02,0.39,31.1,79.0,0,nasa_power_daily
ap_gnr_tenali,2018-09-03,0.06,32.1,73.2,0,nasa_power_daily
ap_gnr_tenali,2018-09-04,1.57,31.3,77.0,0,nasa_power_daily
ap_gnr_tenali,2018-09-05,0.7,32.1,76.7,0,nasa_power_daily
ap_gnr_tenali,2018-09-06,0.72,30.4,77.0,0,nasa_power_daily
ap_gnr_tenali,2018-09-07,0.28,32.3,73.8,0,nasa_power_daily
ap_gnr_tenali,2018-09-08,0.34,32.5,73.7,0,nasa_power_daily
ap_gnr_tenali,2018-09-09,0.09,32.9,74.7,0,nasa_power_daily
ap_gnr_tenali,2018-09-10,2.69,30.9,76.1,0,nasa_power_daily
ap_gnr_tenali,2018-09-11,2.77,33.8,74.3,0,nasa_power_daily
ap_gnr_tenali,2018-09-12,5.13,32.5,77.8,0,nasa_power_daily
ap_gnr_tenali,2018-09-13,4.35,31.3,81.9,0,nasa_power_daily
ap_gnr_tenali,2018-09-14,2.71,31.1,81.5,0,nasa_power_daily
ap_gnr_tenali,2018-09-15,0.14,30.6,81.3,0,nasa_power_daily
ap_gnr_tenali,2018-09-16,0.79,30.7,82.6,0,nasa_power_daily
ap_gnr_tenali,2018-09-17,8.62,29.6,85.5,0,nasa_power_daily
ap_gnr_tenali,2018-09-18,18.74,29.4,86.4,0,nasa_power_daily
ap_gnr_tenali,2018-09-19,2.21,30.3,84.2,0,nasa_power_daily
ap_gnr_tenali,2018-09-20,8.11,29.1,87.5,0,nasa_power_daily
ap_gnr_tenali,2018-09-21,3.25,32.4,79.8,0,nasa_power_daily
ap_gnr_tenali,2018-09-22,2.57,31.9,79.5,0,nasa_power_daily
ap_gnr_tenali,2018-09-23,6.39,30.3,84.6,0,nasa_power_daily
ap_gnr_tenali,2018-09-24,0.5,30.9,81.5,0,nasa_power_daily
ap_gnr_tenali,2018-09-25,0.3,31.8,79.1,0,nasa_power_daily
ap_gnr_tenali,2018-09-26,2.77,30.7,80.7,0,nasa_power_daily
ap_gnr_tenali,2018-09-27,1.65,31.5,80.3,0,nasa_power_daily
ap_gnr_tenali,2018-09-28,0.09,31.6,78.8,0,nasa_power_daily
ap_gnr_tenali,2018-09-29,0.15,32.6,75.9,0,nasa_power_daily
ap_gnr_tenali,2018-09-30,0.6,32.8,76.6,0,nasa_power_daily
ap_gnr_tenali,2018-10-01,0.35,32.4,77.6,0,nasa_power_daily
ap_gnr_tenali,2018-10-02,0.05,32.8,76.6,0,nasa_power_daily
ap_gnr_tenali,2018-10-03,0.91,33.4,74.0,0,nasa_power_daily
ap_gnr_tenali,2018-10-04,0.81,32.9,76.0,0,nasa_power_daily
ap_gnr_tenali,2018-10-05,2.88,31.9,77.1,0,nasa_power_daily
ap_gnr_tenali,2018-10-06,0.05,33.1,72.7,0,nasa_power_daily
ap_gnr_tenali,2018-10-07,0.0,33.1,74.8,0,nasa_power_daily
ap_gnr_tenali,2018-10-08,0.01,33.7,71.8,0,nasa_power_daily
ap_gnr_tenali,2018-10-09,0.0,34.4,67.1,0,nasa_power_daily
ap_gnr_tenali,2018-10-10,0.0,32.7,66.6,0,nasa_power_daily
ap_gnr_tenali,2018-10-11,0.0,34.9,62.4,0,nasa_power_daily
ap_gnr_tenali,2018-10-12,0.0,34.6,67.0,0,nasa_power_daily
ap_gnr_tenali,2018-10-13,2.4,32.6,75.0,0,nasa_power_daily
ap_gnr_tenali,2018-10-14,8.18,31.4,80.1,0,nasa_power_daily
ap_gnr_tenali,2018-10-15,5.4,31.5,79.0,0,nasa_power_daily
ap_gnr_tenali,2018-10-16,2.45,30.7,80.8,0,nasa_power_daily
ap_gnr_tenali,2018-10-17,10.51,27.8,87.6,0,nasa_power_daily
ap_gnr_tenali,2018-10-18,8.65,28.3,84.1,0,nasa_power_daily
ap_gnr_tenali,2018-10-19,0.0,32.1,67.2,0,nasa_power_daily
ap_gnr_tenali,2018-10-20,0.0,32.4,69.3,0,nasa_power_daily
ap_gnr_tenali,2018-10-21,0.0,32.9,72.3,0,nasa_power_daily
ap_gnr_tenali,2018-10-22,0.0,33.5,70.5,0,nasa_power_daily
ap_gnr_tenali,2018-10-23,0.0,33.5,71.6,0,nasa_power_daily
ap_gnr_tenali,2018-10-24,0.0,33.4,72.0,0,nasa_power_daily
ap_gnr_tenali,2018-10-25,0.0,33.2,69.6,0,nasa_power_daily
ap_gnr_tenali,2018-10-26,0.0,33.1,67.6,0,nasa_power_daily
ap_gnr_tenali,2018-10-27,0.0,33.3,63.5,0,nasa_power_daily
ap_gnr_tenali,2018-10-28,0.01,33.3,62.1,0,nasa_power_daily
ap_gnr_tenali,2018-10-29,0.14,33.9,67.2,0,nasa_power_daily
ap_gnr_tenali,2018-10-30,0.26,33.4,73.2,0,nasa_power_daily
ap_gnr_tenali,2018-10-31,1.35,32.3,75.0,0,nasa_power_daily
ap_gnr_tenali,2018-11-01,13.69,31.0,79.0,0,nasa_power_daily
ap_gnr_tenali,2018-11-02,1.95,31.6,79.2,0,nasa_power_daily
ap_gnr_tenali,2018-11-03,0.67,32.1,78.4,0,nasa_power_daily
ap_gnr_tenali,2018-11-04,0.29,32.6,77.2,0,nasa_power_daily
ap_gnr_tenali,2018-11-05,0.03,33.0,75.3,0,nasa_power_daily
ap_gnr_tenali,2018-11-06,0.01,32.0,73.5,0,nasa_power_daily
ap_gnr_tenali,2018-11-07,0.0,33.6,70.1,0,nasa_power_daily
ap_gnr_tenali,2018-11-08,0.0,33.1,72.3,0,nasa_power_daily
ap_gnr_tenali,2018-11-09,0.0,32.8,71.4,0,nasa_power_daily
ap_gnr_tenali,2018-11-10,0.0,33.4,68.3,0,nasa_power_daily
ap_gnr_tenali,2018-11-11,0.0,33.0,66.4,0,nasa_power_daily
ap_gnr_tenali,2018-11-12,0.0,32.9,62.0,0,nasa_power_daily
ap_gnr_tenali,2018-11-13,0.0,33.6,61.5,0,nasa_power_daily
ap_gnr_tenali,2018-11-14,0.07,33.9,64.3,0,nasa_power_daily
ap_gnr_tenali,2018-11-15,0.82,32.6,69.0,0,nasa_power_daily
ap_gnr_tenali,2018-11-16,5.76,32.0,79.8,0,nasa_power_daily
ap_gnr_tenali,2018-11-17,4.87,31.2,81.6,0,nasa_power_daily
ap_gnr_tenali,2018-11-18,0.49,32.1,78.7,0,nasa_power_daily
ap_gnr_tenali,2018-11-19,0.01,33.1,72.4,0,nasa_power_daily
ap_gnr_tenali,2018-11-20,0.0,33.0,70.9,0,nasa_power_daily
ap_gnr_tenali,2018-11-21,1.9,32.3,70.8,0,nasa_power_daily
ap_gnr_tenali,2018-11-22,0.92,31.4,70.2,0,nasa_power_daily
ap_gnr_tenali,2018-11-23,0.1,32.4,70.6,0,nasa_power_daily
ap_gnr_tenali,2018-11-24,0.01,32.3,71.2,0,nasa_power_daily
ap_gnr_tenali,2018-11-25,0.0,31.9,67.7,0,nasa_power_daily
ap_gnr_tenali,2018-11-26,0.0,31.8,61.7,0,nasa_power_daily
ap_gnr_tenali,2018-11-27,0.0,31.1,63.0,0,nasa_power_daily
ap_gnr_tenali,2018-11-28,0.0,31.2,68.3,0,nasa_power_daily
ap_gnr_tenali,2018-11-29,0.0,32.1,64.0,0,nasa_power_daily
ap_gnr_tenali,2018-11-30,0.0,32.1,64.8,0,nasa_power_daily
ap_gnr_tenali,2018-12-01,0.0,31.2,66.4,0,nasa_power_daily
ap_gnr_tenali,2018-12-02,0.01,30.9,69.0,0,nasa_power_daily
ap_gnr_tenali,2018-12-03,0.01,31.5,68.4,0,nasa_power_daily
ap_gnr_tenali,2018-12-04,1.01,31.1,75.2,0,nasa_power_daily
ap_gnr_tenali,2018-12-05,0.29,30.8,76.3,0,nasa_power_daily
ap_gnr_tenali,2018-12-06,0.61,31.5,75.2,0,nasa_power_daily
ap_gnr_tenali,2018-12-07,0.06,31.9,74.8,0,nasa_power_daily
ap_gnr_tenali,2018-12-08,0.0,31.9,71.1,0,nasa_power_daily
ap_gnr_tenali,2018-12-09,0.0,31.3,70.0,0,nasa_power_daily
ap_gnr_tenali,2018-12-10,0.0,31.2,68.1,0,nasa_power_daily
ap_gnr_tenali,2018-12-11,0.0,31.7,66.4,0,nasa_power_daily
ap_gnr_tenali,2018-12-12,0.0,32.6,67.6,0,nasa_power_daily
ap_gnr_tenali,2018-12-13,0.01,31.8,70.9,0,nasa_power_daily
ap_gnr_tenali,2018-12-14,0.03,31.7,70.2,0,nasa_power_daily
ap_gnr_tenali,2018-12-15,0.03,31.0,59.4,0,nasa_power_daily
ap_gnr_tenali,2018-12-16,29.79,26.1,71.5,0,nasa_power_daily
ap_gnr_tenali,2018-12-17,35.87,23.7,87.0,0,nasa_power_daily
ap_gnr_tenali,2018-12-18,0.04,27.3,76.2,0,nasa_power_daily
ap_gnr_tenali,2018-12-19,0.53,27.0,80.8,0,nasa_power_daily
ap_gnr_tenali,2018-12-20,0.06,29.1,78.4,0,nasa_power_daily
ap_gnr_tenali,2018-12-21,0.0,29.4,76.7,0,nasa_power_daily
ap_gnr_tenali,2018-12-22,0.0,29.6,76.8,0,nasa_power_daily
ap_gnr_tenali,2018-12-23,0.0,29.4,74.5,0,nasa_power_daily
ap_gnr_tenali,2018-12-24,0.0,29.6,73.2,0,nasa_power_daily
ap_gnr_tenali,2018-12-25,0.0,30.6,71.0,0,nasa_power_daily
ap_gnr_tenali,2018-12-26,0.0,29.9,75.1,0,nasa_power_daily
ap_gnr_tenali,2018-12-27,0.31,29.4,76.2,0,nasa_power_daily
ap_gnr_tenali,2018-12-28,0.14,29.6,57.3,0,nasa_power_daily
ap_gnr_tenali,2018-12-29,2.88,28.6,72.3,0,nasa_power_daily
ap_gnr_tenali,2018-12-30,0.01,28.2,70.3,0,nasa_power_daily
ap_gnr_tenali,2018-12-31,0.0,28.2,62.3,0,nasa_power_daily
ap_gnr_tenali,2019-01-01,0.0,28.2,62.1,0,nasa_power_daily
ap_gnr_tenali,2019-01-02,0.0,29.2,68.8,0,nasa_power_daily
ap_gnr_tenali,2019-01-03,0.0,29.7,68.9,0,nasa_power_daily
ap_gnr_tenali,2019-01-04,0.0,29.4,73.2,0,nasa_power_daily
ap_gnr_tenali,2019-01-05,0.0,28.9,71.4,0,nasa_power_daily
ap_gnr_tenali,2019-01-06,0.0,28.6,72.5,0,nasa_power_daily
ap_gnr_tenali,2019-01-07,0.0,29.9,69.8,0,nasa_power_daily
ap_gnr_tenali,2019-01-08,0.0,29.8,66.7,0,nasa_power_daily
ap_gnr_tenali,2019-01-09,0.0,30.4,62.5,0,nasa_power_daily
ap_gnr_tenali,2019-01-10,0.0,29.5,74.0,0,nasa_power_daily
ap_gnr_tenali,2019-01-11,0.0,29.4,71.2,0,nasa_power_daily
ap_gnr_tenali,2019-01-12,0.0,29.5,71.4,0,nasa_power_daily
ap_gnr_tenali,2019-01-13,0.0,29.3,70.2,0,nasa_power_daily
ap_gnr_tenali,2019-01-14,0.0,29.9,70.5,0,nasa_power_daily
ap_gnr_tenali,2019-01-15,0.0,30.3,69.6,0,nasa_power_daily
ap_gnr_tenali,2019-01-16,0.0,29.9,73.8,0,nasa_power_daily
ap_gnr_tenali,2019-01-17,0.0,29.5,74.5,0,nasa_power_daily
ap_gnr_tenali,2019-01-18,0.0,30.5,70.6,0,nasa_power_daily
ap_gnr_tenali,2019-01-19,0.0,30.3,68.6,0,nasa_power_daily
ap_gnr_tenali,2019-01-20,0.0,30.6,69.1,0,nasa_power_daily
ap_gnr_tenali,2019-01-21,0.0,30.7,67.8,0,nasa_power_daily
ap_gnr_tenali,2019-01-22,0.0,29.8,69.6,0,nasa_power_daily
ap_gnr_tenali,2019-01-23,0.0,30.4,71.4,0,nasa_power_daily
ap_gnr_tenali,2019-01-24,0.0,30.8,72.6,0,nasa_power_daily
ap_gnr_tenali,2019-01-25,0.0,31.0,73.3,0,nasa_power_daily
ap_gnr_tenali,2019-01-26,0.39,30.7,68.6,0,nasa_power_daily
ap_gnr_tenali,2019-01-27,4.94,30.6,69.0,0,nasa_power_daily
ap_gnr_tenali,2019-01-28,3.95,28.6,72.0,0,nasa_power_daily
ap_gnr_tenali,2019-01-29,0.14,30.0,64.4,0,nasa_power_daily
ap_gnr_tenali,2019-01-30,0.04,29.8,61.3,0,nasa_power_daily
ap_gnr_tenali,2019-01-31,0.08,28.8,70.9,0,nasa_power_daily
ap_gnr_tenali,2019-02-01,0.0,30.0,67.4,0,nasa_power_daily
ap_gnr_tenali,2019-02-02,0.0,30.6,69.5,0,nasa_power_daily
ap_gnr_tenali,2019-02-03,0.0,30.9,68.2,0,nasa_power_daily
ap_gnr_tenali,2019-02-04,0.0,31.5,65.2,0,nasa_power_daily
ap_gnr_tenali,2019-02-05,0.0,31.9,67.0,0,nasa_power_daily
ap_gnr_tenali,2019-02-06,0.0,32.0,62.5,0,nasa_power_daily
ap_gnr_tenali,2019-02-07,0.0,31.7,63.1,0,nasa_power_daily
ap_gnr_tenali,2019-02-08,0.0,31.7,69.0,0,nasa_power_daily
ap_gnr_tenali,2019-02-09,0.0,32.9,66.3,0,nasa_power_daily
ap_gnr_tenali,2019-02-10,0.0,33.9,49.7,0,nasa_power_daily
ap_gnr_tenali,2019-02-11,0.0,31.4,70.7,0,nasa_power_daily
ap_gnr_tenali,2019-02-12,0.02,32.4,70.8,0,nasa_power_daily
ap_gnr_tenali,2019-02-13,0.0,32.1,69.1,0,nasa_power_daily
ap_gnr_tenali,2019-02-14,0.0,33.1,67.9,0,nasa_power_daily
ap_gnr_tenali,2019-02-15,0.0,33.2,70.1,0,nasa_power_daily
ap_gnr_tenali,2019-02-16,0.0,33.0,69.5,0,nasa_power_daily
ap_gnr_tenali,2019-02-17,0.0,33.7,68.8,0,nasa_power_daily
ap_gnr_tenali,2019-02-18,0.0,33.7,70.9,0,nasa_power_daily
ap_gnr_tenali,2019-02-19,0.0,34.1,72.2,0,nasa_power_daily
ap_gnr_tenali,2019-02-20,0.0,33.4,71.2,0,nasa_power_daily
ap_gnr_tenali,2019-02-21,0.0,34.0,66.4,0,nasa_power_daily
ap_gnr_tenali,2019-02-22,0.0,36.6,58.1,0,nasa_power_daily
ap_gnr_tenali,2019-02-23,0.0,36.9,51.3,0,nasa_power_daily
ap_gnr_tenali,2019-02-24,0.0,35.6,59.8,0,nasa_power_daily
ap_gnr_tenali,2019-02-25,0.0,35.4,65.3,0,nasa_power_daily
ap_gnr_tenali,2019-02-26,0.05,33.8,70.1,0,nasa_power_daily
ap_gnr_tenali,2019-02-27,1.32,33.4,67.9,0,nasa_power_daily
ap_gnr_tenali,2019-02-28,4.49,32.8,71.4,0,nasa_power_daily
ap_gnr_tenali,2019-03-01,0.78,33.7,70.4,0,nasa_power_daily
ap_gnr_tenali,2019-03-02,0.66,33.4,66.0,0,nasa_power_daily
ap_gnr_tenali,2019-03-03,0.03,34.0,67.0,0,nasa_power_daily
ap_gnr_tenali,2019-03-04,0.0,34.6,66.4,0,nasa_power_daily
ap_gnr_tenali,2019-03-05,0.0,37.4,62.4,0,nasa_power_daily
ap_gnr_tenali,2019-03-06,0.19,38.0,65.7,0,nasa_power_daily
ap_gnr_tenali,2019-03-07,2.01,35.9,73.0,0,nasa_power_daily
ap_gnr_tenali,2019-03-08,2.22,34.3,69.1,0,nasa_power_daily
ap_gnr_tenali,2019-03-09,3.4,34.2,69.0,0,nasa_power_daily
ap_gnr_tenali,2019-03-10,1.07,34.6,69.4,0,nasa_power_daily
ap_gnr_tenali,2019-03-11,0.05,35.1,67.5,0,nasa_power_daily
ap_gnr_tenali,2019-03-12,0.0,36.2,63.9,0,nasa_power_daily
ap_gnr_tenali,2019-03-13,0.0,36.7,59.2,0,nasa_power_daily
ap_gnr_tenali,2019-03-14,0.0,37.5,55.8,0,nasa_power_daily
ap_gnr_tenali,2019-03-15,0.0,37.2,59.3,0,nasa_power_daily
ap_gnr_tenali,2019-03-16,0.0,35.7,61.2,0,nasa_power_daily
ap_gnr_tenali,2019-03-17,0.0,35.2,62.9,0,nasa_power_daily
ap_gnr_tenali,2019-03-18,0.0,34.4,60.3,0,nasa_power_daily
ap_gnr_tenali,2019-03-19,0.0,35.1,64.8,0,nasa_power_daily
ap_gnr_tenali,2019-03-20,0.0,35.4,66.6,0,nasa_power_daily
ap_gnr_tenali,2019-03-21,0.0,35.4,62.2,0,nasa_power_daily
ap_gnr_tenali,2019-03-22,0.0,35.8,62.9,0,nasa_power_daily
ap_gnr_tenali,2019-03-23,0.02,37.2,61.5,0,nasa_power_daily
ap_gnr_tenali,2019-03-24,0.01,37.3,61.5,0,nasa_power_daily
ap_gnr_tenali,2019-03-25,0.0,37.2,60.7,0,nasa_power_daily
ap_gnr_tenali,2019-03-26,0.0,36.8,60.3,0,nasa_power_daily
ap_gnr_tenali,2019-03-27,0.0,37.6,60.5,0,nasa_power_daily
ap_gnr_tenali,2019-03-28,0.0,38.0,58.5,0,nasa_power_daily
ap_gnr_tenali,2019-03-29,0.0,37.9,60.2,0,nasa_power_daily
ap_gnr_tenali,2019-03-30,0.0,37.9,60.4,0,nasa_power_daily
ap_gnr_tenali,2019-03-31,0.0,38.3,59.8,0,nasa_power_daily
ap_gnr_tenali,2019-04-01,0.0,38.2,61.6,0,nasa_power_daily
ap_gnr_tenali,2019-04-02,0.0,37.2,61.7,0,nasa_power_daily
ap_gnr_tenali,2019-04-03,0.0,36.9,62.6,0,nasa_power_daily
ap_gnr_tenali,2019-04-04,0.0,36.7,64.0,0,nasa_power_daily
ap_gnr_tenali,2019-04-05,0.0,38.6,63.1,0,nasa_power_daily
ap_gnr_tenali,2019-04-06,0.33,38.6,58.2,0,nasa_power_daily
ap_gnr_tenali,2019-04-07,0.62,37.6,61.0,0,nasa_power_daily
ap_gnr_tenali,2019-04-08,0.61,36.9,66.1,0,nasa_power_daily
ap_gnr_tenali,2019-04-09,0.77,37.3,65.8,0,nasa_power_daily
ap_gnr_tenali,2019-04-10,0.7,38.1,63.7,0,nasa_power_daily
ap_gnr_tenali,2019-04-11,0.38,37.1,63.5,0,nasa_power_daily
ap_gnr_tenali,2019-04-12,0.12,39.0,60.4,0,nasa_power_daily
ap_gnr_tenali,2019-04-13,0.28,38.9,60.3,0,nasa_power_daily
ap_gnr_tenali,2019-04-14,0.03,40.0,56.3,0,nasa_power_daily
ap_gnr_tenali,2019-04-15,0.02,39.6,55.6,0,nasa_power_daily
ap_gnr_tenali,2019-04-16,0.01,38.7,58.6,0,nasa_power_daily
ap_gnr_tenali,2019-04-17,0.01,38.0,61.8,0,nasa_power_daily
ap_gnr_tenali,2019-04-18,0.12,38.0,62.9,0,nasa_power_daily
ap_gnr_tenali,2019-04-19,0.45,37.7,65.5,0,nasa_power_daily
ap_gnr_tenali,2019-04-20,0.42,37.0,59.7,0,nasa_power_daily
ap_gnr_tenali,2019-04-21,2.65,38.4,62.1,0,nasa_power_daily
ap_gnr_tenali,2019-04-22,2.74,38.0,60.6,0,nasa_power_daily
ap_gnr_tenali,2019-04-23,2.02,38.3,59.8,0,nasa_power_daily
ap_gnr_tenali,2019-04-24,4.56,37.9,60.5,0,nasa_power_daily
ap_gnr_tenali,2019-04-25,0.06,38.1,59.5,0,nasa_power_daily
ap_gnr_tenali,2019-04-26,0.03,39.5,58.9,0,nasa_power_daily
ap_gnr_tenali,2019-04-27,0.0,38.5,62.1,0,nasa_power_daily
ap_gnr_tenali,2019-04-28,0.0,38.7,61.6,0,nasa_power_daily
ap_gnr_tenali,2019-04-29,0.0,36.4,65.7,0,nasa_power_daily
ap_gnr_tenali,2019-04-30,0.0,39.5,58.7,0,nasa_power_daily
ap_gnr_tenali,2019-05-01,0.38,34.5,63.0,0,nasa_power_daily
ap_gnr_tenali,2019-05-02,0.08,38.4,56.9,0,nasa_power_daily
ap_gnr_tenali,2019-05-03,0.02,42.0,45.6,0,nasa_power_daily
ap_gnr_tenali,2019-05-04,0.01,42.2,35.9,0,nasa_power_daily
ap_gnr_tenali,2019-05-05,0.02,43.0,44.6,0,nasa_power_daily
ap_gnr_tenali,2019-05-06,0.03,42.1,53.4,0,nasa_power_daily
ap_gnr_tenali,2019-05-07,0.03,42.1,58.4,0,nasa_power_daily
ap_gnr_tenali,2019-05-08,0.15,42.5,55.8,0,nasa_power_daily
ap_gnr_tenali,2019-05-09,0.44,41.1,58.5,0,nasa_power_daily
ap_gnr_tenali,2019-05-10,0.03,39.1,63.3,0,nasa_power_daily
ap_gnr_tenali,2019-05-11,0.18,38.1,66.8,0,nasa_power_daily
ap_gnr_tenali,2019-05-12,0.5,38.1,65.8,0,nasa_power_daily
ap_gnr_tenali,2019-05-13,0.78,38.1,63.0,0,nasa_power_daily
ap_gnr_tenali,2019-05-14,2.35,39.3,62.6,0,nasa_power_daily
ap_gnr_tenali,2019-05-15,0.49,38.8,60.6,0,nasa_power_daily
ap_gnr_tenali,2019-05-16,0.12,36.7,65.5,0,nasa_power_daily
ap_gnr_tenali,2019-05-17,0.02,37.1,64.8,0,nasa_power_daily
ap_gnr_tenali,2019-05-18,0.01,36.8,67.5,0,nasa_power_daily
ap_gnr_tenali,2019-05-19,0.0,39.9,58.9,0,nasa_power_daily
ap_gnr_tenali,2019-05-20,0.0,38.3,61.3,0,nasa_power_daily
ap_gnr_tenali,2019-05-21,0.01,37.4,65.4,0,nasa_power_daily
ap_gnr_tenali,2019-05-22,0.01,36.4,67.3,0,nasa_power_daily
ap_gnr_tenali,2019-05-23,0.0,36.5,68.6,0,nasa_power_daily
ap_gnr_tenali,2019-05-24,0.0,37.5,69.4,0,nasa_power_daily
ap_gnr_tenali,2019-05-25,0.0,38.4,66.4,0,nasa_power_daily
ap_gnr_tenali,2019-05-26,0.59,40.5,62.5,0,nasa_power_daily
ap_gnr_tenali,2019-05-27,1.15,38.7,64.0,0,nasa_power_daily
ap_gnr_tenali,2019-05-28,0.62,38.3,65.6,0,nasa_power_daily
ap_gnr_tenali,2019-05-29,2.29,37.4,66.5,0,nasa_power_daily
ap_gnr_tenali,2019-05-30,5.35,35.5,72.3,0,nasa_power_daily
ap_gnr_tenali,2019-05-31,0.44,35.4,73.2,0,nasa_power_daily
ap_gnr_tenali,2019-06-01,0.13,35.9,70.5,0,nasa_power_daily
ap_gnr_tenali,2019-06-02,0.42,37.1,67.1,0,nasa_power_daily
ap_gnr_tenali,2019-06-03,0.3,37.1,66.3,0,nasa_power_daily
ap_gnr_tenali,2019-06-04,0.23,37.4,62.4,0,nasa_power_daily
ap_gnr_tenali,2019-06-05,0.98,34.1,72.5,0,nasa_power_daily
ap_gnr_tenali,2019-06-06,7.13,36.5,70.7,0,nasa_power_daily
ap_gnr_tenali,2019-06-07,6.06,33.7,77.0,0,nasa_power_daily
ap_gnr_tenali,2019-06-08,1.81,36.4,69.3,0,nasa_power_daily
ap_gnr_tenali,2019-06-09,2.45,37.8,68.3,0,nasa_power_daily
ap_gnr_tenali,2019-06-10,0.81,36.0,68.6,0,nasa_power_daily
ap_gnr_tenali,2019-06-11,0.0,37.0,61.7,0,nasa_power_daily
ap_gnr_tenali,2019-06-12,0.0,39.9,51.6,0,nasa_power_daily
ap_gnr_tenali,2019-06-13,0.0,37.7,48.7,0,nasa_power_daily
ap_gnr_tenali,2019-06-14,0.0,39.5,42.6,0,nasa_power_daily
ap_gnr_tenali,2019-06-15,0.0,41.1,38.7,0,nasa_power_daily
ap_gnr_tenali,2019-06-16,0.03,40.4,42.7,0,nasa_power_daily
ap_gnr_tenali,2019-06-17,2.25,38.3,51.1,0,nasa_power_daily
ap_gnr_tenali,2019-06-18,0.68,36.6,54.4,0,nasa_power_daily
ap_gnr_tenali,2019-06-19,0.84,38.3,52.1,0,nasa_power_daily
ap_gnr_tenali,2019-06-20,7.0,35.0,62.9,0,nasa_power_daily
ap_gnr_tenali,2019-06-21,5.01,31.1,75.4,0,nasa_power_daily
ap_gnr_tenali,2019-06-22,3.12,33.7,72.3,0,nasa_power_daily
ap_gnr_tenali,2019-06-23,0.99,33.6,68.7,0,nasa_power_daily
ap_gnr_tenali,2019-06-24,8.31,35.1,69.0,0,nasa_power_daily
ap_gnr_tenali,2019-06-25,22.48,33.7,75.0,0,nasa_power_daily
ap_gnr_tenali,2019-06-26,13.35,33.1,73.2,0,nasa_power_daily
ap_gnr_tenali,2019-06-27,0.91,36.2,66.7,0,nasa_power_daily
ap_gnr_tenali,2019-06-28,0.41,33.4,70.3,0,nasa_power_daily
ap_gnr_tenali,2019-06-29,2.15,34.0,65.5,0,nasa_power_daily
ap_gnr_tenali,2019-06-30,5.93,35.3,66.6,0,nasa_power_daily
ap_gnr_tenali,2019-07-01,1.58,36.0,66.3,0,nasa_power_daily
ap_gnr_tenali,2019-07-02,2.5,36.0,60.8,0,nasa_power_daily
ap_gnr_tenali,2019-07-03,1.43,36.8,58.6,0,nasa_power_daily
ap_gnr_tenali,2019-07-04,0.52,37.9,58.9,0,nasa_power_daily
ap_gnr_tenali,2019-07-05,1.32,36.0,63.3,0,nasa_power_daily
ap_gnr_tenali,2019-07-06,0.24,37.7,57.5,0,nasa_power_daily
ap_gnr_tenali,2019-07-07,1.25,36.8,57.0,0,nasa_power_daily
ap_gnr_tenali,2019-07-08,0.34,36.3,61.0,0,nasa_power_daily
ap_gnr_tenali,2019-07-09,0.16,36.5,60.8,0,nasa_power_daily
ap_gnr_tenali,2019-07-10,5.71,35.0,66.5,0,nasa_power_daily
ap_gnr_tenali,2019-07-11,3.4,35.4,65.0,0,nasa_power_daily
ap_gnr_tenali,2019-07-12,0.85,35.7,64.1,0,nasa_power_daily
ap_gnr_tenali,2019-07-13,5.77,35.4,66.2,0,nasa_power_daily
ap_gnr_tenali,2019-07-14,22.95,32.3,79.0,0,nasa_power_daily
ap_gnr_tenali,2019-07-15,6.4,33.2,76.4,0,nasa_power_daily
ap_gnr_tenali,2019-07-16,4.82,34.1,71.7,0,nasa_power_daily
ap_gnr_tenali,2019-07-17,0.87,35.2,67.7,0,nasa_power_daily
ap_gnr_tenali,2019-07-18,6.28,31.9,78.1,0,nasa_power_daily
ap_gnr_tenali,2019-07-19,34.56,29.8,83.5,0,nasa_power_daily
ap_gnr_tenali,2019-07-20,6.13,33.1,77.0,0,nasa_power_daily
ap_gnr_tenali,2019-07-21,14.44,32.0,81.6,0,nasa_power_daily
ap_gnr_tenali,2019-07-22,12.98,31.1,83.0,0,nasa_power_daily
ap_gnr_tenali,2019-07-23,23.55,30.6,83.2,0,nasa_power_daily
ap_gnr_tenali,2019-07-24,6.66,33.0,79.2,0,nasa_power_daily
ap_gnr_tenali,2019-07-25,11.57,31.7,80.3,0,nasa_power_daily
ap_gnr_tenali,2019-07-26,26.36,29.4,85.8,0,nasa_power_daily
ap_gnr_tenali,2019-07-27,3.75,32.3,79.2,0,nasa_power_daily
ap_gnr_tenali,2019-07-28,16.09,29.9,83.9,0,nasa_power_daily
ap_gnr_tenali,2019-07-29,1.58,32.0,80.6,0,nasa_power_daily
ap_gnr_tenali,2019-07-30,0.99,32.6,76.2,0,nasa_power_daily
ap_gnr_tenali,2019-07-31,6.96,33.6,75.0,0,nasa_power_daily
ap_gnr_tenali,2019-08-01,21.7,32.0,80.6,0,nasa_power_daily
ap_gnr_tenali,2019-08-02,8.94,30.6,81.4,0,nasa_power_daily
ap_gnr_tenali,2019-08-03,0.25,31.8,77.0,0,nasa_power_daily
ap_gnr_tenali,2019-08-04,1.15,29.8,75.9,0,nasa_power_daily
ap_gnr_tenali,2019-08-05,7.98,32.1,74.6,0,nasa_power_daily
ap_gnr_tenali,2019-08-06,6.02,30.7,81.5,0,nasa_power_daily
ap_gnr_tenali,2019-08-07,4.53,30.6,81.0,0,nasa_power_daily
ap_gnr_tenali,2019-08-08,1.26,32.9,76.3,0,nasa_power_daily
ap_gnr_tenali,2019-08-09,0.87,33.9,76.2,0,nasa_power_daily
ap_gnr_tenali,2019-08-10,0.17,33.4,74.4,0,nasa_power_daily
ap_gnr_tenali,2019-08-11,0.32,33.0,74.7,0,nasa_power_daily
ap_gnr_tenali,2019-08-12,2.75,31.7,79.1,0,nasa_power_daily
ap_gnr_tenali,2019-08-13,2.18,30.6,82.6,0,nasa_power_daily
ap_gnr_tenali,2019-08-14,6.03,32.4,79.6,0,nasa_power_daily
ap_gnr_tenali,2019-08-15,1.99,32.2,79.1,0,nasa_power_daily
ap_gnr_tenali,2019-08-16,4.31,32.5,80.0,0,nasa_power_daily
ap_gnr_tenali,2019-08-17,18.67,30.9,86.1,0,nasa_power_daily
ap_gnr_tenali,2019-08-18,9.18,29.8,86.2,0,nasa_power_daily
ap_gnr_tenali,2019-08-19,7.47,32.6,80.6,0,nasa_power_daily
ap_gnr_tenali,2019-08-20,5.8,31.2,86.2,0,nasa_power_daily
ap_gnr_tenali,2019-08-21,14.12,29.3,89.2,0,nasa_power_daily
ap_gnr_tenali,2019-08-22,12.58,31.7,82.8,0,nasa_power_daily
ap_gnr_tenali,2019-08-23,8.25,30.7,85.4,0,nasa_power_daily
ap_gnr_tenali,2019-08-24,1.68,30.8,84.0,0,nasa_power_daily
ap_gnr_tenali,2019-08-25,1.8,30.6,82.7,0,nasa_power_daily
ap_gnr_tenali,2019-08-26,0.15,32.4,77.1,0,nasa_power_daily
ap_gnr_tenali,2019-08-27,0.06,33.1,75.4,0,nasa_power_daily
ap_gnr_tenali,2019-08-28,0.49,32.2,77.9,0,nasa_power_daily
ap_gnr_tenali,2019-08-29,2.02,31.7,80.2,0,nasa_power_daily
ap_gnr_tenali,2019-08-30,9.72,32.1,83.2,0,nasa_power_daily
ap_gnr_tenali,2019-08-31,7.88,28.4,88.9,0,nasa_power_daily
ap_gnr_tenali,2019-09-01,12.01,29.4,85.8,0,nasa_power_daily
ap_gnr_tenali,2019-09-02,7.4,29.3,84.2,0,nasa_power_daily
ap_gnr_tenali,2019-09-03,3.91,30.7,83.3,0,nasa_power_daily
ap_gnr_tenali,2019-09-04,1.2,31.3,81.7,0,nasa_power_daily
ap_gnr_tenali,2019-09-05,0.92,31.9,80.6,0,nasa_power_daily
ap_gnr_tenali,2019-09-06,0.77,31.3,82.6,0,nasa_power_daily
ap_gnr_tenali,2019-09-07,0.2,32.7,78.5,0,nasa_power_daily
ap_gnr_tenali,2019-09-08,1.08,33.1,78.6,0,nasa_power_daily
ap_gnr_tenali,2019-09-09,0.39,33.9,76.4,0,nasa_power_daily
ap_gnr_tenali,2019-09-10,0.62,32.0,81.0,0,nasa_power_daily
ap_gnr_tenali,2019-09-11,1.55,32.9,79.4,0,nasa_power_daily
ap_gnr_tenali,2019-09-12,4.44,30.2,84.5,0,nasa_power_daily
ap_gnr_tenali,2019-09-13,19.41,30.4,84.1,0,nasa_power_daily
ap_gnr_tenali,2019-09-14,9.5,31.8,83.6,0,nasa_power_daily
ap_gnr_tenali,2019-09-15,10.4,31.7,82.4,0,nasa_power_daily
ap_gnr_tenali,2019-09-16,15.61,31.4,85.1,0,nasa_power_daily
ap_gnr_tenali,2019-09-17,28.91,30.1,89.2,0,nasa_power_daily
ap_gnr_tenali,2019-09-18,15.35,30.2,85.3,0,nasa_power_daily
ap_gnr_tenali,2019-09-19,8.66,30.5,87.3,0,nasa_power_daily
ap_gnr_tenali,2019-09-20,4.52,29.9,86.7,0,nasa_power_daily
ap_gnr_tenali,2019-09-21,0.59,30.7,84.8,0,nasa_power_daily
ap_gnr_tenali,2019-09-22,1.45,30.9,84.9,0,nasa_power_daily
ap_gnr_tenali,2019-09-23,7.26,30.8,84.0,0,nasa_power_daily
ap_gnr_tenali,2019-09-24,11.98,30.3,86.1,0,nasa_power_daily
ap_gnr_tenali,2019-09-25,17.72,30.0,87.0,0,nasa_power_daily
ap_gnr_tenali,2019-09-26,7.22,29.0,87.5,0,nasa_power_daily
ap_gnr_tenali,2019-09-27,4.03,29.6,86.7,0,nasa_power_daily
ap_gnr_tenali,2019-09-28,1.46,30.4,84.6,0,nasa_power_daily
ap_gnr_tenali,2019-09-29,2.65,29.3,84.4,0,nasa_power_daily
ap_gnr_tenali,2019-09-30,1.13,30.6,81.9,0,nasa_power_daily
ap_gnr_tenali,2019-10-01,0.43,31.5,79.7,0,nasa_power_daily
ap_gnr_tenali,2019-10-02,1.45,31.1,82.4,0,nasa_power_daily
ap_gnr_tenali,2019-10-03,4.02,30.1,84.5,0,nasa_power_daily
ap_gnr_tenali,2019-10-04,3.47,29.6,85.2,0,nasa_power_daily
ap_gnr_tenali,2019-10-05,5.83,29.6,84.5,0,nasa_power_daily
ap_gnr_tenali,2019-10-06,4.46,29.5,83.5,0,nasa_power_daily
ap_gnr_tenali,2019-10-07,2.72,29.6,82.8,0,nasa_power_daily
ap_gnr_tenali,2019-10-08,4.0,29.5,85.5,0,nasa_power_daily
ap_gnr_tenali,2019-10-09,4.37,29.6,85.1,0,nasa_power_daily
ap_gnr_tenali,2019-10-10,5.08,30.0,85.0,0,nasa_power_daily
ap_gnr_tenali,2019-10-11,10.98,29.1,86.7,0,nasa_power_daily
ap_gnr_tenali,2019-10-12,0.64,30.5,80.9,0,nasa_power_daily
ap_gnr_tenali,2019-10-13,1.08,31.0,81.7,0,nasa_power_daily
ap_gnr_tenali,2019-10-14,11.25,29.5,86.5,0,nasa_power_daily
ap_gnr_tenali,2019-10-15,6.36,29.8,88.1,0,nasa_power_daily
ap_gnr_tenali,2019-10-16,11.37,28.2,90.7,0,nasa_power_daily
ap_gnr_tenali,2019-10-17,16.09,28.4,88.1,0,nasa_power_daily
ap_gnr_tenali,2019-10-18,11.56,28.4,89.5,0,nasa_power_daily
ap_gnr_tenali,2019-10-19,15.97,28.4,90.5,0,nasa_power_daily
ap_gnr_tenali,2019-10-20,17.14,27.8,90.2,0,nasa_power_daily
ap_gnr_tenali,2019-10-21,26.74,27.8,90.5,0,nasa_power_daily
ap_gnr_tenali,2019-10-22,38.0,27.6,92.0,0,nasa_power_daily
ap_gnr_tenali,2019-10-23,14.59,28.7,90.5,0,nasa_power_daily
ap_gnr_tenali,2019-10-24,4.59,29.3,88.7,0,nasa_power_daily
ap_gnr_tenali,2019-10-25,2.76,28.2,87.0,0,nasa_power_daily
ap_gnr_tenali,2019-10-26,0.23,29.5,85.0,0,nasa_power_daily
ap_gnr_tenali,2019-10-27,0.11,29.9,84.0,0,nasa_power_daily
ap_gnr_tenali,2019-10-28,0.32,30.0,85.6,0,nasa_power_daily
ap_gnr_tenali,2019-10-29,10.07,29.5,87.7,0,nasa_power_daily
ap_gnr_tenali,2019-10-30,17.85,29.6,83.4,0,nasa_power_daily
ap_gnr_tenali,2019-10-31,8.34,29.8,84.1,0,nasa_power_daily
ap_gnr_tenali,2019-11-01,1.9,30.4,84.2,0,nasa_power_daily
ap_gnr_tenali,2019-11-02,0.12,30.2,84.1,0,nasa_power_daily
ap_gnr_tenali,2019-11-03,0.02,30.0,82.2,0,nasa_power_daily
ap_gnr_tenali,2019-11-04,0.01,31.1,76.8,0,nasa_power_daily
ap_gnr_tenali,2019-11-05,0.0,30.8,77.9,0,nasa_power_daily
ap_gnr_tenali,2019-11-06,0.04,30.6,75.5,0,nasa_power_daily
ap_gnr_tenali,2019-11-07,0.04,29.8,78.4,0,nasa_power_daily
ap_gnr_tenali,2019-11-08,0.0,29.6,79.2,0,nasa_power_daily
ap_gnr_tenali,2019-11-09,0.0,29.6,79.3,0,nasa_power_daily
ap_gnr_tenali,2019-11-10,0.0,30.3,79.5,0,nasa_power_daily
ap_gnr_tenali,2019-11-11,0.0,30.3,82.0,0,nasa_power_daily
ap_gnr_tenali,2019-11-12,0.1,29.3,82.5,0,nasa_power_daily
ap_gnr_tenali,2019-11-13,0.08,28.9,82.9,0,nasa_power_daily
ap_gnr_tenali,2019-11-14,1.03,29.0,85.7,0,nasa_power_daily
ap_gnr_tenali,2019-11-15,0.38,28.9,85.3,0,nasa_power_daily
ap_gnr_tenali,2019-11-16,0.01,29.0,83.1,0,nasa_power_daily
ap_gnr_tenali,2019-11-17,0.04,29.5,84.7,0,nasa_power_daily
ap_gnr_tenali,2019-11-18,2.79,29.7,87.3,0,nasa_power_daily
ap_gnr_tenali,2019-11-19,0.95,29.2,84.8,0,nasa_power_daily
ap_gnr_tenali,2019-11-20,0.01,28.9,84.1,0,nasa_power_daily
ap_gnr_tenali,2019-11-21,0.01,28.7,81.2,0,nasa_power_daily
ap_gnr_tenali,2019-11-22,0.0,28.2,79.5,0,nasa_power_daily
ap_gnr_tenali,2019-11-23,0.0,28.2,80.4,0,nasa_power_daily
ap_gnr_tenali,2019-11-24,0.0,28.1,78.8,0,nasa_power_daily
ap_gnr_tenali,2019-11-25,0.0,28.5,80.2,0,nasa_power_daily
ap_gnr_tenali,2019-11-26,0.0,28.6,78.9,0,nasa_power_daily
ap_gnr_tenali,2019-11-27,0.06,29.2,81.3,0,nasa_power_daily
ap_gnr_tenali,2019-11-28,0.39,29.1,84.8,0,nasa_power_daily
ap_gnr_tenali,2019-11-29,0.1,28.9,85.1,0,nasa_power_daily
ap_gnr_tenali,2019-11-30,1.51,29.5,84.1,0,nasa_power_daily
ap_gnr_tenali,2019-12-01,2.44,27.6,86.6,0,nasa_power_daily
ap_gnr_tenali,2019-12-02,1.44,28.8,83.4,0,nasa_power_daily
ap_gnr_tenali,2019-12-03,2.09,28.3,81.8,0,nasa_power_daily
ap_gnr_tenali,2019-12-04,0.2,28.2,80.8,0,nasa_power_daily
ap_gnr_tenali,2019-12-05,0.15,27.6,77.0,0,nasa_power_daily
ap_gnr_tenali,2019-12-06,0.09,27.2,76.5,0,nasa_power_daily
ap_gnr_tenali,2019-12-07,0.35,28.6,83.2,0,nasa_power_daily
ap_gnr_tenali,2019-12-08,0.04,28.6,82.0,0,nasa_power_daily
ap_gnr_tenali,2019-12-09,0.01,28.3,82.3,0,nasa_power_daily
ap_gnr_tenali,2019-12-10,0.0,28.8,77.6,0,nasa_power_daily
ap_gnr_tenali,2019-12-11,0.0,28.7,75.4,0,nasa_power_daily
ap_gnr_tenali,2019-12-12,0.03,28.6,74.5,0,nasa_power_daily
ap_gnr_tenali,2019-12-13,0.16,28.7,80.0,0,nasa_power_daily
ap_gnr_tenali,2019-12-14,0.07,29.2,79.3,0,nasa_power_daily
ap_gnr_tenali,2019-12-15,0.01,29.0,77.3,0,nasa_power_daily
ap_gnr_tenali,2019-12-16,0.0,29.6,77.4,0,nasa_power_daily
ap_gnr_tenali,2019-12-17,0.0,29.6,76.6,0,nasa_power_daily
ap_gnr_tenali,2019-12-18,0.0,29.7,75.8,0,nasa_power_daily
ap_gnr_tenali,2019-12-19,0.0,29.1,79.7,0,nasa_power_daily
ap_gnr_tenali,2019-12-20,0.0,29.0,78.7,0,nasa_power_daily
ap_gnr_tenali,2019-12-21,0.0,28.0,79.2,0,nasa_power_daily
ap_gnr_tenali,2019-12-22,0.0,28.9,71.5,0,nasa_power_daily
ap_gnr_tenali,2019-12-23,0.0,28.8,73.3,0,nasa_power_daily
ap_gnr_tenali,2019-12-24,0.0,29.2,73.9,0,nasa_power_daily
ap_gnr_tenali,2019-12-25,0.0,29.3,75.7,0,nasa_power_daily
ap_gnr_tenali,2019-12-26,0.0,29.8,73.3,0,nasa_power_daily
ap_gnr_tenali,2019-12-27,0.0,30.2,74.1,0,nasa_power_daily
ap_gnr_tenali,2019-12-28,0.38,28.6,76.7,0,nasa_power_daily
ap_gnr_tenali,2019-12-29,0.24,28.8,74.5,0,nasa_power_daily
ap_gnr_tenali,2019-12-30,0.06,28.8,73.6,0,nasa_power_daily
ap_gnr_tenali,2019-12-31,0.19,28.9,73.3,0,nasa_power_daily
ap_gnr_tenali,2020-01-01,0.75,29.9,80.6,0,nasa_power_daily
ap_gnr_tenali,2020-01-02,1.67,30.0,81.6,0,nasa_power_daily
ap_gnr_tenali,2020-01-03,7.37,30.3,82.0,0,nasa_power_daily
ap_gnr_tenali,2020-01-04,7.45,28.8,84.6,0,nasa_power_daily
ap_gnr_tenali,2020-01-05,8.82,27.1,84.4,0,nasa_power_daily
ap_gnr_tenali,2020-01-06,0.29,28.4,79.4,0,nasa_power_daily
ap_gnr_tenali,2020-01-07,0.03,28.7,78.5,0,nasa_power_daily
ap_gnr_tenali,2020-01-08,0.0,28.9,76.6,0,nasa_power_daily
ap_gnr_tenali,2020-01-09,0.0,29.5,72.8,0,nasa_power_daily
ap_gnr_tenali,2020-01-10,0.0,29.3,76.8,0,nasa_power_daily
ap_gnr_tenali,2020-01-11,0.0,29.4,77.2,0,nasa_power_daily
ap_gnr_tenali,2020-01-12,0.0,29.2,75.3,0,nasa_power_daily
ap_gnr_tenali,2020-01-13,0.0,30.0,68.7,0,nasa_power_daily
ap_gnr_tenali,2020-01-14,0.0,29.4,70.2,0,nasa_power_daily
ap_gnr_tenali,2020-01-15,0.0,29.5,70.1,0,nasa_power_daily
ap_gnr_tenali,2020-01-16,0.0,29.8,67.3,0,nasa_power_daily
ap_gnr_tenali,2020-01-17,0.0,30.3,72.5,0,nasa_power_daily
ap_gnr_tenali,2020-01-18,0.16,30.3,75.5,0,nasa_power_daily
ap_gnr_tenali,2020-01-19,0.0,30.9,71.1,0,nasa_power_daily
ap_gnr_tenali,2020-01-20,0.0,30.9,68.8,0,nasa_power_daily
ap_gnr_tenali,2020-01-21,0.0,30.8,68.0,0,nasa_power_daily
ap_gnr_tenali,2020-01-22,0.0,30.9,72.2,0,nasa_power_daily
ap_gnr_tenali,2020-01-23,0.0,30.9,72.5,0,nasa_power_daily
ap_gnr_tenali,2020-01-24,0.0,31.8,66.1,0,nasa_power_daily
ap_gnr_tenali,2020-01-25,0.0,31.3,66.2,0,nasa_power_daily
ap_gnr_tenali,2020-01-26,0.0,32.0,67.2,0,nasa_power_daily
ap_gnr_tenali,2020-01-27,0.0,32.1,69.7,0,nasa_power_daily
ap_gnr_tenali,2020-01-28,0.0,31.3,73.0,0,nasa_power_daily
ap_gnr_tenali,2020-01-29,0.0,31.7,71.3,0,nasa_power_daily
ap_gnr_tenali,2020-01-30,0.06,32.0,69.0,0,nasa_power_daily
ap_gnr_tenali,2020-01-31,0.01,31.7,70.8,0,nasa_power_daily
ap_gnr_tenali,2020-02-01,0.0,31.4,70.7,0,nasa_power_daily
ap_gnr_tenali,2020-02-02,0.01,31.2,70.5,0,nasa_power_daily
ap_gnr_tenali,2020-02-03,0.12,31.2,70.4,0,nasa_power_daily
ap_gnr_tenali,2020-02-04,0.1,31.1,71.4,0,nasa_power_daily
ap_gnr_tenali,2020-02-05,0.0,32.0,65.7,0,nasa_power_daily
ap_gnr_tenali,2020-02-06,0.0,32.2,65.3,0,nasa_power_daily
ap_gnr_tenali,2020-02-07,0.0,31.7,65.4,0,nasa_power_daily
ap_gnr_tenali,2020-02-08,0.02,30.8,67.0,0,nasa_power_daily
ap_gnr_tenali,2020-02-09,3.79,30.2,70.4,0,nasa_power_daily
ap_gnr_tenali,2020-02-10,1.4,29.6,73.8,0,nasa_power_daily
ap_gnr_tenali,2020-02-11,0.18,30.7,71.2,0,nasa_power_daily
ap_gnr_tenali,2020-02-12,0.01,31.4,67.7,0,nasa_power_daily
ap_gnr_tenali,2020-02-13,0.0,33.3,63.1,0,nasa_power_daily
ap_gnr_tenali,2020-02-14,0.0,34.4,58.6,0,nasa_power_daily
ap_gnr_tenali,2020-02-15,0.0,34.5,60.8,0,nasa_power_daily
ap_gnr_tenali,2020-02-16,0.0,33.6,59.3,0,nasa_power_daily
ap_gnr_tenali,2020-02-17,0.0,33.4,59.5,0,nasa_power_daily
ap_gnr_tenali,2020-02-18,0.0,33.5,60.6,0,nasa_power_daily
ap_gnr_tenali,2020-02-19,0.0,32.0,66.6,0,nasa_power_daily
ap_gnr_tenali,2020-02-20,0.0,31.6,64.6,0,nasa_power_daily
ap_gnr_tenali,2020-02-21,0.0,31.6,61.8,0,nasa_power_daily
ap_gnr_tenali,2020-02-22,0.0,32.5,63.7,0,nasa_power_daily
ap_gnr_tenali,2020-02-23,0.0,32.3,64.7,0,nasa_power_daily
ap_gnr_tenali,2020-02-24,0.0,33.5,64.6,0,nasa_power_daily
ap_gnr_tenali,2020-02-25,0.0,32.9,65.6,0,nasa_power_daily
ap_gnr_tenali,2020-02-26,0.5,33.3,67.0,0,nasa_power_daily
ap_gnr_tenali,2020-02-27,0.35,33.0,68.5,0,nasa_power_daily
ap_gnr_tenali,2020-02-28,0.27,32.1,68.2,0,nasa_power_daily
ap_gnr_tenali,2020-02-29,0.01,32.4,64.9,0,nasa_power_daily
ap_gnr_tenali,2020-03-01,0.0,33.9,60.6,0,nasa_power_daily
ap_gnr_tenali,2020-03-02,0.0,34.7,60.5,0,nasa_power_daily
ap_gnr_tenali,2020-03-03,0.0,34.4,60.7,0,nasa_power_daily
ap_gnr_tenali,2020-03-04,0.0,34.1,61.0,0,nasa_power_daily
ap_gnr_tenali,2020-03-05,0.18,33.2,66.6,0,nasa_power_daily
ap_gnr_tenali,2020-03-06,0.79,32.9,65.5,0,nasa_power_daily
ap_gnr_tenali,2020-03-07,1.2,31.6,66.9,0,nasa_power_daily
ap_gnr_tenali,2020-03-08,0.05,34.5,64.3,0,nasa_power_daily
ap_gnr_tenali,2020-03-09,0.0,34.7,65.0,0,nasa_power_daily
ap_gnr_tenali,2020-03-10,0.0,33.8,64.7,0,nasa_power_daily
ap_gnr_tenali,2020-03-11,0.0,34.4,63.9,0,nasa_power_daily
ap_gnr_tenali,2020-03-12,0.0,34.8,67.7,0,nasa_power_daily
ap_gnr_tenali,2020-03-13,0.0,34.9,67.9,0,nasa_power_daily
ap_gnr_tenali,2020-03-14,0.0,35.2,66.3,0,nasa_power_daily
ap_gnr_tenali,2020-03-15,0.0,34.1,69.1,0,nasa_power_daily
ap_gnr_tenali,2020-03-16,0.0,35.1,67.7,0,nasa_power_daily
ap_gnr_tenali,2020-03-17,0.01,35.7,65.7,0,nasa_power_daily
ap_gnr_tenali,2020-03-18,0.0,36.7,60.9,0,nasa_power_daily
ap_gnr_tenali,2020-03-19,0.16,37.4,61.8,0,nasa_power_daily
ap_gnr_tenali,2020-03-20,0.62,36.0,61.2,0,nasa_power_daily
ap_gnr_tenali,2020-03-21,0.09,35.6,61.3,0,nasa_power_daily
ap_gnr_tenali,2020-03-22,0.36,35.6,61.0,0,nasa_power_daily
ap_gnr_tenali,2020-03-23,0.58,34.9,63.8,0,nasa_power_daily
ap_gnr_tenali,2020-03-24,0.0,35.8,61.0,0,nasa_power_daily
ap_gnr_tenali,2020-03-25,0.1,35.5,61.6,0,nasa_power_daily
ap_gnr_tenali,2020-03-26,0.0,36.9,56.6,0,nasa_power_daily
ap_gnr_tenali,2020-03-27,0.0,36.5,56.7,0,nasa_power_daily
ap_gnr_tenali,2020-03-28,0.0,37.7,52.5,0,nasa_power_daily
ap_gnr_tenali,2020-03-29,0.0,39.2,47.3,0,nasa_power_daily
ap_gnr_tenali,2020-03-30,0.01,37.9,55.9,0,nasa_power_daily
ap_gnr_tenali,2020-03-31,0.0,39.0,52.6,0,nasa_power_daily
ap_gnr_tenali,2020-04-01,0.0,39.1,54.5,0,nasa_power_daily
ap_gnr_tenali,2020-04-02,0.0,38.2,58.6,0,nasa_power_daily
ap_gnr_tenali,2020-04-03,0.0,37.3,61.6,0,nasa_power_daily
ap_gnr_tenali,2020-04-04,0.0,37.1,58.7,0,nasa_power_daily
ap_gnr_tenali,2020-04-05,0.0,37.3,59.9,0,nasa_power_daily
ap_gnr_tenali,2020-04-06,0.36,38.5,61.0,0,nasa_power_daily
ap_gnr_tenali,2020-04-07,0.17,36.2,62.3,0,nasa_power_daily
ap_gnr_tenali,2020-04-08,1.34,37.8,60.6,0,nasa_power_daily
ap_gnr_tenali,2020-04-09,2.93,36.4,59.6,0,nasa_power_daily
ap_gnr_tenali,2020-04-10,2.68,37.1,58.8,0,nasa_power_daily
ap_gnr_tenali,2020-04-11,0.04,37.1,58.4,0,nasa_power_daily
ap_gnr_tenali,2020-04-12,0.0,37.4,57.6,0,nasa_power_daily
ap_gnr_tenali,2020-04-13,0.0,38.9,54.7,0,nasa_power_daily
ap_gnr_tenali,2020-04-14,0.0,38.1,56.4,0,nasa_power_daily
ap_gnr_tenali,2020-04-15,0.0,37.6,56.7,0,nasa_power_daily
ap_gnr_tenali,2020-04-16,0.0,37.2,60.9,0,nasa_power_daily
ap_gnr_tenali,2020-04-17,0.0,37.5,61.8,0,nasa_power_daily
ap_gnr_tenali,2020-04-18,0.0,37.1,62.3,0,nasa_power_daily
ap_gnr_tenali,2020-04-19,0.0,37.6,62.9,0,nasa_power_daily
ap_gnr_tenali,2020-04-20,0.0,37.6,63.1,0,nasa_power_daily
ap_gnr_tenali,2020-04-21,0.08,38.1,59.7,0,nasa_power_daily
ap_gnr_tenali,2020-04-22,0.12,37.4,63.5,0,nasa_power_daily
ap_gnr_tenali,2020-04-23,0.62,38.1,63.4,0,nasa_power_daily
ap_gnr_tenali,2020-04-24,0.46,37.3,64.5,0,nasa_power_daily
ap_gnr_tenali,2020-04-25,5.45,37.5,70.4,0,nasa_power_daily
ap_gnr_tenali,2020-04-26,8.09,35.4,74.0,0,nasa_power_daily
ap_gnr_tenali,2020-04-27,2.94,34.5,74.0,0,nasa_power_daily
ap_gnr_tenali,2020-04-28,4.15,36.4,66.3,0,nasa_power_daily
ap_gnr_tenali,2020-04-29,2.25,37.4,63.4,0,nasa_power_daily
ap_gnr_tenali,2020-04-30,0.52,38.1,62.7,0,nasa_power_daily
ap_gnr_tenali,2020-05-01,0.7,39.6,59.4,0,nasa_power_daily
ap_gnr_tenali,2020-05-02,0.16,38.2,59.9,0,nasa_power_daily
ap_gnr_tenali,2020-05-03,0.1,39.2,61.8,0,nasa_power_daily
ap_gnr_tenali,2020-05-04,0.2,39.4,60.6,0,nasa_power_daily
ap_gnr_tenali,2020-05-05,0.09,36.8,66.1,0,nasa_power_daily
ap_gnr_tenali,2020-05-06,0.06,38.2,64.0,0,nasa_power_daily
ap_gnr_tenali,2020-05-07,0.01,37.5,64.5,0,nasa_power_daily
ap_gnr_tenali,2020-05-08,0.01,39.0,59.6,0,nasa_power_daily
ap_gnr_tenali,2020-05-09,0.01,39.3,58.9,0,nasa_power_daily
ap_gnr_tenali,2020-05-10,0.01,38.5,59.6,0,nasa_power_daily
ap_gnr_tenali,2020-05-11,0.1,37.9,60.0,0,nasa_power_daily
ap_gnr_tenali,2020-05-12,0.08,37.6,62.2,0,nasa_power_daily
ap_gnr_tenali,2020-05-13,0.06,38.8,54.9,0,nasa_power_daily
ap_gnr_tenali,2020-05-14,0.06,38.1,58.9,0,nasa_power_daily
ap_gnr_tenali,2020-05-15,0.12,39.8,61.4,0,nasa_power_daily
ap_gnr_tenali,2020-05-16,1.34,39.5,61.2,0,nasa_power_daily
ap_gnr_tenali,2020-05-17,0.59,40.0,54.4,0,nasa_power_daily
ap_gnr_tenali,2020-05-18,2.28,39.7,49.0,0,nasa_power_daily
ap_gnr_tenali,2020-05-19,2.38,42.1,44.2,0,nasa_power_daily
ap_gnr_tenali,2020-05-20,0.0,43.5,32.7,0,nasa_power_daily
ap_gnr_tenali,2020-05-21,0.0,43.9,46.2,0,nasa_power_daily
ap_gnr_tenali,2020-05-22,0.0,43.5,53.6,0,nasa_power_daily
ap_gnr_tenali,2020-05-23,0.0,38.5,66.3,0,nasa_power_daily
ap_gnr_tenali,2020-05-24,0.0,38.6,66.4,0,nasa_power_daily
ap_gnr_tenali,2020-05-25,0.0,37.7,67.5,0,nasa_power_daily
ap_gnr_tenali,2020-05-26,0.02,38.0,65.9,0,nasa_power_daily
ap_gnr_tenali,2020-05-27,0.04,36.7,69.8,0,nasa_power_daily
ap_gnr_tenali,2020-05-28,0.1,40.2,64.4,0,nasa_power_daily
ap_gnr_tenali,2020-05-29,0.07,41.8,56.5,0,nasa_power_daily
ap_gnr_tenali,2020-05-30,0.07,39.5,60.4,0,nasa_power_daily
ap_gnr_tenali,2020-05-31,1.09,35.2,69.8,0,nasa_power_daily
ap_gnr_tenali,2020-06-01,1.18,35.5,65.0,0,nasa_power_daily
ap_gnr_tenali,2020-06-02,3.61,35.5,64.0,0,nasa_power_daily
ap_gnr_tenali,2020-06-03,5.15,33.1,70.3,0,nasa_power_daily
ap_gnr_tenali,2020-06-04,5.82,34.9,66.1,0,nasa_power_daily
ap_gnr_tenali,2020-06-05,0.99,37.4,60.4,0,nasa_power_daily
ap_gnr_tenali,2020-06-06,0.18,39.9,53.0,0,nasa_power_daily
ap_gnr_tenali,2020-06-07,0.54,39.0,52.7,0,nasa_power_daily
ap_gnr_tenali,2020-06-08,0.41,36.6,58.1,0,nasa_power_daily
ap_gnr_tenali,2020-06-09,2.24,38.2,52.7,0,nasa_power_daily
ap_gnr_tenali,2020-06-10,14.91,33.1,73.1,0,nasa_power_daily
ap_gnr_tenali,2020-06-11,22.26,29.4,85.9,0,nasa_power_daily
ap_gnr_tenali,2020-06-12,0.94,33.0,72.8,0,nasa_power_daily
ap_gnr_tenali,2020-06-13,2.45,35.7,64.2,0,nasa_power_daily
ap_gnr_tenali,2020-06-14,1.25,32.1,69.8,0,nasa_power_daily
ap_gnr_tenali,2020-06-15,5.03,36.9,65.5,0,nasa_power_daily
ap_gnr_tenali,2020-06-16,2.84,36.7,64.8,0,nasa_power_daily
ap_gnr_tenali,2020-06-17,9.95,35.1,69.2,0,nasa_power_daily
ap_gnr_tenali,2020-06-18,2.84,34.0,68.6,0,nasa_power_daily
ap_gnr_tenali,2020-06-19,1.14,36.4,63.2,0,nasa_power_daily
ap_gnr_tenali,2020-06-20,4.6,35.5,69.4,0,nasa_power_daily
ap_gnr_tenali,2020-06-21,17.78,30.2,81.7,0,nasa_power_daily
ap_gnr_tenali,2020-06-22,10.09,32.4,76.1,0,nasa_power_daily
ap_gnr_tenali,2020-06-23,3.65,35.8,68.5,0,nasa_power_daily
ap_gnr_tenali,2020-06-24,2.38,35.8,69.0,0,nasa_power_daily
ap_gnr_tenali,2020-06-25,3.24,33.0,75.9,0,nasa_power_daily
ap_gnr_tenali,2020-06-26,0.46,31.9,75.9,0,nasa_power_daily
ap_gnr_tenali,2020-06-27,2.32,33.4,75.4,0,nasa_power_daily
ap_gnr_tenali,2020-06-28,3.38,33.3,75.5,0,nasa_power_daily
ap_gnr_tenali,2020-06-29,9.39,31.6,83.3,0,nasa_power_daily
ap_gnr_tenali,2020-06-30,4.38,31.6,81.7,0,nasa_power_daily
ap_gnr_tenali,2020-07-01,7.01,32.7,75.9,0,nasa_power_daily
ap_gnr_tenali,2020-07-02,8.18,31.4,77.8,0,nasa_power_daily
ap_gnr_tenali,2020-07-03,20.65,32.6,76.9,0,nasa_power_daily
ap_gnr_tenali,2020-07-04,12.85,30.9,78.9,0,nasa_power_daily
ap_gnr_tenali,2020-07-05,16.58,33.7,74.8,0,nasa_power_daily
ap_gnr_tenali,2020-07-06,4.16,34.4,72.8,0,nasa_power_daily
ap_gnr_tenali,2020-07-07,5.08,33.8,73.6,0,nasa_power_daily
ap_gnr_tenali,2020-07-08,28.81,32.8,78.2,0,nasa_power_daily
ap_gnr_tenali,2020-07-09,23.88,29.8,83.1,0,nasa_power_daily
ap_gnr_tenali,2020-07-10,4.55,31.6,79.8,0,nasa_power_daily
ap_gnr_tenali,2020-07-11,4.84,31.6,80.0,0,nasa_power_daily
ap_gnr_tenali,2020-07-12,6.94,33.2,76.8,0,nasa_power_daily
ap_gnr_tenali,2020-07-13,18.42,30.5,84.3,0,nasa_power_daily
ap_gnr_tenali,2020-07-14,13.93,28.9,86.5,0,nasa_power_daily
ap_gnr_tenali,2020-07-15,34.13,29.2,88.4,0,nasa_power_daily
ap_gnr_tenali,2020-07-16,4.31,30.0,82.8,0,nasa_power_daily
ap_gnr_tenali,2020-07-17,4.63,33.0,76.6,0,nasa_power_daily
ap_gnr_tenali,2020-07-18,3.78,30.9,81.7,0,nasa_power_daily
ap_gnr_tenali,2020-07-19,8.29,30.0,85.4,0,nasa_power_daily
ap_gnr_tenali,2020-07-20,12.05,31.3,84.9,0,nasa_power_daily
ap_gnr_tenali,2020-07-21,1.65,31.4,84.3,0,nasa_power_daily
ap_gnr_tenali,2020-07-22,2.26,30.1,86.6,0,nasa_power_daily
ap_gnr_tenali,2020-07-23,5.87,29.6,82.9,0,nasa_power_daily
ap_gnr_tenali,2020-07-24,8.2,30.1,85.8,0,nasa_power_daily
ap_gnr_tenali,2020-07-25,1.73,30.2,84.8,0,nasa_power_daily
ap_gnr_tenali,2020-07-26,4.21,31.4,81.9,0,nasa_power_daily
ap_gnr_tenali,2020-07-27,2.32,32.4,79.6,0,nasa_power_daily
ap_gnr_tenali,2020-07-28,8.98,31.1,83.2,0,nasa_power_daily
ap_gnr_tenali,2020-07-29,2.55,31.8,80.0,0,nasa_power_daily
ap_gnr_tenali,2020-07-30,3.56,32.1,80.0,0,nasa_power_daily
ap_gnr_tenali,2020-07-31,5.83,30.9,83.5,0,nasa_power_daily
ap_gnr_tenali,2020-08-01,9.31,30.8,85.8,0,nasa_power_daily
ap_gnr_tenali,2020-08-02,2.62,32.6,81.8,0,nasa_power_daily
ap_gnr_tenali,2020-08-03,10.17,29.9,85.3,0,nasa_power_daily
ap_gnr_tenali,2020-08-04,3.39,31.0,82.7,0,nasa_power_daily
ap_gnr_tenali,2020-08-05,1.57,30.4,81.9,0,nasa_power_daily
ap_gnr_tenali,2020-08-06,0.54,32.2,80.9,0,nasa_power_daily
ap_gnr_tenali,2020-08-07,0.41,31.9,82.0,0,nasa_power_daily
ap_gnr_tenali,2020-08-08,0.63,31.5,82.6,0,nasa_power_daily
ap_gnr_tenali,2020-08-09,15.59,29.5,86.8,0,nasa_power_daily
ap_gnr_tenali,2020-08-10,5.48,32.4,81.1,0,nasa_power_daily
ap_gnr_tenali,2020-08-11,8.0,32.3,80.3,0,nasa_power_daily
ap_gnr_tenali,2020-08-12,17.42,30.1,85.5,0,nasa_power_daily
ap_gnr_tenali,2020-08-13,11.42,29.8,86.8,0,nasa_power_daily
ap_gnr_tenali,2020-08-14,6.07,30.8,83.7,0,nasa_power_daily
ap_gnr_tenali,2020-08-15,18.66,30.3,86.2,0,nasa_power_daily
ap_gnr_tenali,2020-08-16,5.88,30.5,84.6,0,nasa_power_daily
ap_gnr_tenali,2020-08-17,3.92,32.0,82.3,0,nasa_power_daily
ap_gnr_tenali,2020-08-18,7.48,32.3,82.7,0,nasa_power_daily
ap_gnr_tenali,2020-08-19,10.26,31.6,84.7,0,nasa_power_daily
ap_gnr_tenali,2020-08-20,7.42,30.7,85.6,0,nasa_power_daily
ap_gnr_tenali,2020-08-21,1.82,32.1,82.9,0,nasa_power_daily
ap_gnr_tenali,2020-08-22,14.68,30.3,86.2,0,nasa_power_daily
ap_gnr_tenali,2020-08-23,6.02,30.9,85.5,0,nasa_power_daily
ap_gnr_tenali,2020-08-24,1.12,30.4,84.9,0,nasa_power_daily
ap_gnr_tenali,2020-08-25,6.17,28.2,90.1,0,nasa_power_daily
ap_gnr_tenali,2020-08-26,3.91,28.7,90.7,0,nasa_power_daily
ap_gnr_tenali,2020-08-27,2.58,30.7,86.7,0,nasa_power_daily
ap_gnr_tenali,2020-08-28,0.44,32.0,82.2,0,nasa_power_daily
ap_gnr_tenali,2020-08-29,1.45,30.9,84.2,0,nasa_power_daily
ap_gnr_tenali,2020-08-30,1.42,31.0,82.6,0,nasa_power_daily
ap_gnr_tenali,2020-08-31,0.68,31.4,84.2,0,nasa_power_daily
ap_gnr_tenali,2020-09-01,10.09,30.4,88.5,0,nasa_power_daily
ap_gnr_tenali,2020-09-02,7.02,30.9,86.5,0,nasa_power_daily
ap_gnr_tenali,2020-09-03,5.03,31.1,83.0,0,nasa_power_daily
ap_gnr_tenali,2020-09-04,0.63,30.1,87.0,0,nasa_power_daily
ap_gnr_tenali,2020-09-05,0.48,32.3,80.6,0,nasa_power_daily
ap_gnr_tenali,2020-09-06,0.8,31.0,82.7,0,nasa_power_daily
ap_gnr_tenali,2020-09-07,0.08,31.2,82.5,0,nasa_power_daily
ap_gnr_tenali,2020-09-08,0.5,31.4,81.8,0,nasa_power_daily
ap_gnr_tenali,2020-09-09,2.56,31.4,83.3,0,nasa_power_daily
ap_gnr_tenali,2020-09-10,2.71,30.8,84.1,0,nasa_power_daily
ap_gnr_tenali,2020-09-11,5.46,29.8,85.2,0,nasa_power_daily
ap_gnr_tenali,2020-09-12,12.58,30.3,84.5,0,nasa_power_daily
ap_gnr_tenali,2020-09-13,35.15,29.5,88.0,0,nasa_power_daily
ap_gnr_tenali,2020-09-14,20.02,31.2,89.7,0,nasa_power_daily
ap_gnr_tenali,2020-09-15,19.93,28.5,89.9,0,nasa_power_daily
ap_gnr_tenali,2020-09-16,11.05,31.2,86.7,0,nasa_power_daily
ap_gnr_tenali,2020-09-17,22.44,30.6,88.2,0,nasa_power_daily
ap_gnr_tenali,2020-09-18,12.29,30.9,86.0,0,nasa_power_daily
ap_gnr_tenali,2020-09-19,9.03,29.5,90.3,0,nasa_power_daily
ap_gnr_tenali,2020-09-20,11.04,29.7,87.8,0,nasa_power_daily
ap_gnr_tenali,2020-09-21,3.18,28.9,88.2,0,nasa_power_daily
ap_gnr_tenali,2020-09-22,0.68,29.8,83.7,0,nasa_power_daily
ap_gnr_tenali,2020-09-23,0.31,31.7,79.0,0,nasa_power_daily
ap_gnr_tenali,2020-09-24,0.77,31.8,81.3,0,nasa_power_daily
ap_gnr_tenali,2020-09-25,33.52,30.9,86.2,0,nasa_power_daily
ap_gnr_tenali,2020-09-26,42.24,29.5,89.1,0,nasa_power_daily
ap_gnr_tenali,2020-09-27,1.7,29.4,86.2,0,nasa_power_daily
ap_gnr_tenali,2020-09-28,0.66,30.9,83.5,0,nasa_power_daily
ap_gnr_tenali,2020-09-29,10.27,29.5,88.7,0,nasa_power_daily
ap_gnr_tenali,2020-09-30,3.45,29.7,88.4,0,nasa_power_daily
ap_gnr_tenali,2020-10-01,1.54,29.3,88.3,0,nasa_power_daily
ap_gnr_tenali,2020-10-02,0.23,31.4,85.6,0,nasa_power_daily
ap_gnr_tenali,2020-10-03,0.92,31.2,85.5,0,nasa_power_daily
ap_gnr_tenali,2020-10-04,2.11,29.5,89.0,0,nasa_power_daily
ap_gnr_tenali,2020-10-05,2.28,30.3,87.3,0,nasa_power_daily
ap_gnr_tenali,2020-10-06,16.28,30.0,87.2,0,nasa_power_daily
ap_gnr_tenali,2020-10-07,8.35,29.3,83.7,0,nasa_power_daily
ap_gnr_tenali,2020-10-08,4.66,30.1,83.3,0,nasa_power_daily
ap_gnr_tenali,2020-10-09,6.53,30.4,84.2,0,nasa_power_daily
ap_gnr_tenali,2020-10-10,11.38,30.2,83.4,0,nasa_power_daily
ap_gnr_tenali,2020-10-11,17.79,29.0,85.5,0,nasa_power_daily
ap_gnr_tenali,2020-10-12,25.36,28.8,87.2,0,nasa_power_daily
ap_gnr_tenali,2020-10-13,16.32,29.6,90.5,0,nasa_power_daily
ap_gnr_tenali,2020-10-14,6.39,30.4,85.8,0,nasa_power_daily
ap_gnr_tenali,2020-10-15,12.07,29.2,85.5,0,nasa_power_daily
ap_gnr_tenali,2020-10-16,4.83,30.0,84.7,0,nasa_power_daily
ap_gnr_tenali,2020-10-17,4.24,30.3,85.8,0,nasa_power_daily
ap_gnr_tenali,2020-10-18,1.76,29.6,86.3,0,nasa_power_daily
ap_gnr_tenali,2020-10-19,10.35,29.4,86.2,0,nasa_power_daily
ap_gnr_tenali,2020-10-20,15.92,28.1,91.5,0,nasa_power_daily
ap_gnr_tenali,2020-10-21,3.46,29.4,88.8,0,nasa_power_daily
ap_gnr_tenali,2020-10-22,1.63,29.9,86.6,0,nasa_power_daily
ap_gnr_tenali,2020-10-23,0.36,30.4,87.7,0,nasa_power_daily
ap_gnr_tenali,2020-10-24,0.54,30.6,79.6,0,nasa_power_daily
ap_gnr_tenali,2020-10-25,0.19,30.5,78.8,0,nasa_power_daily
ap_gnr_tenali,2020-10-26,0.09,30.3,82.7,0,nasa_power_daily
ap_gnr_tenali,2020-10-27,0.1,29.8,83.9,0,nasa_power_daily
ap_gnr_tenali,2020-10-28,0.0,29.8,80.8,0,nasa_power_daily
ap_gnr_tenali,2020-10-29,0.0,29.5,76.4,0,nasa_power_daily
ap_gnr_tenali,2020-10-30,0.0,30.6,72.8,0,nasa_power_daily
ap_gnr_tenali,2020-10-31,0.0,30.6,77.8,0,nasa_power_daily
ap_gnr_tenali,2020-11-01,0.0,30.5,79.8,0,nasa_power_daily
ap_gnr_tenali,2020-11-02,0.08,30.9,79.8,0,nasa_power_daily
ap_gnr_tenali,2020-11-03,1.09,29.3,85.3,0,nasa_power_daily
ap_gnr_tenali,2020-11-04,4.62,28.6,89.1,0,nasa_power_daily
ap_gnr_tenali,2020-11-05,11.38,29.8,87.3,0,nasa_power_daily
ap_gnr_tenali,2020-11-06,7.37,29.5,88.7,0,nasa_power_daily
ap_gnr_tenali,2020-11-07,0.87,29.4,85.9,0,nasa_power_daily
ap_gnr_tenali,2020-11-08,0.08,29.7,82.5,0,nasa_power_daily
ap_gnr_tenali,2020-11-09,0.0,28.4,77.3,0,nasa_power_daily
ap_gnr_tenali,2020-11-10,0.2,27.8,80.0,0,nasa_power_daily
ap_gnr_tenali,2020-11-11,6.78,29.6,88.0,0,nasa_power_daily
ap_gnr_tenali,2020-11-12,9.22,28.5,90.3,0,nasa_power_daily
ap_gnr_tenali,2020-11-13,2.77,28.5,89.0,0,nasa_power_daily
ap_gnr_tenali,2020-11-14,0.21,29.6,85.2,0,nasa_power_daily
ap_gnr_tenali,2020-11-15,13.3,29.6,88.9,0,nasa_power_daily
ap_gnr_tenali,2020-11-16,4.9,29.1,88.8,0,nasa_power_daily
ap_gnr_tenali,2020-11-17,1.47,28.5,87.1,0,nasa_power_daily
ap_gnr_tenali,2020-11-18,0.03,29.6,82.7,0,nasa_power_daily
ap_gnr_tenali,2020-11-19,0.0,29.5,83.1,0,nasa_power_daily
ap_gnr_tenali,2020-11-20,0.0,30.0,79.8,0,nasa_power_daily
ap_gnr_tenali,2020-11-21,0.0,29.4,79.2,0,nasa_power_daily
ap_gnr_tenali,2020-11-22,0.91,29.1,82.6,0,nasa_power_daily
ap_gnr_tenali,2020-11-23,2.53,29.4,87.1,0,nasa_power_daily
ap_gnr_tenali,2020-11-24,2.05,28.5,84.7,0,nasa_power_daily
ap_gnr_tenali,2020-11-25,25.04,27.1,89.5,0,nasa_power_daily
ap_gnr_tenali,2020-11-26,129.4,25.1,92.9,0,nasa_power_daily
ap_gnr_tenali,2020-11-27,18.26,27.1,89.0,0,nasa_power_daily
ap_gnr_tenali,2020-11-28,4.83,28.4,86.8,0,nasa_power_daily
ap_gnr_tenali,2020-11-29,0.7,28.5,87.5,0,nasa_power_daily
ap_gnr_tenali,2020-11-30,0.01,28.1,84.6,0,nasa_power_daily
ap_gnr_tenali,2020-12-01,0.0,27.7,84.3,0,nasa_power_daily
ap_gnr_tenali,2020-12-02,0.03,27.8,84.6,0,nasa_power_daily
ap_gnr_tenali,2020-12-03,0.51,28.1,88.5,0,nasa_power_daily
ap_gnr_tenali,2020-12-04,0.22,28.2,87.8,0,nasa_power_daily
ap_gnr_tenali,2020-12-05,0.29,28.0,87.7,0,nasa_power_daily
ap_gnr_tenali,2020-12-06,1.08,28.0,87.5,0,nasa_power_daily
ap_gnr_tenali,2020-12-07,0.71,27.6,85.1,0,nasa_power_daily
ap_gnr_tenali,2020-12-08,0.06,28.2,85.5,0,nasa_power_daily
ap_gnr_tenali,2020-12-09,0.01,27.7,80.8,0,nasa_power_daily
ap_gnr_tenali,2020-12-10,0.0,27.5,74.9,0,nasa_power_daily
ap_gnr_tenali,2020-12-11,0.0,27.3,74.1,0,nasa_power_daily
ap_gnr_tenali,2020-12-12,0.0,27.9,74.9,0,nasa_power_daily
ap_gnr_tenali,2020-12-13,0.0,27.9,70.3,0,nasa_power_daily
ap_gnr_tenali,2020-12-14,0.0,28.0,72.9,0,nasa_power_daily
ap_gnr_tenali,2020-12-15,0.0,27.5,83.7,0,nasa_power_daily
ap_gnr_tenali,2020-12-16,0.0,28.0,84.3,0,nasa_power_daily
ap_gnr_tenali,2020-12-17,0.0,28.0,84.2,0,nasa_power_daily
ap_gnr_tenali,2020-12-18,0.03,27.6,85.8,0,nasa_power_daily
ap_gnr_tenali,2020-12-19,0.02,27.1,85.1,0,nasa_power_daily
ap_gnr_tenali,2020-12-20,0.0,26.9,79.8,0,nasa_power_daily
ap_gnr_tenali,2020-12-21,0.0,25.8,73.3,0,nasa_power_daily
ap_gnr_tenali,2020-12-22,0.0,25.6,72.8,0,nasa_power_daily
ap_gnr_tenali,2020-12-23,0.0,26.0,74.2,0,nasa_power_daily
ap_gnr_tenali,2020-12-24,0.0,26.9,75.5,0,nasa_power_daily
ap_gnr_tenali,2020-12-25,0.0,26.8,78.1,0,nasa_power_daily
ap_gnr_tenali,2020-12-26,0.0,27.0,81.1,0,nasa_power_daily
ap_gnr_tenali,2020-12-27,0.0,26.9,78.5,0,nasa_power_daily
ap_gnr_tenali,2020-12-28,0.0,27.1,78.3,0,nasa_power_daily
ap_gnr_tenali,2020-12-29,0.0,27.2,81.2,0,nasa_power_daily
ap_gnr_tenali,2020-12-30,0.0,27.8,80.9,0,nasa_power_daily
ap_gnr_tenali,2020-12-31,0.01,27.5,83.4,0,nasa_power_daily
ap_gnr_tenali,2021-01-01,0.01,26.9,79.5,0,nasa_power_daily
ap_gnr_tenali,2021-01-02,0.0,26.9,80.3,0,nasa_power_daily
ap_gnr_tenali,2021-01-03,0.01,27.6,80.4,0,nasa_power_daily
ap_gnr_tenali,2021-01-04,0.02,27.6,81.5,0,nasa_power_daily
ap_gnr_tenali,2021-01-05,0.68,28.7,86.1,0,nasa_power_daily
ap_gnr_tenali,2021-01-06,0.4,26.8,89.7,0,nasa_power_daily
ap_gnr_tenali,2021-01-07,0.02,28.5,84.0,0,nasa_power_daily
ap_gnr_tenali,2021-01-08,0.08,29.1,81.4,0,nasa_power_daily
ap_gnr_tenali,2021-01-09,0.02,28.6,79.9,0,nasa_power_daily
ap_gnr_tenali,2021-01-10,0.0,29.4,79.8,0,nasa_power_daily
ap_gnr_tenali,2021-01-11,0.0,29.3,82.2,0,nasa_power_daily
ap_gnr_tenali,2021-01-12,0.0,29.5,83.0,0,nasa_power_daily
ap_gnr_tenali,2021-01-13,0.0,30.1,80.0,0,nasa_power_daily
ap_gnr_tenali,2021-01-14,0.0,29.8,76.5,0,nasa_power_daily
ap_gnr_tenali,2021-01-15,0.0,29.6,78.2,0,nasa_power_daily
ap_gnr_tenali,2021-01-16,0.0,29.8,76.4,0,nasa_power_daily
ap_gnr_tenali,2021-01-17,0.0,29.2,73.2,0,nasa_power_daily
ap_gnr_tenali,2021-01-18,0.0,28.4,78.2,0,nasa_power_daily
ap_gnr_tenali,2021-01-19,0.0,29.4,74.3,0,nasa_power_daily
ap_gnr_tenali,2021-01-20,0.0,30.5,69.9,0,nasa_power_daily
ap_gnr_tenali,2021-01-21,0.0,31.4,72.0,0,nasa_power_daily
ap_gnr_tenali,2021-01-22,0.0,30.2,76.7,0,nasa_power_daily
ap_gnr_tenali,2021-01-23,0.0,30.4,74.0,0,nasa_power_daily
ap_gnr_tenali,2021-01-24,0.0,30.7,70.9,0,nasa_power_daily
ap_gnr_tenali,2021-01-25,0.0,31.2,69.9,0,nasa_power_daily
ap_gnr_tenali,2021-01-26,0.0,31.1,70.3,0,nasa_power_daily
ap_gnr_tenali,2021-01-27,0.0,30.3,73.2,0,nasa_power_daily
ap_gnr_tenali,2021-01-28,0.03,30.1,75.0,0,nasa_power_daily
ap_gnr_tenali,2021-01-29,0.01,30.7,73.3,0,nasa_power_daily
ap_gnr_tenali,2021-01-30,0.0,31.3,71.7,0,nasa_power_daily
ap_gnr_tenali,2021-01-31,0.14,31.1,70.8,0,nasa_power_daily
ap_gnr_tenali,2021-02-01,0.28,30.1,73.1,0,nasa_power_daily
ap_gnr_tenali,2021-02-02,0.15,30.1,72.0,0,nasa_power_daily
ap_gnr_tenali,2021-02-03,0.0,30.4,63.5,0,nasa_power_daily
ap_gnr_tenali,2021-02-04,0.0,30.3,63.3,0,nasa_power_daily
ap_gnr_tenali,2021-02-05,0.0,30.5,62.0,0,nasa_power_daily
ap_gnr_tenali,2021-02-06,0.0,31.0,62.8,0,nasa_power_daily
ap_gnr_tenali,2021-02-07,0.0,31.5,60.7,0,nasa_power_daily
ap_gnr_tenali,2021-02-08,0.0,30.6,68.5,0,nasa_power_daily
ap_gnr_tenali,2021-02-09,0.0,30.8,65.8,0,nasa_power_daily
ap_gnr_tenali,2021-02-10,0.0,31.6,62.3,0,nasa_power_daily
ap_gnr_tenali,2021-02-11,0.0,30.8,66.2,0,nasa_power_daily
ap_gnr_tenali,2021-02-12,0.0,30.8,63.3,0,nasa_power_daily
ap_gnr_tenali,2021-02-13,0.0,31.3,62.5,0,nasa_power_daily
ap_gnr_tenali,2021-02-14,0.0,31.9,58.3,0,nasa_power_daily
ap_gnr_tenali,2021-02-15,0.0,33.3,59.4,0,nasa_power_daily
ap_gnr_tenali,2021-02-16,0.0,32.8,62.5,0,nasa_power_daily
ap_gnr_tenali,2021-02-17,0.0,32.7,63.6,0,nasa_power_daily
ap_gnr_tenali,2021-02-18,0.02,31.9,65.4,0,nasa_power_daily
ap_gnr_tenali,2021-02-19,3.3,31.4,65.8,0,nasa_power_daily
ap_gnr_tenali,2021-02-20,10.28,29.7,74.5,0,nasa_power_daily
ap_gnr_tenali,2021-02-21,2.21,29.1,76.8,0,nasa_power_daily
ap_gnr_tenali,2021-02-22,0.01,32.4,70.4,0,nasa_power_daily
ap_gnr_tenali,2021-02-23,0.0,33.6,64.8,0,nasa_power_daily
ap_gnr_tenali,2021-02-24,0.0,33.7,64.4,0,nasa_power_daily
ap_gnr_tenali,2021-02-25,0.0,34.9,60.7,0,nasa_power_daily
ap_gnr_tenali,2021-02-26,0.0,36.4,60.9,0,nasa_power_daily
ap_gnr_tenali,2021-02-27,0.0,36.1,63.4,0,nasa_power_daily
ap_gnr_tenali,2021-02-28,0.0,36.2,64.4,0,nasa_power_daily
ap_gnr_tenali,2021-03-01,0.0,35.5,64.4,0,nasa_power_daily
ap_gnr_tenali,2021-03-02,0.0,34.7,62.9,0,nasa_power_daily
ap_gnr_tenali,2021-03-03,0.0,36.0,58.5,0,nasa_power_daily
ap_gnr_tenali,2021-03-04,0.0,35.2,60.5,0,nasa_power_daily
ap_gnr_tenali,2021-03-05,0.0,35.6,55.5,0,nasa_power_daily
ap_gnr_tenali,2021-03-06,0.0,36.7,58.8,0,nasa_power_daily
ap_gnr_tenali,2021-03-07,0.0,36.0,63.4,0,nasa_power_daily
ap_gnr_tenali,2021-03-08,0.0,34.6,67.0,0,nasa_power_daily
ap_gnr_tenali,2021-03-09,0.0,34.3,67.4,0,nasa_power_daily
ap_gnr_tenali,2021-03-10,0.0,35.0,68.9,0,nasa_power_daily
ap_gnr_tenali,2021-03-11,0.0,35.2,65.8,0,nasa_power_daily
ap_gnr_tenali,2021-03-12,0.0,34.5,62.7,0,nasa_power_daily
ap_gnr_tenali,2021-03-13,0.0,36.1,55.6,0,nasa_power_daily
ap_gnr_tenali,2021-03-14,0.0,35.8,54.6,0,nasa_power_daily
ap_gnr_tenali,2021-03-15,0.0,36.2,57.6,0,nasa_power_daily
ap_gnr_tenali,2021-03-16,0.0,36.3,60.0,0,nasa_power_daily
ap_gnr_tenali,2021-03-17,0.0,36.3,59.8,0,nasa_power_daily
ap_gnr_tenali,2021-03-18,0.0,35.4,60.7,0,nasa_power_daily
ap_gnr_tenali,2021-03-19,0.0,36.2,56.0,0,nasa_power_daily
ap_gnr_tenali,2021-03-20,0.0,36.7,55.4,0,nasa_power_daily
ap_gnr_tenali,2021-03-21,0.0,38.0,53.4,0,nasa_power_daily
ap_gnr_tenali,2021-03-22,0.0,37.8,54.2,0,nasa_power_daily
ap_gnr_tenali,2021-03-23,0.0,37.2,53.7,0,nasa_power_daily
ap_gnr_tenali,2021-03-24,0.0,37.8,53.1,0,nasa_power_daily
ap_gnr_tenali,2021-03-25,0.0,38.9,50.7,0,nasa_power_daily
ap_gnr_tenali,2021-03-26,0.0,37.7,55.5,0,nasa_power_daily
ap_gnr_tenali,2021-03-27,0.03,38.8,56.3,0,nasa_power_daily
ap_gnr_tenali,2021-03-28,0.09,37.1,61.6,0,nasa_power_daily
ap_gnr_tenali,2021-03-29,0.04,38.1,59.9,0,nasa_power_daily
ap_gnr_tenali,2021-03-30,0.01,40.6,56.7,0,nasa_power_daily
ap_gnr_tenali,2021-03-31,0.01,41.7,54.2,0,nasa_power_daily
ap_gnr_tenali,2021-04-01,0.04,41.0,57.4,0,nasa_power_daily
ap_gnr_tenali,2021-04-02,0.07,42.0,56.6,0,nasa_power_daily
ap_gnr_tenali,2021-04-03,0.11,39.4,63.1,0,nasa_power_daily
ap_gnr_tenali,2021-04-04,0.12,38.5,60.6,0,nasa_power_daily
ap_gnr_tenali,2021-04-05,0.14,36.6,65.2,0,nasa_power_daily
ap_gnr_tenali,2021-04-06,0.03,36.1,62.2,0,nasa_power_daily
ap_gnr_tenali,2021-04-07,0.0,36.9,60.8,0,nasa_power_daily
ap_gnr_tenali,2021-04-08,0.0,37.0,62.4,0,nasa_power_daily
ap_gnr_tenali,2021-04-09,0.0,36.1,61.7,0,nasa_power_daily
ap_gnr_tenali,2021-04-10,0.0,35.5,66.8,0,nasa_power_daily
ap_gnr_tenali,2021-04-11,0.09,36.6,63.3,0,nasa_power_daily
ap_gnr_tenali,2021-04-12,0.53,37.6,61.8,0,nasa_power_daily
ap_gnr_tenali,2021-04-13,0.5,37.7,60.5,0,nasa_power_daily
ap_gnr_tenali,2021-04-14,3.35,37.7,60.8,0,nasa_power_daily
ap_gnr_tenali,2021-04-15,4.69,34.6,65.9,0,nasa_power_daily
ap_gnr_tenali,2021-04-16,0.28,36.9,59.3,0,nasa_power_daily
ap_gnr_tenali,2021-04-17,0.18,37.8,60.1,0,nasa_power_daily
ap_gnr_tenali,2021-04-18,0.3,37.7,60.1,0,nasa_power_daily
ap_gnr_tenali,2021-04-19,0.29,38.8,59.6,0,nasa_power_daily
ap_gnr_tenali,2021-04-20,0.44,37.4,60.1,0,nasa_power_daily
ap_gnr_tenali,2021-04-21,0.55,37.4,63.2,0,nasa_power_daily
ap_gnr_tenali,2021-04-22,0.68,36.6,61.5,0,nasa_power_daily
ap_gnr_tenali,2021-04-23,1.53,37.8,58.9,0,nasa_power_daily
ap_gnr_tenali,2021-04-24,7.92,36.3,67.2,0,nasa_power_daily
ap_gnr_tenali,2021-04-25,1.23,37.1,65.2,0,nasa_power_daily
ap_gnr_tenali,2021-04-26,0.1,36.4,65.7,0,nasa_power_daily
ap_gnr_tenali,2021-04-27,0.14,36.9,63.4,0,nasa_power_daily
ap_gnr_tenali,2021-04-28,0.53,37.7,60.6,0,nasa_power_daily
ap_gnr_tenali,2021-04-29,0.19,38.0,60.5,0,nasa_power_daily
ap_gnr_tenali,2021-04-30,0.15,37.5,61.0,0,nasa_power_daily
ap_gnr_tenali,2021-05-01,0.18,37.0,64.0,0,nasa_power_daily
ap_gnr_tenali,2021-05-02,0.17,37.3,64.6,0,nasa_power_daily
ap_gnr_tenali,2021-05-03,0.05,37.3,63.1,0,nasa_power_daily
ap_gnr_tenali,2021-05-04,0.34,37.5,62.7,0,nasa_power_daily
ap_gnr_tenali,2021-05-05,0.15,37.8,60.2,0,nasa_power_daily
ap_gnr_tenali,2021-05-06,0.67,37.2,62.6,0,nasa_power_daily
ap_gnr_tenali,2021-05-07,0.73,36.9,64.1,0,nasa_power_daily
ap_gnr_tenali,2021-05-08,0.17,37.7,61.4,0,nasa_power_daily
ap_gnr_tenali,2021-05-09,0.1,37.6,60.8,0,nasa_power_daily
ap_gnr_tenali,2021-05-10,0.13,37.8,62.3,0,nasa_power_daily
ap_gnr_tenali,2021-05-11,2.29,38.9,60.5,0,nasa_power_daily
ap_gnr_tenali,2021-05-12,5.66,37.2,66.5,0,nasa_power_daily
ap_gnr_tenali,2021-05-13,1.58,36.3,68.1,0,nasa_power_daily
ap_gnr_tenali,2021-05-14,1.98,36.4,69.2,0,nasa_power_daily
ap_gnr_tenali,2021-05-15,3.13,32.6,74.1,0,nasa_power_daily
ap_gnr_tenali,2021-05-16,10.56,32.4,78.3,0,nasa_power_daily
ap_gnr_tenali,2021-05-17,3.36,33.4,76.2,0,nasa_power_daily
ap_gnr_tenali,2021-05-18,0.63,33.2,77.2,0,nasa_power_daily
ap_gnr_tenali,2021-05-19,0.79,33.5,76.3,0,nasa_power_daily
ap_gnr_tenali,2021-05-20,3.69,35.7,69.9,0,nasa_power_daily
ap_gnr_tenali,2021-05-21,16.24,33.4,74.2,0,nasa_power_daily
ap_gnr_tenali,2021-05-22,7.37,33.2,74.1,0,nasa_power_daily
ap_gnr_tenali,2021-05-23,3.28,36.4,67.3,0,nasa_power_daily
ap_gnr_tenali,2021-05-24,5.05,35.9,67.3,0,nasa_power_daily
ap_gnr_tenali,2021-05-25,1.41,37.7,57.4,0,nasa_power_daily
ap_gnr_tenali,2021-05-26,0.04,38.8,59.0,0,nasa_power_daily
ap_gnr_tenali,2021-05-27,0.14,39.1,52.8,0,nasa_power_daily
ap_gnr_tenali,2021-05-28,0.2,39.0,54.5,0,nasa_power_daily
ap_gnr_tenali,2021-05-29,0.05,37.6,62.1,0,nasa_power_daily
ap_gnr_tenali,2021-05-30,0.03,39.2,60.4,0,nasa_power_daily
ap_gnr_tenali,2021-05-31,0.15,38.6,58.1,0,nasa_power_daily
ap_gnr_tenali,2021-06-01,0.71,36.9,62.9,0,nasa_power_daily
ap_gnr_tenali,2021-06-02,1.69,35.5,67.4,0,nasa_power_daily
ap_gnr_tenali,2021-06-03,4.85,33.0,74.5,0,nasa_power_daily
ap_gnr_tenali,2021-06-04,2.8,33.2,75.1,0,nasa_power_daily
ap_gnr_tenali,2021-06-05,1.41,35.6,66.7,0,nasa_power_daily
ap_gnr_tenali,2021-06-06,0.93,35.0,66.4,0,nasa_power_daily
ap_gnr_tenali,2021-06-07,2.91,35.2,68.0,0,nasa_power_daily
ap_gnr_tenali,2021-06-08,0.25,36.3,63.3,0,nasa_power_daily
ap_gnr_tenali,2021-06-09,1.32,34.5,64.7,0,nasa_power_daily
ap_gnr_tenali,2021-06-10,7.66,33.1,70.5,0,nasa_power_daily
ap_gnr_tenali,2021-06-11,1.52,36.2,61.8,0,nasa_power_daily
ap_gnr_tenali,2021-06-12,7.09,37.2,59.8,0,nasa_power_daily
ap_gnr_tenali,2021-06-13,12.0,35.2,69.4,0,nasa_power_daily
ap_gnr_tenali,2021-06-14,0.44,35.8,66.3,0,nasa_power_daily
ap_gnr_tenali,2021-06-15,0.2,36.4,58.7,0,nasa_power_daily
ap_gnr_tenali,2021-06-16,0.69,36.8,53.5,0,nasa_power_daily
ap_gnr_tenali,2021-06-17,0.25,34.7,59.5,0,nasa_power_daily
ap_gnr_tenali,2021-06-18,1.15,37.2,58.6,0,nasa_power_daily
ap_gnr_tenali,2021-06-19,0.65,36.0,57.5,0,nasa_power_daily
ap_gnr_tenali,2021-06-20,0.71,36.2,57.9,0,nasa_power_daily
ap_gnr_tenali,2021-06-21,0.08,36.3,59.0,0,nasa_power_daily
ap_gnr_tenali,2021-06-22,4.64,33.5,69.8,0,nasa_power_daily
ap_gnr_tenali,2021-06-23,7.25,33.7,72.4,0,nasa_power_daily
ap_gnr_tenali,2021-06-24,6.2,32.1,71.5,0,nasa_power_daily
ap_gnr_tenali,2021-06-25,0.36,36.7,60.2,0,nasa_power_daily
ap_gnr_tenali,2021-06-26,23.0,32.5,68.9,0,nasa_power_daily
ap_gnr_tenali,2021-06-27,13.68,32.4,75.8,0,nasa_power_daily
ap_gnr_tenali,2021-06-28,1.07,34.5,72.3,0,nasa_power_daily
ap_gnr_tenali,2021-06-29,1.98,34.7,70.9,0,nasa_power_daily
ap_gnr_tenali,2021-06-30,8.34,35.1,72.6,0,nasa_power_daily
ap_gnr_tenali,2021-07-01,16.67,32.3,82.8,0,nasa_power_daily
ap_gnr_tenali,2021-07-02,14.84,30.2,82.9,0,nasa_power_daily
ap_gnr_tenali,2021-07-03,2.15,33.3,76.7,0,nasa_power_daily
ap_gnr_tenali,2021-07-04,3.85,34.3,74.7,0,nasa_power_daily
ap_gnr_tenali,2021-07-05,6.75,32.9,78.3,0,nasa_power_daily
ap_gnr_tenali,2021-07-06,5.59,32.1,79.8,0,nasa_power_daily
ap_gnr_tenali,2021-07-07,5.68,31.6,83.1,0,nasa_power_daily
ap_gnr_tenali,2021-07-08,8.58,30.7,82.2,0,nasa_power_daily
ap_gnr_tenali,2021-07-09,14.04,32.5,78.8,0,nasa_power_daily
ap_gnr_tenali,2021-07-10,8.81,31.0,81.3,0,nasa_power_daily
ap_gnr_tenali,2021-07-11,7.89,30.8,80.4,0,nasa_power_daily
ap_gnr_tenali,2021-07-12,7.05,29.7,84.7,0,nasa_power_daily
ap_gnr_tenali,2021-07-13,12.39,30.0,80.6,0,nasa_power_daily
ap_gnr_tenali,2021-07-14,8.63,32.4,76.4,0,nasa_power_daily
ap_gnr_tenali,2021-07-15,11.28,32.2,80.2,0,nasa_power_daily
ap_gnr_tenali,2021-07-16,22.56,30.9,81.9,0,nasa_power_daily
ap_gnr_tenali,2021-07-17,19.2,31.4,83.3,0,nasa_power_daily
ap_gnr_tenali,2021-07-18,16.87,30.4,87.2,0,nasa_power_daily
ap_gnr_tenali,2021-07-19,1.74,33.1,78.5,0,nasa_power_daily
ap_gnr_tenali,2021-07-20,2.48,33.3,77.4,0,nasa_power_daily
ap_gnr_tenali,2021-07-21,8.18,30.5,80.1,0,nasa_power_daily
ap_gnr_tenali,2021-07-22,50.83,28.3,86.5,0,nasa_power_daily
ap_gnr_tenali,2021-07-23,13.72,31.5,83.1,0,nasa_power_daily
ap_gnr_tenali,2021-07-24,0.35,33.7,77.6,0,nasa_power_daily
ap_gnr_tenali,2021-07-25,3.11,33.7,78.7,0,nasa_power_daily
ap_gnr_tenali,2021-07-26,2.56,32.4,80.5,0,nasa_power_daily
ap_gnr_tenali,2021-07-27,0.53,32.1,78.9,0,nasa_power_daily
ap_gnr_tenali,2021-07-28,0.19,34.0,74.3,0,nasa_power_daily
ap_gnr_tenali,2021-07-29,0.12,33.1,74.1,0,nasa_power_daily
ap_gnr_tenali,2021-07-30,0.41,32.6,76.6,0,nasa_power_daily
ap_gnr_tenali,2021-07-31,0.22,33.0,74.8,0,nasa_power_daily
ap_gnr_tenali,2021-08-01,0.12,32.9,77.0,0,nasa_power_daily
ap_gnr_tenali,2021-08-02,0.01,33.4,74.0,0,nasa_power_daily
ap_gnr_tenali,2021-08-03,0.02,33.5,73.7,0,nasa_power_daily
ap_gnr_tenali,2021-08-04,0.31,33.5,75.1,0,nasa_power_daily
ap_gnr_tenali,2021-08-05,0.41,33.1,75.5,0,nasa_power_daily
ap_gnr_tenali,2021-08-06,0.16,34.6,72.5,0,nasa_power_daily
ap_gnr_tenali,2021-08-07,2.19,34.1,75.3,0,nasa_power_daily
ap_gnr_tenali,2021-08-08,0.81,33.2,78.5,0,nasa_power_daily
ap_gnr_tenali,2021-08-09,2.92,33.3,78.7,0,nasa_power_daily
ap_gnr_tenali,2021-08-10,2.33,33.6,78.5,0,nasa_power_daily
ap_gnr_tenali,2021-08-11,12.26,32.0,83.2,0,nasa_power_daily
ap_gnr_tenali,2021-08-12,18.85,31.0,84.6,0,nasa_power_daily
ap_gnr_tenali,2021-08-13,16.11,31.2,85.0,0,nasa_power_daily
ap_gnr_tenali,2021-08-14,9.49,31.1,85.9,0,nasa_power_daily
ap_gnr_tenali,2021-08-15,11.94,29.5,87.2,0,nasa_power_daily
ap_gnr_tenali,2021-08-16,13.76,31.1,84.3,0,nasa_power_daily
ap_gnr_tenali,2021-08-17,4.22,31.9,79.2,0,nasa_power_daily
ap_gnr_tenali,2021-08-18,5.74,33.5,75.3,0,nasa_power_daily
ap_gnr_tenali,2021-08-19,1.66,32.2,78.9,0,nasa_power_daily
ap_gnr_tenali,2021-08-20,11.02,29.1,85.3,0,nasa_power_daily
ap_gnr_tenali,2021-08-21,6.64,29.6,83.5,0,nasa_power_daily
ap_gnr_tenali,2021-08-22,2.93,31.3,81.2,0,nasa_power_daily
ap_gnr_tenali,2021-08-23,0.81,31.4,81.8,0,nasa_power_daily
ap_gnr_tenali,2021-08-24,0.21,32.4,80.3,0,nasa_power_daily
ap_gnr_tenali,2021-08-25,6.67,32.6,81.6,0,nasa_power_daily
ap_gnr_tenali,2021-08-26,9.01,29.2,88.7,0,nasa_power_daily
ap_gnr_tenali,2021-08-27,2.72,30.8,84.6,0,nasa_power_daily
ap_gnr_tenali,2021-08-28,6.04,31.4,82.4,0,nasa_power_daily
ap_gnr_tenali,2021-08-29,14.08,31.3,83.1,0,nasa_power_daily
ap_gnr_tenali,2021-08-30,8.81,31.7,80.9,0,nasa_power_daily
ap_gnr_tenali,2021-08-31,7.12,28.9,82.7,0,nasa_power_daily
ap_gnr_tenali,2021-09-01,9.42,30.7,79.8,0,nasa_power_daily
ap_gnr_tenali,2021-09-02,7.88,31.5,80.5,0,nasa_power_daily
ap_gnr_tenali,2021-09-03,9.98,30.6,84.5,0,nasa_power_daily
ap_gnr_tenali,2021-09-04,8.12,30.1,86.3,0,nasa_power_daily
ap_gnr_tenali,2021-09-05,8.76,29.4,87.8,0,nasa_power_daily
ap_gnr_tenali,2021-09-06,11.76,28.3,89.6,0,nasa_power_daily
ap_gnr_tenali,2021-09-07,0.53,31.7,81.5,0,nasa_power_daily
ap_gnr_tenali,2021-09-08,0.58,32.9,78.6,0,nasa_power_daily
ap_gnr_tenali,2021-09-09,0.39,31.4,81.1,0,nasa_power_daily
ap_gnr_tenali,2021-09-10,0.72,30.5,82.7,0,nasa_power_daily
ap_gnr_tenali,2021-09-11,0.54,30.3,84.3,0,nasa_power_daily
ap_gnr_tenali,2021-09-12,2.07,31.4,83.1,0,nasa_power_daily
ap_gnr_tenali,2021-09-13,1.49,32.7,82.1,0,nasa_power_daily
ap_gnr_tenali,2021-09-14,1.53,33.4,80.1,0,nasa_power_daily
ap_gnr_tenali,2021-09-15,0.48,32.5,79.1,0,nasa_power_daily
ap_gnr_tenali,2021-09-16,0.23,31.6,79.2,0,nasa_power_daily
ap_gnr_tenali,2021-09-17,0.76,31.3,81.8,0,nasa_power_daily
ap_gnr_tenali,2021-09-18,4.44,31.5,79.7,0,nasa_power_daily
ap_gnr_tenali,2021-09-19,9.44,32.2,78.9,0,nasa_power_daily
ap_gnr_tenali,2021-09-20,14.29,29.3,83.7,0,nasa_power_daily
ap_gnr_tenali,2021-09-21,4.35,30.9,84.6,0,nasa_power_daily
ap_gnr_tenali,2021-09-22,5.72,30.4,86.4,0,nasa_power_daily
ap_gnr_tenali,2021-09-23,3.33,29.3,88.2,0,nasa_power_daily
ap_gnr_tenali,2021-09-24,6.26,30.4,84.7,0,nasa_power_daily
ap_gnr_tenali,2021-09-25,8.74,30.7,84.0,0,nasa_power_daily
ap_gnr_tenali,2021-09-26,38.38,29.2,89.7,0,nasa_power_daily
ap_gnr_tenali,2021-09-27,28.3,30.3,86.0,0,nasa_power_daily
ap_gnr_tenali,2021-09-28,1.42,31.2,80.6,0,nasa_power_daily
ap_gnr_tenali,2021-09-29,3.82,30.1,76.1,0,nasa_power_daily
ap_gnr_tenali,2021-09-30,6.69,30.6,78.3,0,nasa_power_daily
ap_gnr_tenali,2021-10-01,8.87,30.1,84.4,0,nasa_power_daily
ap_gnr_tenali,2021-10-02,2.8,30.2,86.1,0,nasa_power_daily
ap_gnr_tenali,2021-10-03,1.47,31.2,84.4,0,nasa_power_daily
ap_gnr_tenali,2021-10-04,0.75,30.8,85.3,0,nasa_power_daily
ap_gnr_tenali,2021-10-05,5.99,30.9,86.2,0,nasa_power_daily
ap_gnr_tenali,2021-10-06,9.76,29.9,88.4,0,nasa_power_daily
ap_gnr_tenali,2021-10-07,3.53,30.3,86.8,0,nasa_power_daily
ap_gnr_tenali,2021-10-08,0.92,31.4,81.9,0,nasa_power_daily
ap_gnr_tenali,2021-10-09,2.0,30.4,86.7,0,nasa_power_daily
ap_gnr_tenali,2021-10-10,0.47,29.7,89.6,0,nasa_power_daily
ap_gnr_tenali,2021-10-11,0.74,30.1,85.4,0,nasa_power_daily
ap_gnr_tenali,2021-10-12,5.97,30.5,85.0,0,nasa_power_daily
ap_gnr_tenali,2021-10-13,1.17,30.9,82.7,0,nasa_power_daily
ap_gnr_tenali,2021-10-14,2.32,30.8,84.5,0,nasa_power_daily
ap_gnr_tenali,2021-10-15,13.26,29.6,85.0,0,nasa_power_daily
ap_gnr_tenali,2021-10-16,6.1,30.4,83.1,0,nasa_power_daily
ap_gnr_tenali,2021-10-17,11.34,29.9,87.7,0,nasa_power_daily
ap_gnr_tenali,2021-10-18,1.09,31.2,81.7,0,nasa_power_daily
ap_gnr_tenali,2021-10-19,0.3,30.2,86.0,0,nasa_power_daily
ap_gnr_tenali,2021-10-20,0.54,29.6,80.8,0,nasa_power_daily
ap_gnr_tenali,2021-10-21,0.63,30.5,79.3,0,nasa_power_daily
ap_gnr_tenali,2021-10-22,0.16,31.0,79.7,0,nasa_power_daily
ap_gnr_tenali,2021-10-23,2.02,30.3,74.7,0,nasa_power_daily
ap_gnr_tenali,2021-10-24,8.7,28.6,86.1,0,nasa_power_daily
ap_gnr_tenali,2021-10-25,0.22,29.6,81.2,0,nasa_power_daily
ap_gnr_tenali,2021-10-26,0.8,29.8,82.1,0,nasa_power_daily
ap_gnr_tenali,2021-10-27,0.21,29.9,80.1,0,nasa_power_daily
ap_gnr_tenali,2021-10-28,2.93,28.7,87.7,0,nasa_power_daily
ap_gnr_tenali,2021-10-29,20.14,29.4,89.7,0,nasa_power_daily
ap_gnr_tenali,2021-10-30,2.76,29.9,87.9,0,nasa_power_daily
ap_gnr_tenali,2021-10-31,1.62,29.5,86.9,0,nasa_power_daily
ap_gnr_tenali,2021-11-01,12.97,29.0,88.9,0,nasa_power_daily
ap_gnr_tenali,2021-11-02,9.18,28.6,87.4,0,nasa_power_daily
ap_gnr_tenali,2021-11-03,5.94,28.7,89.0,0,nasa_power_daily
ap_gnr_tenali,2021-11-04,1.7,27.9,90.5,0,nasa_power_daily
ap_gnr_tenali,2021-11-05,2.14,28.3,90.2,0,nasa_power_daily
ap_gnr_tenali,2021-11-06,1.79,27.0,89.7,0,nasa_power_daily
ap_gnr_tenali,2021-11-07,0.69,26.7,89.2,0,nasa_power_daily
ap_gnr_tenali,2021-11-08,0.01,28.0,81.7,0,nasa_power_daily
ap_gnr_tenali,2021-11-09,0.06,28.1,79.8,0,nasa_power_daily
ap_gnr_tenali,2021-11-10,0.62,27.0,85.4,0,nasa_power_daily
ap_gnr_tenali,2021-11-11,19.41,27.2,91.7,0,nasa_power_daily
ap_gnr_tenali,2021-11-12,11.58,28.8,90.7,0,nasa_power_daily
ap_gnr_tenali,2021-11-13,7.82,28.6,89.8,0,nasa_power_daily
ap_gnr_tenali,2021-11-14,4.66,29.0,90.1,0,nasa_power_daily
ap_gnr_tenali,2021-11-15,9.75,29.3,90.3,0,nasa_power_daily
ap_gnr_tenali,2021-11-16,6.28,28.8,91.3,0,nasa_power_daily
ap_gnr_tenali,2021-11-17,4.91,28.6,90.7,0,nasa_power_daily
ap_gnr_tenali,2021-11-18,14.14,27.2,93.6,0,nasa_power_daily
ap_gnr_tenali,2021-11-19,24.94,28.2,93.5,0,nasa_power_daily
ap_gnr_tenali,2021-11-20,8.13,29.3,88.6,0,nasa_power_daily
ap_gnr_tenali,2021-11-21,17.32,29.1,89.8,0,nasa_power_daily
ap_gnr_tenali,2021-11-22,7.84,29.1,89.7,0,nasa_power_daily
ap_gnr_tenali,2021-11-23,1.61,29.7,86.7,0,nasa_power_daily
ap_gnr_tenali,2021-11-24,3.23,28.5,88.7,0,nasa_power_daily
ap_gnr_tenali,2021-11-25,0.05,29.3,87.1,0,nasa_power_daily
ap_gnr_tenali,2021-11-26,0.02,29.3,87.1,0,nasa_power_daily
ap_gnr_tenali,2021-11-27,0.24,28.2,84.8,0,nasa_power_daily
ap_gnr_tenali,2021-11-28,16.8,27.1,90.7,0,nasa_power_daily
ap_gnr_tenali,2021-11-29,2.32,25.8,90.1,0,nasa_power_daily
ap_gnr_tenali,2021-11-30,0.03,27.0,84.3,0,nasa_power_daily
ap_gnr_tenali,2021-12-01,0.0,27.4,82.8,0,nasa_power_daily
ap_gnr_tenali,2021-12-02,0.0,27.1,84.2,0,nasa_power_daily
ap_gnr_tenali,2021-12-03,0.02,26.9,87.0,0,nasa_power_daily
ap_gnr_tenali,2021-12-04,0.0,29.0,82.2,0,nasa_power_daily
ap_gnr_tenali,2021-12-05,0.0,28.6,84.5,0,nasa_power_daily
ap_gnr_tenali,2021-12-06,0.0,29.2,82.9,0,nasa_power_daily
ap_gnr_tenali,2021-12-07,0.03,29.1,85.8,0,nasa_power_daily
ap_gnr_tenali,2021-12-08,0.04,28.9,87.5,0,nasa_power_daily
ap_gnr_tenali,2021-12-09,0.12,26.9,87.8,0,nasa_power_daily
ap_gnr_tenali,2021-12-10,0.03,28.6,86.1,0,nasa_power_daily
ap_gnr_tenali,2021-12-11,0.02,28.3,85.9,0,nasa_power_daily
ap_gnr_tenali,2021-12-12,0.05,28.2,86.9,0,nasa_power_daily
ap_gnr_tenali,2021-12-13,0.12,28.1,86.4,0,nasa_power_daily
ap_gnr_tenali,2021-12-14,0.02,27.1,85.6,0,nasa_power_daily
ap_gnr_tenali,2021-12-15,0.0,25.1,84.7,0,nasa_power_daily
ap_gnr_tenali,2021-12-16,0.0,26.7,82.3,0,nasa_power_daily
ap_gnr_tenali,2021-12-17,0.0,26.2,81.7,0,nasa_power_daily
ap_gnr_tenali,2021-12-18,0.0,26.2,78.5,0,nasa_power_daily
ap_gnr_tenali,2021-12-19,0.0,25.9,77.5,0,nasa_power_daily
ap_gnr_tenali,2021-12-20,0.0,26.2,77.1,0,nasa_power_daily
ap_gnr_tenali,2021-12-21,0.0,25.7,67.8,0,nasa_power_daily
ap_gnr_tenali,2021-12-22,0.0,26.1,57.2,0,nasa_power_daily
ap_gnr_tenali,2021-12-23,0.0,26.2,61.4,0,nasa_power_daily
ap_gnr_tenali,2021-12-24,0.0,26.9,72.8,0,nasa_power_daily
ap_gnr_tenali,2021-12-25,0.0,27.5,77.3,0,nasa_power_daily
ap_gnr_tenali,2021-12-26,0.0,28.0,76.7,0,nasa_power_daily
ap_gnr_tenali,2021-12-27,0.0,27.7,79.4,0,nasa_power_daily
ap_gnr_tenali,2021-12-28,0.0,27.6,82.8,0,nasa_power_daily
ap_gnr_tenali,2021-12-29,0.0,27.4,80.4,0,nasa_power_daily
ap_gnr_tenali,2021-12-30,0.01,27.7,81.2,0,nasa_power_daily
ap_gnr_tenali,2021-12-31,0.09,27.5,82.2,0,nasa_power_daily
ap_gnr_tenali,2022-01-01,0.01,27.7,83.8,0,nasa_power_daily
ap_gnr_tenali,2022-01-02,0.0,27.2,85.0,0,nasa_power_daily
ap_gnr_tenali,2022-01-03,0.0,27.6,81.2,0,nasa_power_daily
ap_gnr_tenali,2022-01-04,0.0,27.0,80.4,0,nasa_power_daily
ap_gnr_tenali,2022-01-05,0.0,27.5,76.3,0,nasa_power_daily
ap_gnr_tenali,2022-01-06,0.0,27.6,80.0,0,nasa_power_daily
ap_gnr_tenali,2022-01-07,0.0,28.0,78.4,0,nasa_power_daily
ap_gnr_tenali,2022-01-08,0.0,28.0,77.6,0,nasa_power_daily
ap_gnr_tenali,2022-01-09,0.0,28.2,78.7,0,nasa_power_daily
ap_gnr_tenali,2022-01-10,0.01,28.8,80.7,0,nasa_power_daily
ap_gnr_tenali,2022-01-11,0.19,28.9,79.5,0,nasa_power_daily
ap_gnr_tenali,2022-01-12,4.9,28.6,78.3,0,nasa_power_daily
ap_gnr_tenali,2022-01-13,19.8,28.3,83.0,0,nasa_power_daily
ap_gnr_tenali,2022-01-14,6.45,28.4,83.8,0,nasa_power_daily
ap_gnr_tenali,2022-01-15,2.08,28.3,80.8,0,nasa_power_daily
ap_gnr_tenali,2022-01-16,1.18,27.9,82.6,0,nasa_power_daily
ap_gnr_tenali,2022-01-17,0.09,27.7,80.8,0,nasa_power_daily
ap_gnr_tenali,2022-01-18,0.04,27.8,77.8,0,nasa_power_daily
ap_gnr_tenali,2022-01-19,0.0,28.3,66.8,0,nasa_power_daily
ap_gnr_tenali,2022-01-20,0.0,28.4,66.0,0,nasa_power_daily
ap_gnr_tenali,2022-01-21,0.0,29.7,78.0,0,nasa_power_daily
ap_gnr_tenali,2022-01-22,0.01,30.0,80.3,0,nasa_power_daily
ap_gnr_tenali,2022-01-23,0.7,30.0,78.1,0,nasa_power_daily
ap_gnr_tenali,2022-01-24,0.06,30.5,72.3,0,nasa_power_daily
ap_gnr_tenali,2022-01-25,0.36,29.0,69.6,0,nasa_power_daily
ap_gnr_tenali,2022-01-26,0.01,29.2,70.9,0,nasa_power_daily
ap_gnr_tenali,2022-01-27,0.05,27.4,72.6,0,nasa_power_daily
ap_gnr_tenali,2022-01-28,0.0,29.1,67.5,0,nasa_power_daily
ap_gnr_tenali,2022-01-29,0.0,29.3,69.1,0,nasa_power_daily
ap_gnr_tenali,2022-01-30,0.0,30.0,59.4,0,nasa_power_daily
ap_gnr_tenali,2022-01-31,0.0,30.2,68.1,0,nasa_power_daily
ap_gnr_tenali,2022-02-01,0.0,30.4,73.6,0,nasa_power_daily
ap_gnr_tenali,2022-02-02,0.0,31.2,70.0,0,nasa_power_daily
ap_gnr_tenali,2022-02-03,0.0,29.8,72.6,0,nasa_power_daily
ap_gnr_tenali,2022-02-04,0.0,31.5,71.4,0,nasa_power_daily
ap_gnr_tenali,2022-02-05,0.0,30.9,67.3,0,nasa_power_daily
ap_gnr_tenali,2022-02-06,0.0,29.9,76.3,0,nasa_power_daily
ap_gnr_tenali,2022-02-07,0.0,30.6,70.6,0,nasa_power_daily
ap_gnr_tenali,2022-02-08,0.0,30.2,71.1,0,nasa_power_daily
ap_gnr_tenali,2022-02-09,0.0,30.1,72.3,0,nasa_power_daily
ap_gnr_tenali,2022-02-10,0.0,30.6,66.4,0,nasa_power_daily
ap_gnr_tenali,2022-02-11,0.01,31.6,69.3,0,nasa_power_daily
ap_gnr_tenali,2022-02-12,0.04,31.6,71.7,0,nasa_power_daily
ap_gnr_tenali,2022-02-13,0.03,30.8,73.5,0,nasa_power_daily
ap_gnr_tenali,2022-02-14,0.02,31.0,68.9,0,nasa_power_daily
ap_gnr_tenali,2022-02-15,0.0,30.6,65.8,0,nasa_power_daily
ap_gnr_tenali,2022-02-16,0.0,31.3,64.9,0,nasa_power_daily
ap_gnr_tenali,2022-02-17,0.0,32.1,63.4,0,nasa_power_daily
ap_gnr_tenali,2022-02-18,0.0,31.5,67.4,0,nasa_power_daily
ap_gnr_tenali,2022-02-19,0.0,32.5,65.0,0,nasa_power_daily
ap_gnr_tenali,2022-02-20,0.0,33.4,63.5,0,nasa_power_daily
ap_gnr_tenali,2022-02-21,0.0,34.3,68.0,0,nasa_power_daily
ap_gnr_tenali,2022-02-22,0.0,34.0,69.5,0,nasa_power_daily
ap_gnr_tenali,2022-02-23,0.0,32.2,72.6,0,nasa_power_daily
ap_gnr_tenali,2022-02-24,0.0,32.5,68.8,0,nasa_power_daily
ap_gnr_tenali,2022-02-25,0.0,33.0,65.2,0,nasa_power_daily
ap_gnr_tenali,2022-02-26,0.0,31.9,67.5,0,nasa_power_daily
ap_gnr_tenali,2022-02-27,0.0,32.9,63.0,0,nasa_power_daily
ap_gnr_tenali,2022-02-28,0.0,33.7,60.1,0,nasa_power_daily
ap_gnr_tenali,2022-03-01,0.0,35.0,56.4,0,nasa_power_daily
ap_gnr_tenali,2022-03-02,0.0,35.0,56.8,0,nasa_power_daily
ap_gnr_tenali,2022-03-03,0.0,33.8,64.5,0,nasa_power_daily
ap_gnr_tenali,2022-03-04,0.0,34.8,60.3,0,nasa_power_daily
ap_gnr_tenali,2022-03-05,0.0,35.0,60.9,0,nasa_power_daily
ap_gnr_tenali,2022-03-06,0.0,34.2,61.9,0,nasa_power_daily
ap_gnr_tenali,2022-03-07,0.0,34.9,61.0,0,nasa_power_daily
ap_gnr_tenali,2022-03-08,0.0,35.7,58.8,0,nasa_power_daily
ap_gnr_tenali,2022-03-09,0.0,36.5,54.5,0,nasa_power_daily
ap_gnr_tenali,2022-03-10,0.0,36.1,56.9,0,nasa_power_daily
ap_gnr_tenali,2022-03-11,0.0,36.7,52.6,0,nasa_power_daily
ap_gnr_tenali,2022-03-12,0.0,37.2,52.9,0,nasa_power_daily
ap_gnr_tenali,2022-03-13,0.0,36.4,47.3,0,nasa_power_daily
ap_gnr_tenali,2022-03-14,0.0,37.5,50.5,0,nasa_power_daily
ap_gnr_tenali,2022-03-15,0.0,38.0,51.2,0,nasa_power_daily
ap_gnr_tenali,2022-03-16,0.0,39.1,50.9,0,nasa_power_daily
ap_gnr_tenali,2022-03-17,0.0,38.5,58.3,0,nasa_power_daily
ap_gnr_tenali,2022-03-18,0.01,36.8,63.1,0,nasa_power_daily
ap_gnr_tenali,2022-03-19,0.06,36.5,62.6,0,nasa_power_daily
ap_gnr_tenali,2022-03-20,0.12,38.5,60.8,0,nasa_power_daily
ap_gnr_tenali,2022-03-21,0.27,39.3,59.8,0,nasa_power_daily
ap_gnr_tenali,2022-03-22,0.09,38.7,60.3,0,nasa_power_daily
ap_gnr_tenali,2022-03-23,0.0,37.3,65.4,0,nasa_power_daily
ap_gnr_tenali,2022-03-24,0.0,36.2,67.3,0,nasa_power_daily
ap_gnr_tenali,2022-03-25,0.0,36.2,68.2,0,nasa_power_daily
ap_gnr_tenali,2022-03-26,0.0,36.4,67.5,0,nasa_power_daily
ap_gnr_tenali,2022-03-27,0.0,37.2,67.2,0,nasa_power_daily
ap_gnr_tenali,2022-03-28,0.0,37.8,68.0,0,nasa_power_daily
ap_gnr_tenali,2022-03-29,0.0,37.5,68.4,0,nasa_power_daily
ap_gnr_tenali,2022-03-30,0.0,37.9,68.0,0,nasa_power_daily
ap_gnr_tenali,2022-03-31,0.0,36.5,72.3,0,nasa_power_daily
ap_gnr_tenali,2022-04-01,0.0,36.0,72.3,0,nasa_power_daily
ap_gnr_tenali,2022-04-02,0.0,36.0,68.4,0,nasa_power_daily
ap_gnr_tenali,2022-04-03,0.0,36.6,66.2,0,nasa_power_daily
ap_gnr_tenali,2022-04-04,0.0,36.2,65.9,0,nasa_power_daily
ap_gnr_tenali,2022-04-05,0.01,37.2,60.7,0,nasa_power_daily
ap_gnr_tenali,2022-04-06,0.0,37.0,64.2,0,nasa_power_daily
ap_gnr_tenali,2022-04-07,0.0,37.1,65.1,0,nasa_power_daily
ap_gnr_tenali,2022-04-08,0.0,34.3,71.1,0,nasa_power_daily
ap_gnr_tenali,2022-04-09,0.0,35.2,71.8,0,nasa_power_daily
ap_gnr_tenali,2022-04-10,0.0,36.2,68.0,0,nasa_power_daily
ap_gnr_tenali,2022-04-11,0.0,34.9,69.3,0,nasa_power_daily
ap_gnr_tenali,2022-04-12,0.0,34.9,70.8,0,nasa_power_daily
ap_gnr_tenali,2022-04-13,0.0,35.7,71.6,0,nasa_power_daily
ap_gnr_tenali,2022-04-14,0.0,37.3,68.9,0,nasa_power_daily
ap_gnr_tenali,2022-04-15,0.0,38.1,66.3,0,nasa_power_daily
ap_gnr_tenali,2022-04-16,0.07,37.6,67.1,0,nasa_power_daily
ap_gnr_tenali,2022-04-17,0.06,38.7,63.5,0,nasa_power_daily
ap_gnr_tenali,2022-04-18,0.12,39.0,59.1,0,nasa_power_daily
ap_gnr_tenali,2022-04-19,0.13,38.8,62.0,0,nasa_power_daily
ap_gnr_tenali,2022-04-20,0.05,38.5,62.1,0,nasa_power_daily
ap_gnr_tenali,2022-04-21,0.02,35.3,71.1,0,nasa_power_daily
ap_gnr_tenali,2022-04-22,0.0,37.9,64.6,0,nasa_power_daily
ap_gnr_tenali,2022-04-23,0.0,37.4,64.7,0,nasa_power_daily
ap_gnr_tenali,2022-04-24,0.0,40.4,55.6,0,nasa_power_daily
ap_gnr_tenali,2022-04-25,0.0,39.0,58.0,0,nasa_power_daily
ap_gnr_tenali,2022-04-26,0.01,38.3,61.2,0,nasa_power_daily
ap_gnr_tenali,2022-04-27,0.0,37.6,62.9,0,nasa_power_daily
ap_gnr_tenali,2022-04-28,0.0,39.0,61.5,0,nasa_power_daily
ap_gnr_tenali,2022-04-29,0.0,41.2,59.5,0,nasa_power_daily
ap_gnr_tenali,2022-04-30,0.0,40.5,58.8,0,nasa_power_daily
ap_gnr_tenali,2022-05-01,0.04,39.6,64.4,0,nasa_power_daily
ap_gnr_tenali,2022-05-02,0.13,37.6,65.7,0,nasa_power_daily
ap_gnr_tenali,2022-05-03,0.75,36.1,68.4,0,nasa_power_daily
ap_gnr_tenali,2022-05-04,4.07,34.2,69.8,0,nasa_power_daily
ap_gnr_tenali,2022-05-05,0.96,34.6,66.0,0,nasa_power_daily
ap_gnr_tenali,2022-05-06,5.17,34.9,66.8,0,nasa_power_daily
ap_gnr_tenali,2022-05-07,0.97,38.6,61.5,0,nasa_power_daily
ap_gnr_tenali,2022-05-08,0.9,38.9,59.6,0,nasa_power_daily
ap_gnr_tenali,2022-05-09,1.21,36.1,60.2,0,nasa_power_daily
ap_gnr_tenali,2022-05-10,25.96,37.5,65.1,0,nasa_power_daily
ap_gnr_tenali,2022-05-11,27.89,33.3,81.2,0,nasa_power_daily
ap_gnr_tenali,2022-05-12,13.14,31.1,86.4,0,nasa_power_daily
ap_gnr_tenali,2022-05-13,0.37,31.6,83.5,0,nasa_power_daily
ap_gnr_tenali,2022-05-14,0.18,34.7,76.5,0,nasa_power_daily
ap_gnr_tenali,2022-05-15,0.45,33.3,79.5,0,nasa_power_daily
ap_gnr_tenali,2022-05-16,0.28,32.6,80.2,0,nasa_power_daily
ap_gnr_tenali,2022-05-17,0.33,34.3,75.7,0,nasa_power_daily
ap_gnr_tenali,2022-05-18,1.99,33.7,77.4,0,nasa_power_daily
ap_gnr_tenali,2022-05-19,1.36,32.1,79.8,0,nasa_power_daily
ap_gnr_tenali,2022-05-20,0.1,33.2,73.4,0,nasa_power_daily
ap_gnr_tenali,2022-05-21,0.56,37.6,62.8,0,nasa_power_daily
ap_gnr_tenali,2022-05-22,0.04,40.3,51.7,0,nasa_power_daily
ap_gnr_tenali,2022-05-23,0.03,40.3,52.3,0,nasa_power_daily
ap_gnr_tenali,2022-05-24,1.56,40.6,54.8,0,nasa_power_daily
ap_gnr_tenali,2022-05-25,5.31,35.6,69.2,0,nasa_power_daily
ap_gnr_tenali,2022-05-26,3.18,36.1,68.3,0,nasa_power_daily
ap_gnr_tenali,2022-05-27,0.44,35.4,62.8,0,nasa_power_daily
ap_gnr_tenali,2022-05-28,0.55,40.6,51.2,0,nasa_power_daily
ap_gnr_tenali,2022-05-29,0.91,41.2,52.8,0,nasa_power_daily
ap_gnr_tenali,2022-05-30,0.54,40.2,55.9,0,nasa_power_daily
ap_gnr_tenali,2022-05-31,0.15,38.6,61.1,0,nasa_power_daily
ap_gnr_tenali,2022-06-01,0.04,32.0,71.1,0,nasa_power_daily
ap_gnr_tenali,2022-06-02,0.38,33.9,66.0,0,nasa_power_daily
ap_gnr_tenali,2022-06-03,0.05,38.9,56.6,0,nasa_power_daily
ap_gnr_tenali,2022-06-04,0.04,38.1,59.6,0,nasa_power_daily
ap_gnr_tenali,2022-06-05,6.82,35.5,65.3,0,nasa_power_daily
ap_gnr_tenali,2022-06-06,3.19,34.1,71.5,0,nasa_power_daily
ap_gnr_tenali,2022-06-07,1.93,35.9,65.3,0,nasa_power_daily
ap_gnr_tenali,2022-06-08,0.49,38.2,58.4,0,nasa_power_daily
ap_gnr_tenali,2022-06-09,1.35,30.9,73.9,0,nasa_power_daily
ap_gnr_tenali,2022-06-10,1.13,34.5,72.5,0,nasa_power_daily
ap_gnr_tenali,2022-06-11,0.55,34.6,68.0,0,nasa_power_daily
ap_gnr_tenali,2022-06-12,0.98,35.5,65.0,0,nasa_power_daily
ap_gnr_tenali,2022-06-13,1.34,36.9,60.1,0,nasa_power_daily
ap_gnr_tenali,2022-06-14,3.35,34.9,66.0,0,nasa_power_daily
ap_gnr_tenali,2022-06-15,3.48,33.2,73.5,0,nasa_power_daily
ap_gnr_tenali,2022-06-16,2.6,35.4,68.2,0,nasa_power_daily
ap_gnr_tenali,2022-06-17,3.75,33.9,73.0,0,nasa_power_daily
ap_gnr_tenali,2022-06-18,0.58,33.1,72.1,0,nasa_power_daily
ap_gnr_tenali,2022-06-19,3.87,33.9,71.5,0,nasa_power_daily
ap_gnr_tenali,2022-06-20,1.61,34.2,69.8,0,nasa_power_daily
ap_gnr_tenali,2022-06-21,5.54,32.2,71.7,0,nasa_power_daily
ap_gnr_tenali,2022-06-22,2.74,32.0,75.0,0,nasa_power_daily
ap_gnr_tenali,2022-06-23,1.54,33.2,70.0,0,nasa_power_daily
ap_gnr_tenali,2022-06-24,6.33,33.5,71.2,0,nasa_power_daily
ap_gnr_tenali,2022-06-25,8.48,33.8,70.4,0,nasa_power_daily
ap_gnr_tenali,2022-06-26,24.57,30.7,76.5,0,nasa_power_daily
ap_gnr_tenali,2022-06-27,9.0,32.5,73.5,0,nasa_power_daily
ap_gnr_tenali,2022-06-28,10.43,34.6,70.9,0,nasa_power_daily
ap_gnr_tenali,2022-06-29,5.03,34.7,71.2,0,nasa_power_daily
ap_gnr_tenali,2022-06-30,11.32,34.6,72.3,0,nasa_power_daily
ap_gnr_tenali,2022-07-01,2.71,34.0,71.2,0,nasa_power_daily
ap_gnr_tenali,2022-07-02,8.91,32.3,76.3,0,nasa_power_daily
ap_gnr_tenali,2022-07-03,24.31,29.9,84.2,0,nasa_power_daily
ap_gnr_tenali,2022-07-04,5.88,31.9,78.3,0,nasa_power_daily
ap_gnr_tenali,2022-07-05,9.24,31.9,78.0,0,nasa_power_daily
ap_gnr_tenali,2022-07-06,12.34,31.4,81.7,0,nasa_power_daily
ap_gnr_tenali,2022-07-07,2.97,32.6,77.4,0,nasa_power_daily
ap_gnr_tenali,2022-07-08,8.79,30.8,81.6,0,nasa_power_daily
ap_gnr_tenali,2022-07-09,13.96,31.0,81.8,0,nasa_power_daily
ap_gnr_tenali,2022-07-10,8.89,32.3,77.1,0,nasa_power_daily
ap_gnr_tenali,2022-07-11,8.28,31.4,77.0,0,nasa_power_daily
ap_gnr_tenali,2022-07-12,6.48,32.4,77.2,0,nasa_power_daily
ap_gnr_tenali,2022-07-13,2.72,30.0,77.7,0,nasa_power_daily
ap_gnr_tenali,2022-07-14,3.53,32.3,73.7,0,nasa_power_daily
ap_gnr_tenali,2022-07-15,0.3,34.4,71.0,0,nasa_power_daily
ap_gnr_tenali,2022-07-16,1.54,32.3,77.3,0,nasa_power_daily
ap_gnr_tenali,2022-07-17,18.95,31.1,81.3,0,nasa_power_daily
ap_gnr_tenali,2022-07-18,6.63,31.9,80.9,0,nasa_power_daily
ap_gnr_tenali,2022-07-19,0.96,33.1,76.6,0,nasa_power_daily
ap_gnr_tenali,2022-07-20,3.71,33.2,78.4,0,nasa_power_daily
ap_gnr_tenali,2022-07-21,21.26,31.0,85.2,0,nasa_power_daily
ap_gnr_tenali,2022-07-22,23.26,30.9,85.1,0,nasa_power_daily
ap_gnr_tenali,2022-07-23,18.37,31.1,83.6,0,nasa_power_daily
ap_gnr_tenali,2022-07-24,6.33,32.9,77.4,0,nasa_power_daily
ap_gnr_tenali,2022-07-25,9.47,30.8,80.6,0,nasa_power_daily
ap_gnr_tenali,2022-07-26,6.19,29.9,84.3,0,nasa_power_daily
ap_gnr_tenali,2022-07-27,1.63,30.9,85.2,0,nasa_power_daily
ap_gnr_tenali,2022-07-28,0.48,30.5,84.3,0,nasa_power_daily
ap_gnr_tenali,2022-07-29,0.31,32.5,79.0,0,nasa_power_daily
ap_gnr_tenali,2022-07-30,0.8,32.9,78.6,0,nasa_power_daily
ap_gnr_tenali,2022-07-31,1.52,31.8,81.8,0,nasa_power_daily
ap_gnr_tenali,2022-08-01,3.57,31.4,81.8,0,nasa_power_daily
ap_gnr_tenali,2022-08-02,11.49,30.9,84.5,0,nasa_power_daily
ap_gnr_tenali,2022-08-03,10.25,30.9,86.3,0,nasa_power_daily
ap_gnr_tenali,2022-08-04,3.07,29.6,86.3,0,nasa_power_daily
ap_gnr_tenali,2022-08-05,5.49,30.9,81.5,0,nasa_power_daily
ap_gnr_tenali,2022-08-06,17.18,29.9,87.5,0,nasa_power_daily
ap_gnr_tenali,2022-08-07,10.02,29.5,85.0,0,nasa_power_daily
ap_gnr_tenali,2022-08-08,11.84,31.8,81.2,0,nasa_power_daily
ap_gnr_tenali,2022-08-09,1.12,33.1,76.4,0,nasa_power_daily
ap_gnr_tenali,2022-08-10,0.02,33.8,73.7,0,nasa_power_daily
ap_gnr_tenali,2022-08-11,0.23,33.5,76.5,0,nasa_power_daily
ap_gnr_tenali,2022-08-12,1.07,32.5,78.4,0,nasa_power_daily
ap_gnr_tenali,2022-08-13,0.93,32.1,78.6,0,nasa_power_daily
ap_gnr_tenali,2022-08-14,0.93,30.2,80.2,0,nasa_power_daily
ap_gnr_tenali,2022-08-15,3.7,31.0,77.6,0,nasa_power_daily
ap_gnr_tenali,2022-08-16,6.32,32.0,80.7,0,nasa_power_daily
ap_gnr_tenali,2022-08-17,3.77,31.5,81.0,0,nasa_power_daily
ap_gnr_tenali,2022-08-18,7.05,29.3,86.6,0,nasa_power_daily
ap_gnr_tenali,2022-08-19,6.49,28.7,89.5,0,nasa_power_daily
ap_gnr_tenali,2022-08-20,1.04,32.0,82.5,0,nasa_power_daily
ap_gnr_tenali,2022-08-21,0.75,32.8,78.5,0,nasa_power_daily
ap_gnr_tenali,2022-08-22,0.11,32.9,76.8,0,nasa_power_daily
ap_gnr_tenali,2022-08-23,0.21,33.2,77.8,0,nasa_power_daily
ap_gnr_tenali,2022-08-24,1.27,30.6,83.9,0,nasa_power_daily
ap_gnr_tenali,2022-08-25,7.95,30.8,83.2,0,nasa_power_daily
ap_gnr_tenali,2022-08-26,3.15,31.0,81.8,0,nasa_power_daily
ap_gnr_tenali,2022-08-27,5.23,30.5,82.8,0,nasa_power_daily
ap_gnr_tenali,2022-08-28,9.03,29.1,88.5,0,nasa_power_daily
ap_gnr_tenali,2022-08-29,3.17,31.6,81.4,0,nasa_power_daily
ap_gnr_tenali,2022-08-30,3.51,30.1,85.7,0,nasa_power_daily
ap_gnr_tenali,2022-08-31,4.7,29.4,87.4,0,nasa_power_daily
ap_gnr_tenali,2022-09-01,3.01,30.4,85.1,0,nasa_power_daily
ap_gnr_tenali,2022-09-02,6.5,29.9,87.4,0,nasa_power_daily
ap_gnr_tenali,2022-09-03,0.84,32.2,79.2,0,nasa_power_daily
ap_gnr_tenali,2022-09-04,2.82,31.1,82.6,0,nasa_power_daily
ap_gnr_tenali,2022-09-05,5.93,31.5,83.0,0,nasa_power_daily
ap_gnr_tenali,2022-09-06,3.01,32.1,79.6,0,nasa_power_daily
ap_gnr_tenali,2022-09-07,3.2,30.9,80.9,0,nasa_power_daily
ap_gnr_tenali,2022-09-08,8.76,31.8,77.3,0,nasa_power_daily
ap_gnr_tenali,2022-09-09,5.2,31.0,83.2,0,nasa_power_daily
ap_gnr_tenali,2022-09-10,18.37,28.6,89.1,0,nasa_power_daily
ap_gnr_tenali,2022-09-11,6.21,32.1,82.0,0,nasa_power_daily
ap_gnr_tenali,2022-09-12,0.51,32.1,80.0,0,nasa_power_daily
ap_gnr_tenali,2022-09-13,0.63,32.4,78.8,0,nasa_power_daily
ap_gnr_tenali,2022-09-14,0.35,31.3,81.2,0,nasa_power_daily
ap_gnr_tenali,2022-09-15,1.42,31.2,80.9,0,nasa_power_daily
ap_gnr_tenali,2022-09-16,0.41,31.5,79.9,0,nasa_power_daily
ap_gnr_tenali,2022-09-17,0.17,31.3,79.4,0,nasa_power_daily
ap_gnr_tenali,2022-09-18,0.63,31.5,81.3,0,nasa_power_daily
ap_gnr_tenali,2022-09-19,7.79,29.2,86.9,0,nasa_power_daily
ap_gnr_tenali,2022-09-20,0.77,30.7,80.6,0,nasa_power_daily
ap_gnr_tenali,2022-09-21,2.31,32.5,78.1,0,nasa_power_daily
ap_gnr_tenali,2022-09-22,2.23,32.6,80.5,0,nasa_power_daily
ap_gnr_tenali,2022-09-23,0.08,31.2,80.2,0,nasa_power_daily
ap_gnr_tenali,2022-09-24,0.23,32.5,77.3,0,nasa_power_daily
ap_gnr_tenali,2022-09-25,3.26,31.8,78.4,0,nasa_power_daily
ap_gnr_tenali,2022-09-26,4.28,31.3,80.8,0,nasa_power_daily
ap_gnr_tenali,2022-09-27,6.31,31.3,82.5,0,nasa_power_daily
ap_gnr_tenali,2022-09-28,7.82,30.9,81.4,0,nasa_power_daily
ap_gnr_tenali,2022-09-29,3.34,30.3,85.4,0,nasa_power_daily
ap_gnr_tenali,2022-09-30,34.15,28.7,89.7,0,nasa_power_daily
ap_gnr_tenali,2022-10-01,20.35,28.8,90.9,0,nasa_power_daily
ap_gnr_tenali,2022-10-02,6.48,29.2,88.9,0,nasa_power_daily
ap_gnr_tenali,2022-10-03,0.98,31.0,86.3,0,nasa_power_daily
ap_gnr_tenali,2022-10-04,16.63,28.7,89.7,0,nasa_power_daily
ap_gnr_tenali,2022-10-05,18.69,28.8,91.3,0,nasa_power_daily
ap_gnr_tenali,2022-10-06,41.04,29.0,88.9,0,nasa_power_daily
ap_gnr_tenali,2022-10-07,7.26,28.7,87.1,0,nasa_power_daily
ap_gnr_tenali,2022-10-08,5.98,29.6,87.3,0,nasa_power_daily
ap_gnr_tenali,2022-10-09,20.85,28.2,90.4,0,nasa_power_daily
ap_gnr_tenali,2022-10-10,17.74,28.5,89.6,0,nasa_power_daily
ap_gnr_tenali,2022-10-11,8.49,29.9,86.0,0,nasa_power_daily
ap_gnr_tenali,2022-10-12,3.85,29.6,85.9,0,nasa_power_daily
ap_gnr_tenali,2022-10-13,7.33,29.7,86.2,0,nasa_power_daily
ap_gnr_tenali,2022-10-14,20.24,30.1,86.1,0,nasa_power_daily
ap_gnr_tenali,2022-10-15,17.53,29.4,88.5,0,nasa_power_daily
ap_gnr_tenali,2022-10-16,8.93,30.0,87.7,0,nasa_power_daily
ap_gnr_tenali,2022-10-17,4.51,29.8,86.9,0,nasa_power_daily
ap_gnr_tenali,2022-10-18,4.03,30.5,83.7,0,nasa_power_daily
ap_gnr_tenali,2022-10-19,3.63,29.2,87.3,0,nasa_power_daily
ap_gnr_tenali,2022-10-20,1.72,30.1,86.2,0,nasa_power_daily
ap_gnr_tenali,2022-10-21,0.63,30.3,86.2,0,nasa_power_daily
ap_gnr_tenali,2022-10-22,0.34,30.1,80.6,0,nasa_power_daily
ap_gnr_tenali,2022-10-23,0.0,29.5,79.3,0,nasa_power_daily
ap_gnr_tenali,2022-10-24,0.0,29.5,79.5,0,nasa_power_daily
ap_gnr_tenali,2022-10-25,0.0,28.9,76.2,0,nasa_power_daily
ap_gnr_tenali,2022-10-26,0.0,29.6,76.4,0,nasa_power_daily
ap_gnr_tenali,2022-10-27,0.0,30.0,79.5,0,nasa_power_daily
ap_gnr_tenali,2022-10-28,0.04,29.4,81.9,0,nasa_power_daily
ap_gnr_tenali,2022-10-29,0.06,29.2,80.6,0,nasa_power_daily
ap_gnr_tenali,2022-10-30,0.01,29.0,80.2,0,nasa_power_daily
ap_gnr_tenali,2022-10-31,11.09,27.7,84.8,0,nasa_power_daily
ap_gnr_tenali,2022-11-01,6.62,27.9,89.5,0,nasa_power_daily
ap_gnr_tenali,2022-11-02,4.72,28.4,89.4,0,nasa_power_daily
ap_gnr_tenali,2022-11-03,3.85,29.1,86.1,0,nasa_power_daily
ap_gnr_tenali,2022-11-04,2.11,29.3,86.4,0,nasa_power_daily
ap_gnr_tenali,2022-11-05,0.39,29.6,84.7,0,nasa_power_daily
ap_gnr_tenali,2022-11-06,0.02,29.1,80.0,0,nasa_power_daily
ap_gnr_tenali,2022-11-07,0.0,29.1,77.3,0,nasa_power_daily
ap_gnr_tenali,2022-11-08,0.0,29.2,77.9,0,nasa_power_daily
ap_gnr_tenali,2022-11-09,0.06,29.4,82.6,0,nasa_power_daily
ap_gnr_tenali,2022-11-10,0.22,28.6,85.2,0,nasa_power_daily
ap_gnr_tenali,2022-11-11,0.38,28.8,84.0,0,nasa_power_daily
ap_gnr_tenali,2022-11-12,5.32,27.5,88.4,0,nasa_power_daily
ap_gnr_tenali,2022-11-13,1.55,28.8,84.4,0,nasa_power_daily
ap_gnr_tenali,2022-11-14,0.23,28.7,83.4,0,nasa_power_daily
ap_gnr_tenali,2022-11-15,0.01,28.5,79.6,0,nasa_power_daily
ap_gnr_tenali,2022-11-16,0.0,28.2,77.6,0,nasa_power_daily
ap_gnr_tenali,2022-11-17,0.0,27.9,77.1,0,nasa_power_daily
ap_gnr_tenali,2022-11-18,0.0,27.9,77.6,0,nasa_power_daily
ap_gnr_tenali,2022-11-19,0.0,27.8,73.5,0,nasa_power_daily
ap_gnr_tenali,2022-11-20,0.74,26.9,78.7,0,nasa_power_daily
ap_gnr_tenali,2022-11-21,2.34,25.8,89.9,0,nasa_power_daily
ap_gnr_tenali,2022-11-22,2.71,27.0,91.5,0,nasa_power_daily
ap_gnr_tenali,2022-11-23,0.95,28.9,89.1,0,nasa_power_daily
ap_gnr_tenali,2022-11-24,0.1,29.4,85.0,0,nasa_power_daily
ap_gnr_tenali,2022-11-25,0.68,28.4,84.5,0,nasa_power_daily
ap_gnr_tenali,2022-11-26,1.62,28.9,86.1,0,nasa_power_daily
ap_gnr_tenali,2022-11-27,0.02,28.5,82.3,0,nasa_power_daily
ap_gnr_tenali,2022-11-28,0.0,28.8,71.9,0,nasa_power_daily
ap_gnr_tenali,2022-11-29,0.0,28.4,75.5,0,nasa_power_daily
ap_gnr_tenali,2022-11-30,0.01,28.5,81.2,0,nasa_power_daily
ap_gnr_tenali,2022-12-01,0.01,29.5,84.9,0,nasa_power_daily
ap_gnr_tenali,2022-12-02,0.0,29.6,86.0,0,nasa_power_daily
ap_gnr_tenali,2022-12-03,0.0,29.4,83.8,0,nasa_power_daily
ap_gnr_tenali,2022-12-04,0.0,29.3,83.4,0,nasa_power_daily
ap_gnr_tenali,2022-12-05,0.0,29.4,82.9,0,nasa_power_daily
ap_gnr_tenali,2022-12-06,0.0,28.9,79.8,0,nasa_power_daily
ap_gnr_tenali,2022-12-07,0.0,28.3,73.2,0,nasa_power_daily
ap_gnr_tenali,2022-12-08,0.61,26.4,76.0,0,nasa_power_daily
ap_gnr_tenali,2022-12-09,16.52,26.7,85.5,0,nasa_power_daily
ap_gnr_tenali,2022-12-10,16.03,28.2,90.5,0,nasa_power_daily
ap_gnr_tenali,2022-12-11,13.91,28.1,87.2,0,nasa_power_daily
ap_gnr_tenali,2022-12-12,3.53,28.2,87.5,0,nasa_power_daily
ap_gnr_tenali,2022-12-13,0.93,28.9,87.4,0,nasa_power_daily
ap_gnr_tenali,2022-12-14,0.03,29.5,82.8,0,nasa_power_daily
ap_gnr_tenali,2022-12-15,0.0,29.5,79.8,0,nasa_power_daily
ap_gnr_tenali,2022-12-16,0.0,29.7,79.0,0,nasa_power_daily
ap_gnr_tenali,2022-12-17,0.02,29.6,83.4,0,nasa_power_daily
ap_gnr_tenali,2022-12-18,0.01,28.5,79.8,0,nasa_power_daily
ap_gnr_tenali,2022-12-19,0.0,28.2,74.3,0,nasa_power_daily
ap_gnr_tenali,2022-12-20,0.0,28.8,74.3,0,nasa_power_daily
ap_gnr_tenali,2022-12-21,0.0,27.6,76.9,0,nasa_power_daily
ap_gnr_tenali,2022-12-22,0.0,27.8,81.2,0,nasa_power_daily
ap_gnr_tenali,2022-12-23,0.0,29.5,78.8,0,nasa_power_daily
ap_gnr_tenali,2022-12-24,0.0,29.3,81.9,0,nasa_power_daily
ap_gnr_tenali,2022-12-25,0.11,29.6,82.5,0,nasa_power_daily
ap_gnr_tenali,2022-12-26,0.13,30.1,84.0,0,nasa_power_daily
ap_gnr_tenali,2022-12-27,0.02,30.3,81.9,0,nasa_power_daily
ap_gnr_tenali,2022-12-28,0.0,30.9,80.2,0,nasa_power_daily
ap_gnr_tenali,2022-12-29,0.0,31.1,79.0,0,nasa_power_daily
ap_gnr_tenali,2022-12-30,0.0,30.6,77.1,0,nasa_power_daily
ap_gnr_tenali,2022-12-31,0.0,30.5,78.0,0,nasa_power_daily
ap_gnr_tenali,2023-01-01,0.03,30.2,76.7,0,nasa_power_daily
ap_gnr_tenali,2023-01-02,0.02,29.6,73.5,0,nasa_power_daily
ap_gnr_tenali,2023-01-03,0.13,29.4,73.6,0,nasa_power_daily
ap_gnr_tenali,2023-01-04,0.58,29.3,76.5,0,nasa_power_daily
ap_gnr_tenali,2023-01-05,1.44,28.8,77.0,0,nasa_power_daily
ap_gnr_tenali,2023-01-06,0.01,29.8,73.6,0,nasa_power_daily
ap_gnr_tenali,2023-01-07,0.0,28.9,74.1,0,nasa_power_daily
ap_gnr_tenali,2023-01-08,0.0,29.3,67.8,0,nasa_power_daily
ap_gnr_tenali,2023-01-09,0.0,29.0,66.0,0,nasa_power_daily
ap_gnr_tenali,2023-01-10,0.0,29.8,67.0,0,nasa_power_daily
ap_gnr_tenali,2023-01-11,0.0,30.2,68.9,0,nasa_power_daily
ap_gnr_tenali,2023-01-12,0.0,29.8,69.9,0,nasa_power_daily
ap_gnr_tenali,2023-01-13,0.0,29.8,70.5,0,nasa_power_daily
ap_gnr_tenali,2023-01-14,0.0,30.3,66.7,0,nasa_power_daily
ap_gnr_tenali,2023-01-15,0.0,30.3,67.6,0,nasa_power_daily
ap_gnr_tenali,2023-01-16,0.0,30.1,71.7,0,nasa_power_daily
ap_gnr_tenali,2023-01-17,0.0,30.1,71.4,0,nasa_power_daily
ap_gnr_tenali,2023-01-18,0.0,30.1,67.2,0,nasa_power_daily
ap_gnr_tenali,2023-01-19,0.0,29.9,70.1,0,nasa_power_daily
ap_gnr_tenali,2023-01-20,0.0,29.8,73.2,0,nasa_power_daily
ap_gnr_tenali,2023-01-21,0.0,29.7,73.5,0,nasa_power_daily
ap_gnr_tenali,2023-01-22,0.0,29.6,74.8,0,nasa_power_daily
ap_gnr_tenali,2023-01-23,0.0,30.3,71.6,0,nasa_power_daily
ap_gnr_tenali,2023-01-24,0.0,30.1,70.4,0,nasa_power_daily
ap_gnr_tenali,2023-01-25,0.0,29.6,71.3,0,nasa_power_daily
ap_gnr_tenali,2023-01-26,0.0,30.6,71.8,0,nasa_power_daily
ap_gnr_tenali,2023-01-27,0.0,31.1,71.6,0,nasa_power_daily
ap_gnr_tenali,2023-01-28,0.0,31.8,68.9,0,nasa_power_daily
ap_gnr_tenali,2023-01-29,0.0,31.2,73.3,0,nasa_power_daily
ap_gnr_tenali,2023-01-30,0.0,31.4,70.9,0,nasa_power_daily
ap_gnr_tenali,2023-01-31,0.0,31.4,66.6,0,nasa_power_daily
ap_gnr_tenali,2023-02-01,0.0,32.6,60.8,0,nasa_power_daily
ap_gnr_tenali,2023-02-02,0.0,31.8,64.2,0,nasa_power_daily
ap_gnr_tenali,2023-02-03,0.0,32.0,64.6,0,nasa_power_daily
ap_gnr_tenali,2023-02-04,0.0,33.4,62.1,0,nasa_power_daily
ap_gnr_tenali,2023-02-05,0.0,33.2,60.4,0,nasa_power_daily
ap_gnr_tenali,2023-02-06,0.0,32.8,64.3,0,nasa_power_daily
ap_gnr_tenali,2023-02-07,0.0,32.4,64.4,0,nasa_power_daily
ap_gnr_tenali,2023-02-08,0.0,33.6,62.9,0,nasa_power_daily
ap_gnr_tenali,2023-02-09,0.0,33.2,63.9,0,nasa_power_daily
ap_gnr_tenali,2023-02-10,0.0,34.1,60.3,0,nasa_power_daily
ap_gnr_tenali,2023-02-11,0.0,35.0,61.6,0,nasa_power_daily
ap_gnr_tenali,2023-02-12,0.0,35.4,61.8,0,nasa_power_daily
ap_gnr_tenali,2023-02-13,0.0,35.4,56.8,0,nasa_power_daily
ap_gnr_tenali,2023-02-14,0.0,34.9,63.4,0,nasa_power_daily
ap_gnr_tenali,2023-02-15,0.0,35.0,62.0,0,nasa_power_daily
ap_gnr_tenali,2023-02-16,0.0,34.4,62.6,0,nasa_power_daily
ap_gnr_tenali,2023-02-17,0.0,32.6,64.7,0,nasa_power_daily
ap_gnr_tenali,2023-02-18,0.0,32.3,65.9,0,nasa_power_daily
ap_gnr_tenali,2023-02-19,0.0,33.4,62.2,0,nasa_power_daily
ap_gnr_tenali,2023-02-20,0.0,34.4,57.5,0,nasa_power_daily
ap_gnr_tenali,2023-02-21,0.0,34.8,56.7,0,nasa_power_daily
ap_gnr_tenali,2023-02-22,0.0,34.5,60.2,0,nasa_power_daily
ap_gnr_tenali,2023-02-23,0.0,34.1,60.6,0,nasa_power_daily
ap_gnr_tenali,2023-02-24,0.0,35.7,57.6,0,nasa_power_daily
ap_gnr_tenali,2023-02-25,0.0,35.4,56.4,0,nasa_power_daily
ap_gnr_tenali,2023-02-26,0.0,34.0,58.7,0,nasa_power_daily
ap_gnr_tenali,2023-02-27,0.0,33.9,57.8,0,nasa_power_daily
ap_gnr_tenali,2023-02-28,0.0,34.4,55.0,0,nasa_power_daily
ap_gnr_tenali,2023-03-01,0.0,34.1,59.3,0,nasa_power_daily
ap_gnr_tenali,2023-03-02,0.0,34.8,56.3,0,nasa_power_daily
ap_gnr_tenali,2023-03-03,0.0,35.5,57.7,0,nasa_power_daily
ap_gnr_tenali,2023-03-04,0.0,35.3,57.8,0,nasa_power_daily
ap_gnr_tenali,2023-03-05,0.0,35.8,61.1,0,nasa_power_daily
ap_gnr_tenali,2023-03-06,0.0,35.9,55.7,0,nasa_power_daily
ap_gnr_tenali,2023-03-07,0.0,35.2,53.0,0,nasa_power_daily
ap_gnr_tenali,2023-03-08,0.0,35.1,55.1,0,nasa_power_daily
ap_gnr_tenali,2023-03-09,0.0,34.2,59.3,0,nasa_power_daily
ap_gnr_tenali,2023-03-10,0.0,35.2,61.6,0,nasa_power_daily
ap_gnr_tenali,2023-03-11,0.0,34.6,65.3,0,nasa_power_daily
ap_gnr_tenali,2023-03-12,0.01,35.5,59.9,0,nasa_power_daily
ap_gnr_tenali,2023-03-13,0.01,36.0,58.1,0,nasa_power_daily
ap_gnr_tenali,2023-03-14,0.04,36.2,57.5,0,nasa_power_daily
ap_gnr_tenali,2023-03-15,0.45,35.5,66.8,0,nasa_power_daily
ap_gnr_tenali,2023-03-16,3.52,34.1,68.7,0,nasa_power_daily
ap_gnr_tenali,2023-03-17,6.53,31.0,77.8,0,nasa_power_daily
ap_gnr_tenali,2023-03-18,7.72,31.4,78.0,0,nasa_power_daily
ap_gnr_tenali,2023-03-19,7.75,31.2,72.2,0,nasa_power_daily
ap_gnr_tenali,2023-03-20,1.58,32.4,74.6,0,nasa_power_daily
ap_gnr_tenali,2023-03-21,0.44,33.7,72.1,0,nasa_power_daily
ap_gnr_tenali,2023-03-22,0.51,34.7,70.2,0,nasa_power_daily
ap_gnr_tenali,2023-03-23,0.89,34.5,70.7,0,nasa_power_daily
ap_gnr_tenali,2023-03-24,0.7,34.8,70.3,0,nasa_power_daily
ap_gnr_tenali,2023-03-25,0.22,34.8,68.2,0,nasa_power_daily
ap_gnr_tenali,2023-03-26,0.16,35.6,66.9,0,nasa_power_daily
ap_gnr_tenali,2023-03-27,0.43,36.4,67.0,0,nasa_power_daily
ap_gnr_tenali,2023-03-28,0.38,35.9,66.8,0,nasa_power_daily
ap_gnr_tenali,2023-03-29,0.1,35.6,66.3,0,nasa_power_daily
ap_gnr_tenali,2023-03-30,0.55,35.9,66.0,0,nasa_power_daily
ap_gnr_tenali,2023-03-31,0.1,36.3,62.1,0,nasa_power_daily
ap_gnr_tenali,2023-04-01,0.74,35.7,63.1,0,nasa_power_daily
ap_gnr_tenali,2023-04-02,1.09,35.2,68.0,0,nasa_power_daily
ap_gnr_tenali,2023-04-03,0.56,35.5,68.7,0,nasa_power_daily
ap_gnr_tenali,2023-04-04,0.26,36.5,65.2,0,nasa_power_daily
ap_gnr_tenali,2023-04-05,0.22,36.7,64.5,0,nasa_power_daily
ap_gnr_tenali,2023-04-06,0.04,36.7,63.8,0,nasa_power_daily
ap_gnr_tenali,2023-04-07,0.0,36.3,62.5,0,nasa_power_daily
ap_gnr_tenali,2023-04-08,0.0,37.4,58.3,0,nasa_power_daily
ap_gnr_tenali,2023-04-09,0.0,37.5,57.2,0,nasa_power_daily
ap_gnr_tenali,2023-04-10,0.0,38.4,56.8,0,nasa_power_daily
ap_gnr_tenali,2023-04-11,0.0,38.8,53.7,0,nasa_power_daily
ap_gnr_tenali,2023-04-12,0.0,39.7,48.9,0,nasa_power_daily
ap_gnr_tenali,2023-04-13,0.0,40.5,49.4,0,nasa_power_daily
ap_gnr_tenali,2023-04-14,0.0,40.2,50.6,0,nasa_power_daily
ap_gnr_tenali,2023-04-15,0.0,41.8,45.3,0,nasa_power_daily
ap_gnr_tenali,2023-04-16,0.0,39.4,47.4,0,nasa_power_daily
ap_gnr_tenali,2023-04-17,0.0,39.6,57.7,0,nasa_power_daily
ap_gnr_tenali,2023-04-18,0.0,39.7,57.3,0,nasa_power_daily
ap_gnr_tenali,2023-04-19,0.0,39.3,56.0,0,nasa_power_daily
ap_gnr_tenali,2023-04-20,0.0,38.3,60.0,0,nasa_power_daily
ap_gnr_tenali,2023-04-21,0.17,38.3,64.9,0,nasa_power_daily
ap_gnr_tenali,2023-04-22,0.38,38.1,62.2,0,nasa_power_daily
ap_gnr_tenali,2023-04-23,2.33,36.7,65.6,0,nasa_power_daily
ap_gnr_tenali,2023-04-24,1.68,35.9,67.2,0,nasa_power_daily
ap_gnr_tenali,2023-04-25,0.43,35.7,65.0,0,nasa_power_daily
ap_gnr_tenali,2023-04-26,2.07,36.7,61.4,0,nasa_power_daily
ap_gnr_tenali,2023-04-27,2.02,36.8,62.7,0,nasa_power_daily
ap_gnr_tenali,2023-04-28,1.7,37.0,64.9,0,nasa_power_daily
ap_gnr_tenali,2023-04-29,5.24,37.1,65.5,0,nasa_power_daily
ap_gnr_tenali,2023-04-30,22.12,35.0,71.0,0,nasa_power_daily
ap_gnr_tenali,2023-05-01,24.34,32.3,74.6,0,nasa_power_daily
ap_gnr_tenali,2023-05-02,4.54,31.9,72.8,0,nasa_power_daily
ap_gnr_tenali,2023-05-03,12.38,33.3,75.1,0,nasa_power_daily
ap_gnr_tenali,2023-05-04,5.84,33.0,76.2,0,nasa_power_daily
ap_gnr_tenali,2023-05-05,3.52,32.3,74.1,0,nasa_power_daily
ap_gnr_tenali,2023-05-06,3.05,35.1,69.1,0,nasa_power_daily
ap_gnr_tenali,2023-05-07,3.48,34.0,71.4,0,nasa_power_daily
ap_gnr_tenali,2023-05-08,0.88,35.9,67.7,0,nasa_power_daily
ap_gnr_tenali,2023-05-09,0.28,37.1,65.8,0,nasa_power_daily
ap_gnr_tenali,2023-05-10,0.09,35.7,67.6,0,nasa_power_daily
ap_gnr_tenali,2023-05-11,0.16,36.7,65.6,0,nasa_power_daily
ap_gnr_tenali,2023-05-12,0.5,40.1,54.2,0,nasa_power_daily
ap_gnr_tenali,2023-05-13,0.03,41.6,53.2,0,nasa_power_daily
ap_gnr_tenali,2023-05-14,0.04,43.1,45.9,0,nasa_power_daily
ap_gnr_tenali,2023-05-15,0.03,42.5,47.1,0,nasa_power_daily
ap_gnr_tenali,2023-05-16,0.04,43.0,46.3,0,nasa_power_daily
ap_gnr_tenali,2023-05-17,0.85,39.4,66.3,0,nasa_power_daily
ap_gnr_tenali,2023-05-18,0.83,37.0,68.8,0,nasa_power_daily
ap_gnr_tenali,2023-05-19,0.97,37.4,69.7,0,nasa_power_daily
ap_gnr_tenali,2023-05-20,3.93,37.4,68.0,0,nasa_power_daily
ap_gnr_tenali,2023-05-21,3.71,36.5,68.7,0,nasa_power_daily
ap_gnr_tenali,2023-05-22,3.44,35.5,71.3,0,nasa_power_daily
ap_gnr_tenali,2023-05-23,5.82,36.7,70.8,0,nasa_power_daily
ap_gnr_tenali,2023-05-24,0.48,38.0,68.2,0,nasa_power_daily
ap_gnr_tenali,2023-05-25,1.49,40.6,61.4,0,nasa_power_daily
ap_gnr_tenali,2023-05-26,0.51,40.5,56.4,0,nasa_power_daily
ap_gnr_tenali,2023-05-27,0.68,41.5,56.6,0,nasa_power_daily
ap_gnr_tenali,2023-05-28,1.28,39.9,63.1,0,nasa_power_daily
ap_gnr_tenali,2023-05-29,1.55,37.0,64.5,0,nasa_power_daily
ap_gnr_tenali,2023-05-30,8.74,33.6,72.1,0,nasa_power_daily
ap_gnr_tenali,2023-05-31,4.97,35.2,70.6,0,nasa_power_daily
ap_gnr_tenali,2023-06-01,0.74,37.1,68.6,0,nasa_power_daily
ap_gnr_tenali,2023-06-02,0.77,41.4,59.7,0,nasa_power_daily
ap_gnr_tenali,2023-06-03,0.08,41.5,59.4,0,nasa_power_daily
ap_gnr_tenali,2023-06-04,0.12,39.9,62.5,0,nasa_power_daily
ap_gnr_tenali,2023-06-05,0.06,39.3,60.2,0,nasa_power_daily
ap_gnr_tenali,2023-06-06,0.02,40.3,58.3,0,nasa_power_daily
ap_gnr_tenali,2023-06-07,0.03,42.3,52.9,0,nasa_power_daily
ap_gnr_tenali,2023-06-08,0.03,41.4,50.4,0,nasa_power_daily
ap_gnr_tenali,2023-06-09,0.05,41.9,45.9,0,nasa_power_daily
ap_gnr_tenali,2023-06-10,0.03,40.0,44.1,0,nasa_power_daily
ap_gnr_tenali,2023-06-11,0.56,41.2,41.8,0,nasa_power_daily
ap_gnr_tenali,2023-06-12,0.02,40.6,44.4,0,nasa_power_daily
ap_gnr_tenali,2023-06-13,2.2,39.9,47.8,0,nasa_power_daily
ap_gnr_tenali,2023-06-14,0.14,37.8,49.5,0,nasa_power_daily
ap_gnr_tenali,2023-06-15,0.01,40.1,48.6,0,nasa_power_daily
ap_gnr_tenali,2023-06-16,0.07,42.1,47.7,0,nasa_power_daily
ap_gnr_tenali,2023-06-17,1.8,37.4,59.5,0,nasa_power_daily
ap_gnr_tenali,2023-06-18,0.56,35.8,64.8,0,nasa_power_daily
ap_gnr_tenali,2023-06-19,0.63,38.4,58.1,0,nasa_power_daily
ap_gnr_tenali,2023-06-20,4.7,36.0,63.8,0,nasa_power_daily
ap_gnr_tenali,2023-06-21,4.29,32.0,74.9,0,nasa_power_daily
ap_gnr_tenali,2023-06-22,13.84,32.8,75.5,0,nasa_power_daily
ap_gnr_tenali,2023-06-23,9.04,30.8,79.2,0,nasa_power_daily
ap_gnr_tenali,2023-06-24,25.15,30.6,81.7,0,nasa_power_daily
ap_gnr_tenali,2023-06-25,4.28,34.1,70.7,0,nasa_power_daily
ap_gnr_tenali,2023-06-26,5.39,35.8,63.3,0,nasa_power_daily
ap_gnr_tenali,2023-06-27,1.51,37.2,61.4,0,nasa_power_daily
ap_gnr_tenali,2023-06-28,1.16,37.4,62.0,0,nasa_power_daily
ap_gnr_tenali,2023-06-29,0.94,35.5,62.8,0,nasa_power_daily
ap_gnr_tenali,2023-06-30,0.23,37.6,57.6,0,nasa_power_daily
ap_gnr_tenali,2023-07-01,0.67,36.4,58.4,0,nasa_power_daily
ap_gnr_tenali,2023-07-02,4.5,34.8,65.9,0,nasa_power_daily
ap_gnr_tenali,2023-07-03,18.62,31.4,80.6,0,nasa_power_daily
ap_gnr_tenali,2023-07-04,10.81,31.8,81.4,0,nasa_power_daily
ap_gnr_tenali,2023-07-05,6.59,32.7,73.5,0,nasa_power_daily
ap_gnr_tenali,2023-07-06,3.33,34.9,68.0,0,nasa_power_daily
ap_gnr_tenali,2023-07-07,1.07,36.2,64.9,0,nasa_power_daily
ap_gnr_tenali,2023-07-08,2.2,36.2,64.7,0,nasa_power_daily
ap_gnr_tenali,2023-07-09,5.17,33.9,68.4,0,nasa_power_daily
ap_gnr_tenali,2023-07-10,14.57,33.1,75.6,0,nasa_power_daily
ap_gnr_tenali,2023-07-11,4.98,30.9,79.0,0,nasa_power_daily
ap_gnr_tenali,2023-07-12,8.6,32.8,70.3,0,nasa_power_daily
ap_gnr_tenali,2023-07-13,1.4,33.5,74.1,0,nasa_power_daily
ap_gnr_tenali,2023-07-14,0.73,36.1,69.8,0,nasa_power_daily
ap_gnr_tenali,2023-07-15,1.46,34.0,67.8,0,nasa_power_daily
ap_gnr_tenali,2023-07-16,2.77,33.7,72.3,0,nasa_power_daily
ap_gnr_tenali,2023-07-17,1.72,34.7,65.8,0,nasa_power_daily
ap_gnr_tenali,2023-07-18,1.7,33.5,69.2,0,nasa_power_daily
ap_gnr_tenali,2023-07-19,4.69,30.1,78.5,0,nasa_power_daily
ap_gnr_tenali,2023-07-20,2.71,30.9,75.0,0,nasa_power_daily
ap_gnr_tenali,2023-07-21,3.57,31.7,74.0,0,nasa_power_daily
ap_gnr_tenali,2023-07-22,2.61,35.4,68.2,0,nasa_power_daily
ap_gnr_tenali,2023-07-23,17.91,33.9,74.8,0,nasa_power_daily
ap_gnr_tenali,2023-07-24,22.61,31.6,81.8,0,nasa_power_daily
ap_gnr_tenali,2023-07-25,42.2,30.8,83.9,0,nasa_power_daily
ap_gnr_tenali,2023-07-26,23.29,28.4,88.5,0,nasa_power_daily
ap_gnr_tenali,2023-07-27,7.9,29.5,83.5,0,nasa_power_daily
ap_gnr_tenali,2023-07-28,0.2,30.5,80.1,0,nasa_power_daily
ap_gnr_tenali,2023-07-29,2.64,33.8,76.9,0,nasa_power_daily
ap_gnr_tenali,2023-07-30,0.84,32.0,80.5,0,nasa_power_daily
ap_gnr_tenali,2023-07-31,0.13,30.4,83.2,0,nasa_power_daily
ap_gnr_tenali,2023-08-01,0.23,32.6,79.0,0,nasa_power_daily
ap_gnr_tenali,2023-08-02,0.04,33.3,74.5,0,nasa_power_daily
ap_gnr_tenali,2023-08-03,0.01,34.0,73.0,0,nasa_power_daily
ap_gnr_tenali,2023-08-04,0.2,34.5,72.0,0,nasa_power_daily
ap_gnr_tenali,2023-08-05,0.68,33.8,71.9,0,nasa_power_daily
ap_gnr_tenali,2023-08-06,2.79,34.8,72.5,0,nasa_power_daily
ap_gnr_tenali,2023-08-07,0.19,34.3,70.3,0,nasa_power_daily
ap_gnr_tenali,2023-08-08,0.2,34.6,71.1,0,nasa_power_daily
ap_gnr_tenali,2023-08-09,2.15,33.0,76.2,0,nasa_power_daily
ap_gnr_tenali,2023-08-10,10.06,32.1,79.2,0,nasa_power_daily
ap_gnr_tenali,2023-08-11,7.92,31.5,79.8,0,nasa_power_daily
ap_gnr_tenali,2023-08-12,6.49,31.9,81.2,0,nasa_power_daily
ap_gnr_tenali,2023-08-13,3.93,31.7,83.3,0,nasa_power_daily
ap_gnr_tenali,2023-08-14,1.52,30.7,82.7,0,nasa_power_daily
ap_gnr_tenali,2023-08-15,7.43,31.8,81.0,0,nasa_power_daily
ap_gnr_tenali,2023-08-16,1.53,33.0,78.0,0,nasa_power_daily
ap_gnr_tenali,2023-08-17,9.78,31.7,84.4,0,nasa_power_daily
ap_gnr_tenali,2023-08-18,4.06,30.8,81.5,0,nasa_power_daily
ap_gnr_tenali,2023-08-19,1.66,31.4,77.3,0,nasa_power_daily
ap_gnr_tenali,2023-08-20,0.77,33.5,74.1,0,nasa_power_daily
ap_gnr_tenali,2023-08-21,7.52,32.5,79.3,0,nasa_power_daily
ap_gnr_tenali,2023-08-22,6.71,32.0,82.5,0,nasa_power_daily
ap_gnr_tenali,2023-08-23,14.28,30.7,87.6,0,nasa_power_daily
ap_gnr_tenali,2023-08-24,0.91,31.8,83.3,0,nasa_power_daily
ap_gnr_tenali,2023-08-25,3.96,30.8,82.9,0,nasa_power_daily
ap_gnr_tenali,2023-08-26,6.68,30.5,83.8,0,nasa_power_daily
ap_gnr_tenali,2023-08-27,3.34,29.8,84.4,0,nasa_power_daily
ap_gnr_tenali,2023-08-28,1.42,32.1,81.3,0,nasa_power_daily
ap_gnr_tenali,2023-08-29,2.82,31.7,81.2,0,nasa_power_daily
ap_gnr_tenali,2023-08-30,1.43,32.7,77.8,0,nasa_power_daily
ap_gnr_tenali,2023-08-31,1.54,33.1,79.8,0,nasa_power_daily
ap_gnr_tenali,2023-09-01,3.77,32.9,79.8,0,nasa_power_daily
ap_gnr_tenali,2023-09-02,24.92,30.0,87.1,0,nasa_power_daily
ap_gnr_tenali,2023-09-03,10.86,30.3,85.9,0,nasa_power_daily
ap_gnr_tenali,2023-09-04,9.7,30.3,86.3,0,nasa_power_daily
ap_gnr_tenali,2023-09-05,14.91,29.6,89.5,0,nasa_power_daily
ap_gnr_tenali,2023-09-06,8.83,31.2,84.3,0,nasa_power_daily
ap_gnr_tenali,2023-09-07,0.8,33.4,79.5,0,nasa_power_daily
ap_gnr_tenali,2023-09-08,0.78,32.0,79.8,0,nasa_power_daily
ap_gnr_tenali,2023-09-09,1.36,32.4,80.5,0,nasa_power_daily
ap_gnr_tenali,2023-09-10,18.63,29.7,87.6,0,nasa_power_daily
ap_gnr_tenali,2023-09-11,16.26,30.1,86.4,0,nasa_power_daily
ap_gnr_tenali,2023-09-12,10.95,29.1,89.1,0,nasa_power_daily
ap_gnr_tenali,2023-09-13,0.88,29.2,87.5,0,nasa_power_daily
ap_gnr_tenali,2023-09-14,2.29,29.8,86.7,0,nasa_power_daily
ap_gnr_tenali,2023-09-15,0.84,33.1,81.0,0,nasa_power_daily
ap_gnr_tenali,2023-09-16,0.69,32.2,79.7,0,nasa_power_daily
ap_gnr_tenali,2023-09-17,0.32,32.0,82.3,0,nasa_power_daily
ap_gnr_tenali,2023-09-18,0.55,32.0,82.9,0,nasa_power_daily
ap_gnr_tenali,2023-09-19,2.87,30.4,85.3,0,nasa_power_daily
ap_gnr_tenali,2023-09-20,21.83,30.2,87.6,0,nasa_power_daily
ap_gnr_tenali,2023-09-21,9.1,30.2,87.2,0,nasa_power_daily
ap_gnr_tenali,2023-09-22,3.47,31.0,85.4,0,nasa_power_daily
ap_gnr_tenali,2023-09-23,8.22,30.8,87.7,0,nasa_power_daily
ap_gnr_tenali,2023-09-24,6.47,30.9,86.0,0,nasa_power_daily
ap_gnr_tenali,2023-09-25,16.87,29.7,88.5,0,nasa_power_daily
ap_gnr_tenali,2023-09-26,14.77,31.0,82.8,0,nasa_power_daily
ap_gnr_tenali,2023-09-27,2.55,30.1,87.3,0,nasa_power_daily
ap_gnr_tenali,2023-09-28,1.77,30.3,86.5,0,nasa_power_daily
ap_gnr_tenali,2023-09-29,6.95,30.2,87.1,0,nasa_power_daily
ap_gnr_tenali,2023-09-30,4.42,30.6,85.1,0,nasa_power_daily
ap_gnr_tenali,2023-10-01,5.77,31.2,83.2,0,nasa_power_daily
ap_gnr_tenali,2023-10-02,1.16,31.0,83.5,0,nasa_power_daily
ap_gnr_tenali,2023-10-03,7.93,32.4,83.5,0,nasa_power_daily
ap_gnr_tenali,2023-10-04,0.86,32.6,79.5,0,nasa_power_daily
ap_gnr_tenali,2023-10-05,0.04,31.9,79.4,0,nasa_power_daily
ap_gnr_tenali,2023-10-06,0.01,32.3,77.3,0,nasa_power_daily
ap_gnr_tenali,2023-10-07,0.03,32.2,78.1,0,nasa_power_daily
ap_gnr_tenali,2023-10-08,0.31,32.2,78.7,0,nasa_power_daily
ap_gnr_tenali,2023-10-09,1.03,32.2,79.9,0,nasa_power_daily
ap_gnr_tenali,2023-10-10,0.84,32.3,79.6,0,nasa_power_daily
ap_gnr_tenali,2023-10-11,1.73,31.3,81.8,0,nasa_power_daily
ap_gnr_tenali,2023-10-12,0.0,31.7,76.8,0,nasa_power_daily
ap_gnr_tenali,2023-10-13,0.0,31.6,78.1,0,nasa_power_daily
ap_gnr_tenali,2023-10-14,0.0,31.6,78.0,0,nasa_power_daily
ap_gnr_tenali,2023-10-15,0.0,31.4,79.4,0,nasa_power_daily
ap_gnr_tenali,2023-10-16,0.0,31.1,78.0,0,nasa_power_daily
ap_gnr_tenali,2023-10-17,0.0,31.6,74.6,0,nasa_power_daily
ap_gnr_tenali,2023-10-18,0.0,31.5,75.0,0,nasa_power_daily
ap_gnr_tenali,2023-10-19,0.17,31.0,79.8,0,nasa_power_daily
ap_gnr_tenali,2023-10-20,0.23,31.1,82.2,0,nasa_power_daily
ap_gnr_tenali,2023-10-21,0.02,31.7,78.4,0,nasa_power_daily
ap_gnr_tenali,2023-10-22,0.0,31.7,74.1,0,nasa_power_daily
ap_gnr_tenali,2023-10-23,0.0,31.5,70.7,0,nasa_power_daily
ap_gnr_tenali,2023-10-24,0.0,31.9,71.6,0,nasa_power_daily
ap_gnr_tenali,2023-10-25,0.0,32.4,72.6,0,nasa_power_daily
ap_gnr_tenali,2023-10-26,0.02,32.0,72.2,0,nasa_power_daily
ap_gnr_tenali,2023-10-27,0.07,31.0,78.4,0,nasa_power_daily
ap_gnr_tenali,2023-10-28,1.41,31.1,80.1,0,nasa_power_daily
ap_gnr_tenali,2023-10-29,0.49,30.0,81.6,0,nasa_power_daily
ap_gnr_tenali,2023-10-30,0.19,30.4,75.4,0,nasa_power_daily
ap_gnr_tenali,2023-10-31,0.2,30.5,72.9,0,nasa_power_daily
ap_gnr_tenali,2023-11-01,1.36,31.5,76.9,0,nasa_power_daily
ap_gnr_tenali,2023-11-02,2.44,31.9,81.0,0,nasa_power_daily
ap_gnr_tenali,2023-11-03,6.13,31.6,82.9,0,nasa_power_daily
ap_gnr_tenali,2023-11-04,4.55,31.0,83.0,0,nasa_power_daily
ap_gnr_tenali,2023-11-05,6.3,30.4,84.1,0,nasa_power_daily
ap_gnr_tenali,2023-11-06,9.96,29.7,86.5,0,nasa_power_daily
ap_gnr_tenali,2023-11-07,12.63,30.0,85.8,0,nasa_power_daily
ap_gnr_tenali,2023-11-08,4.79,30.5,82.9,0,nasa_power_daily
ap_gnr_tenali,2023-11-09,3.37,30.5,80.5,0,nasa_power_daily
ap_gnr_tenali,2023-11-10,0.0,30.8,73.5,0,nasa_power_daily
ap_gnr_tenali,2023-11-11,0.0,31.0,73.9,0,nasa_power_daily
ap_gnr_tenali,2023-11-12,0.0,31.3,74.8,0,nasa_power_daily
ap_gnr_tenali,2023-11-13,0.0,31.4,76.7,0,nasa_power_daily
ap_gnr_tenali,2023-11-14,0.0,30.8,74.5,0,nasa_power_daily
ap_gnr_tenali,2023-11-15,0.09,30.5,73.1,0,nasa_power_daily
ap_gnr_tenali,2023-11-16,0.13,32.0,68.5,0,nasa_power_daily
ap_gnr_tenali,2023-11-17,0.0,32.1,74.6,0,nasa_power_daily
ap_gnr_tenali,2023-11-18,0.0,32.5,77.8,0,nasa_power_daily
ap_gnr_tenali,2023-11-19,0.0,31.1,79.6,0,nasa_power_daily
ap_gnr_tenali,2023-11-20,1.37,30.2,80.0,0,nasa_power_daily
ap_gnr_tenali,2023-11-21,1.72,30.8,82.7,0,nasa_power_daily
ap_gnr_tenali,2023-11-22,3.08,30.4,83.0,0,nasa_power_daily
ap_gnr_tenali,2023-11-23,10.03,30.5,84.3,0,nasa_power_daily
ap_gnr_tenali,2023-11-24,0.97,30.9,79.2,0,nasa_power_daily
ap_gnr_tenali,2023-11-25,0.15,31.3,75.1,0,nasa_power_daily
ap_gnr_tenali,2023-11-26,0.08,31.3,74.8,0,nasa_power_daily
ap_gnr_tenali,2023-11-27,0.03,31.1,77.0,0,nasa_power_daily
ap_gnr_tenali,2023-11-28,0.02,31.6,77.4,0,nasa_power_daily
ap_gnr_tenali,2023-11-29,0.23,31.5,77.8,0,nasa_power_daily
ap_gnr_tenali,2023-11-30,0.35,31.5,77.0,0,nasa_power_daily
ap_gnr_tenali,2023-12-01,0.05,32.0,74.3,0,nasa_power_daily
ap_gnr_tenali,2023-12-02,1.93,30.8,80.0,0,nasa_power_daily
ap_gnr_tenali,2023-12-03,8.42,30.3,84.8,0,nasa_power_daily
ap_gnr_tenali,2023-12-04,55.43,26.0,91.5,0,nasa_power_daily
ap_gnr_tenali,2023-12-05,117.46,27.2,92.4,0,nasa_power_daily
ap_gnr_tenali,2023-12-06,7.81,27.9,85.7,0,nasa_power_daily
ap_gnr_tenali,2023-12-07,0.15,29.3,85.6,0,nasa_power_daily
ap_gnr_tenali,2023-12-08,0.0,28.6,81.6,0,nasa_power_daily
ap_gnr_tenali,2023-12-09,0.0,28.7,79.3,0,nasa_power_daily
ap_gnr_tenali,2023-12-10,0.0,28.1,77.4,0,nasa_power_daily
ap_gnr_tenali,2023-12-11,0.0,28.1,74.5,0,nasa_power_daily
ap_gnr_tenali,2023-12-12,0.01,27.7,78.1,0,nasa_power_daily
ap_gnr_tenali,2023-12-13,0.0,27.5,77.5,0,nasa_power_daily
ap_gnr_tenali,2023-12-14,0.0,27.1,80.6,0,nasa_power_daily
ap_gnr_tenali,2023-12-15,0.02,27.1,82.3,0,nasa_power_daily
ap_gnr_tenali,2023-12-16,0.01,27.6,80.6,0,nasa_power_daily
ap_gnr_tenali,2023-12-17,0.0,27.8,79.2,0,nasa_power_daily
ap_gnr_tenali,2023-12-18,0.0,27.4,78.1,0,nasa_power_daily
ap_gnr_tenali,2023-12-19,0.0,26.8,77.9,0,nasa_power_daily
ap_gnr_tenali,2023-12-20,0.0,26.9,79.2,0,nasa_power_daily
ap_gnr_tenali,2023-12-21,0.0,26.9,78.6,0,nasa_power_daily
ap_gnr_tenali,2023-12-22,0.0,27.2,76.9,0,nasa_power_daily
ap_gnr_tenali,2023-12-23,0.0,26.9,80.0,0,nasa_power_daily
ap_gnr_tenali,2023-12-24,0.0,27.6,81.4,0,nasa_power_daily
ap_gnr_tenali,2023-12-25,0.0,28.2,81.5,0,nasa_power_daily
ap_gnr_tenali,2023-12-26,0.0,28.4,81.6,0,nasa_power_daily
ap_gnr_tenali,2023-12-27,0.0,28.5,79.5,0,nasa_power_daily
ap_gnr_tenali,2023-12-28,0.0,28.4,77.7,0,nasa_power_daily
ap_gnr_tenali,2023-12-29,0.0,28.0,80.6,0,nasa_power_daily
ap_gnr_tenali,2023-12-30,0.0,28.6,78.8,0,nasa_power_daily
ap_gnr_tenali,2023-12-31,0.0,28.3,80.0,0,nasa_power_daily
ap_gnr_tenali,2024-01-01,0.0,28.2,79.4,0,nasa_power_daily
ap_gnr_tenali,2024-01-02,0.0,28.1,80.0,0,nasa_power_daily
ap_gnr_tenali,2024-01-03,0.0,28.0,79.4,0,nasa_power_daily
ap_gnr_tenali,2024-01-04,0.0,28.3,76.0,0,nasa_power_daily
ap_gnr_tenali,2024-01-05,0.0,28.6,72.6,0,nasa_power_daily
ap_gnr_tenali,2024-01-06,0.0,29.0,76.7,0,nasa_power_daily
ap_gnr_tenali,2024-01-07,0.0,29.0,74.9,0,nasa_power_daily
ap_gnr_tenali,2024-01-08,0.0,28.6,72.9,0,nasa_power_daily
ap_gnr_tenali,2024-01-09,0.0,29.5,75.3,0,nasa_power_daily
ap_gnr_tenali,2024-01-10,0.0,29.6,76.0,0,nasa_power_daily
ap_gnr_tenali,2024-01-11,0.0,30.4,74.1,0,nasa_power_daily
ap_gnr_tenali,2024-01-12,0.0,30.3,78.8,0,nasa_power_daily
ap_gnr_tenali,2024-01-13,0.0,30.2,77.3,0,nasa_power_daily
ap_gnr_tenali,2024-01-14,0.0,30.3,78.1,0,nasa_power_daily
ap_gnr_tenali,2024-01-15,0.0,30.1,75.8,0,nasa_power_daily
ap_gnr_tenali,2024-01-16,0.0,29.9,73.3,0,nasa_power_daily
ap_gnr_tenali,2024-01-17,0.0,29.8,72.4,0,nasa_power_daily
ap_gnr_tenali,2024-01-18,0.0,29.8,69.3,0,nasa_power_daily
ap_gnr_tenali,2024-01-19,0.0,30.4,71.8,0,nasa_power_daily
ap_gnr_tenali,2024-01-20,0.0,30.1,74.6,0,nasa_power_daily
ap_gnr_tenali,2024-01-21,0.0,30.3,73.7,0,nasa_power_daily
ap_gnr_tenali,2024-01-22,0.0,30.9,73.2,0,nasa_power_daily
ap_gnr_tenali,2024-01-23,0.0,30.2,75.6,0,nasa_power_daily
ap_gnr_tenali,2024-01-24,0.0,30.6,73.1,0,nasa_power_daily
ap_gnr_tenali,2024-01-25,0.0,30.5,72.2,0,nasa_power_daily
ap_gnr_tenali,2024-01-26,0.22,30.2,73.7,0,nasa_power_daily
ap_gnr_tenali,2024-01-27,0.38,30.8,76.0,0,nasa_power_daily
ap_gnr_tenali,2024-01-28,0.03,30.3,73.9,0,nasa_power_daily
ap_gnr_tenali,2024-01-29,0.0,30.8,67.1,0,nasa_power_daily
ap_gnr_tenali,2024-01-30,0.0,30.6,66.1,0,nasa_power_daily
ap_gnr_tenali,2024-01-31,0.0,31.0,71.4,0,nasa_power_daily
ap_gnr_tenali,2024-02-01,0.0,31.7,72.2,0,nasa_power_daily
ap_gnr_tenali,2024-02-02,0.0,31.9,73.9,0,nasa_power_daily
ap_gnr_tenali,2024-02-03,0.0,32.5,69.9,0,nasa_power_daily
ap_gnr_tenali,2024-02-04,0.0,32.0,69.8,0,nasa_power_daily
ap_gnr_tenali,2024-02-05,0.0,32.6,70.2,0,nasa_power_daily
ap_gnr_tenali,2024-02-06,0.0,33.1,69.3,0,nasa_power_daily
ap_gnr_tenali,2024-02-07,0.0,34.9,64.4,0,nasa_power_daily
ap_gnr_tenali,2024-02-08,0.0,35.0,60.2,0,nasa_power_daily
ap_gnr_tenali,2024-02-09,0.0,33.0,70.4,0,nasa_power_daily
ap_gnr_tenali,2024-02-10,0.0,32.1,70.8,0,nasa_power_daily
ap_gnr_tenali,2024-02-11,0.0,32.5,68.6,0,nasa_power_daily
ap_gnr_tenali,2024-02-12,0.0,32.7,64.9,0,nasa_power_daily
ap_gnr_tenali,2024-02-13,0.0,32.6,67.2,0,nasa_power_daily
ap_gnr_tenali,2024-02-14,0.0,33.2,68.6,0,nasa_power_daily
ap_gnr_tenali,2024-02-15,0.0,33.1,67.8,0,nasa_power_daily
ap_gnr_tenali,2024-02-16,0.0,34.2,63.9,0,nasa_power_daily
ap_gnr_tenali,2024-02-17,0.0,34.5,62.5,0,nasa_power_daily
ap_gnr_tenali,2024-02-18,0.0,34.2,60.9,0,nasa_power_daily
ap_gnr_tenali,2024-02-19,0.0,34.3,59.3,0,nasa_power_daily
ap_gnr_tenali,2024-02-20,0.0,34.7,59.5,0,nasa_power_daily
ap_gnr_tenali,2024-02-21,0.0,34.1,58.6,0,nasa_power_daily
ap_gnr_tenali,2024-02-22,0.0,34.7,63.5,0,nasa_power_daily
ap_gnr_tenali,2024-02-23,0.0,34.3,68.1,0,nasa_power_daily
ap_gnr_tenali,2024-02-24,0.0,33.2,69.6,0,nasa_power_daily
ap_gnr_tenali,2024-02-25,0.0,33.4,66.7,0,nasa_power_daily
ap_gnr_tenali,2024-02-26,0.0,33.3,66.4,0,nasa_power_daily
ap_gnr_tenali,2024-02-27,0.0,34.3,66.4,0,nasa_power_daily
ap_gnr_tenali,2024-02-28,0.0,35.1,64.3,0,nasa_power_daily
ap_gnr_tenali,2024-02-29,0.0,35.8,60.1,0,nasa_power_daily
ap_gnr_tenali,2024-03-01,0.0,34.9,62.3,0,nasa_power_daily
ap_gnr_tenali,2024-03-02,0.0,35.6,59.0,0,nasa_power_daily
ap_gnr_tenali,2024-03-03,0.0,35.8,59.7,0,nasa_power_daily
ap_gnr_tenali,2024-03-04,0.0,35.7,57.7,0,nasa_power_daily
ap_gnr_tenali,2024-03-05,0.0,35.9,59.8,0,nasa_power_daily
ap_gnr_tenali,2024-03-06,0.0,36.4,58.9,0,nasa_power_daily
ap_gnr_tenali,2024-03-07,0.0,35.4,61.8,0,nasa_power_daily
ap_gnr_tenali,2024-03-08,0.0,35.9,63.7,0,nasa_power_daily
ap_gnr_tenali,2024-03-09,0.0,35.7,63.4,0,nasa_power_daily
ap_gnr_tenali,2024-03-10,0.0,34.5,65.1,0,nasa_power_daily
ap_gnr_tenali,2024-03-11,0.0,35.0,65.3,0,nasa_power_daily
ap_gnr_tenali,2024-03-12,0.0,36.3,64.1,0,nasa_power_daily
ap_gnr_tenali,2024-03-13,0.0,37.4,62.5,0,nasa_power_daily
ap_gnr_tenali,2024-03-14,0.0,36.2,62.1,0,nasa_power_daily
ap_gnr_tenali,2024-03-15,0.0,36.0,62.4,0,nasa_power_daily
ap_gnr_tenali,2024-03-16,0.0,35.2,68.5,0,nasa_power_daily
ap_gnr_tenali,2024-03-17,0.04,35.9,64.1,0,nasa_power_daily
ap_gnr_tenali,2024-03-18,0.05,36.2,62.2,0,nasa_power_daily
ap_gnr_tenali,2024-03-19,0.01,36.0,59.0,0,nasa_power_daily
ap_gnr_tenali,2024-03-20,0.5,34.8,62.5,0,nasa_power_daily
ap_gnr_tenali,2024-03-21,0.52,34.3,65.8,0,nasa_power_daily
ap_gnr_tenali,2024-03-22,0.02,35.7,63.0,0,nasa_power_daily
ap_gnr_tenali,2024-03-23,0.0,36.5,61.9,0,nasa_power_daily
ap_gnr_tenali,2024-03-24,0.0,36.3,63.0,0,nasa_power_daily
ap_gnr_tenali,2024-03-25,0.0,36.5,63.3,0,nasa_power_daily
ap_gnr_tenali,2024-03-26,0.0,37.2,57.5,0,nasa_power_daily
ap_gnr_tenali,2024-03-27,0.0,37.4,56.7,0,nasa_power_daily
ap_gnr_tenali,2024-03-28,0.0,37.7,56.7,0,nasa_power_daily
ap_gnr_tenali,2024-03-29,0.0,37.9,60.6,0,nasa_power_daily
ap_gnr_tenali,2024-03-30,0.0,38.3,56.2,0,nasa_power_daily
ap_gnr_tenali,2024-03-31,0.0,37.8,58.6,0,nasa_power_daily
ap_gnr_tenali,2024-04-01,0.0,38.2,61.4,0,nasa_power_daily
ap_gnr_tenali,2024-04-02,0.0,38.6,62.5,0,nasa_power_daily
ap_gnr_tenali,2024-04-03,0.0,38.1,65.6,0,nasa_power_daily
ap_gnr_tenali,2024-04-04,0.0,38.5,64.6,0,nasa_power_daily
ap_gnr_tenali,2024-04-05,0.0,40.4,59.6,0,nasa_power_daily
ap_gnr_tenali,2024-04-06,0.0,41.1,58.4,0,nasa_power_daily
ap_gnr_tenali,2024-04-07,0.0,40.3,60.7,0,nasa_power_daily
ap_gnr_tenali,2024-04-08,0.0,37.3,66.8,0,nasa_power_daily
ap_gnr_tenali,2024-04-09,0.0,37.3,64.5,0,nasa_power_daily
ap_gnr_tenali,2024-04-10,0.0,37.6,60.7,0,nasa_power_daily
ap_gnr_tenali,2024-04-11,0.0,38.1,58.2,0,nasa_power_daily
ap_gnr_tenali,2024-04-12,0.07,37.1,61.2,0,nasa_power_daily
ap_gnr_tenali,2024-04-13,0.09,38.0,58.8,0,nasa_power_daily
ap_gnr_tenali,2024-04-14,0.04,38.3,59.1,0,nasa_power_daily
ap_gnr_tenali,2024-04-15,0.01,39.4,54.3,0,nasa_power_daily
ap_gnr_tenali,2024-04-16,0.0,38.6,55.3,0,nasa_power_daily
ap_gnr_tenali,2024-04-17,0.0,39.9,56.8,0,nasa_power_daily
ap_gnr_tenali,2024-04-18,0.0,39.9,58.4,0,nasa_power_daily
ap_gnr_tenali,2024-04-19,0.01,40.0,60.7,0,nasa_power_daily
ap_gnr_tenali,2024-04-20,0.02,40.5,60.0,0,nasa_power_daily
ap_gnr_tenali,2024-04-21,0.02,40.2,61.4,0,nasa_power_daily
ap_gnr_tenali,2024-04-22,0.02,40.8,58.5,0,nasa_power_daily
ap_gnr_tenali,2024-04-23,0.01,39.5,58.9,0,nasa_power_daily
ap_gnr_tenali,2024-04-24,0.0,40.3,56.1,0,nasa_power_daily
ap_gnr_tenali,2024-04-25,0.0,40.4,58.3,0,nasa_power_daily
ap_gnr_tenali,2024-04-26,0.0,39.9,60.0,0,nasa_power_daily
ap_gnr_tenali,2024-04-27,0.0,40.6,54.6,0,nasa_power_daily
ap_gnr_tenali,2024-04-28,0.0,40.5,56.1,0,nasa_power_daily
ap_gnr_tenali,2024-04-29,0.0,39.9,57.8,0,nasa_power_daily
ap_gnr_tenali,2024-04-30,0.0,40.6,57.3,0,nasa_power_daily
ap_gnr_tenali,2024-05-01,0.03,42.4,56.8,0,nasa_power_daily
ap_gnr_tenali,2024-05-02,0.15,41.3,62.0,0,nasa_power_daily
ap_gnr_tenali,2024-05-03,0.18,42.0,62.8,0,nasa_power_daily
ap_gnr_tenali,2024-05-04,0.18,41.2,62.2,0,nasa_power_daily
ap_gnr_tenali,2024-05-05,0.19,39.7,65.7,0,nasa_power_daily
ap_gnr_tenali,2024-05-06,1.04,40.1,66.7,0,nasa_power_daily
ap_gnr_tenali,2024-05-07,3.24,38.4,66.4,0,nasa_power_daily
ap_gnr_tenali,2024-05-08,12.19,35.6,71.6,0,nasa_power_daily
ap_gnr_tenali,2024-05-09,2.58,35.8,70.5,0,nasa_power_daily
ap_gnr_tenali,2024-05-10,4.97,36.0,70.6,0,nasa_power_daily
ap_gnr_tenali,2024-05-11,3.76,34.8,73.0,0,nasa_power_daily
ap_gnr_tenali,2024-05-12,0.59,36.3,68.9,0,nasa_power_daily
ap_gnr_tenali,2024-05-13,1.49,33.7,66.0,0,nasa_power_daily
ap_gnr_tenali,2024-05-14,1.08,35.1,65.3,0,nasa_power_daily
ap_gnr_tenali,2024-05-15,3.22,36.5,65.7,0,nasa_power_daily
ap_gnr_tenali,2024-05-16,12.99,32.1,78.0,0,nasa_power_daily
ap_gnr_tenali,2024-05-17,20.28,28.8,85.0,0,nasa_power_daily
ap_gnr_tenali,2024-05-18,8.01,33.4,78.0,0,nasa_power_daily
ap_gnr_tenali,2024-05-19,6.66,33.7,77.7,0,nasa_power_daily
ap_gnr_tenali,2024-05-20,4.56,33.6,77.2,0,nasa_power_daily
ap_gnr_tenali,2024-05-21,2.84,35.2,74.3,0,nasa_power_daily
ap_gnr_tenali,2024-05-22,2.53,36.7,71.0,0,nasa_power_daily
ap_gnr_tenali,2024-05-23,1.01,37.3,67.1,0,nasa_power_daily
ap_gnr_tenali,2024-05-24,1.78,36.9,68.1,0,nasa_power_daily
ap_gnr_tenali,2024-05-25,7.31,33.6,73.8,0,nasa_power_daily
ap_gnr_tenali,2024-05-26,3.77,40.0,64.8,0,nasa_power_daily
ap_gnr_tenali,2024-05-27,0.02,41.5,54.8,0,nasa_power_daily
ap_gnr_tenali,2024-05-28,0.0,38.3,57.1,0,nasa_power_daily
ap_gnr_tenali,2024-05-29,0.0,40.9,57.9,0,nasa_power_daily
ap_gnr_tenali,2024-05-30,0.01,41.1,59.5,0,nasa_power_daily
ap_gnr_tenali,2024-05-31,0.39,38.3,68.5,0,nasa_power_daily
ap_gnr_tenali,2024-06-01,3.25,35.5,75.7,0,nasa_power_daily
ap_gnr_tenali,2024-06-02,19.85,31.4,81.3,0,nasa_power_daily
ap_gnr_tenali,2024-06-03,1.0,34.4,71.1,0,nasa_power_daily
ap_gnr_tenali,2024-06-04,2.14,34.7,71.7,0,nasa_power_daily
ap_gnr_tenali,2024-06-05,9.53,35.3,71.4,0,nasa_power_daily
ap_gnr_tenali,2024-06-06,7.6,34.1,74.6,0,nasa_power_daily
ap_gnr_tenali,2024-06-07,2.1,31.7,79.5,0,nasa_power_daily
ap_gnr_tenali,2024-06-08,12.56,31.3,79.6,0,nasa_power_daily
ap_gnr_tenali,2024-06-09,7.14,32.0,77.9,0,nasa_power_daily
ap_gnr_tenali,2024-06-10,6.02,32.2,77.0,0,nasa_power_daily
ap_gnr_tenali,2024-06-11,0.41,35.4,66.8,0,nasa_power_daily
ap_gnr_tenali,2024-06-12,3.5,34.3,70.4,0,nasa_power_daily
ap_gnr_tenali,2024-06-13,0.87,34.9,69.7,0,nasa_power_daily
ap_gnr_tenali,2024-06-14,0.4,36.6,65.0,0,nasa_power_daily
ap_gnr_tenali,2024-06-15,1.13,35.6,63.8,0,nasa_power_daily
ap_gnr_tenali,2024-06-16,3.15,33.8,71.5,0,nasa_power_daily
ap_gnr_tenali,2024-06-17,1.72,35.4,69.8,0,nasa_power_daily
ap_gnr_tenali,2024-06-18,3.56,33.8,71.0,0,nasa_power_daily
ap_gnr_tenali,2024-06-19,2.47,33.1,69.2,0,nasa_power_daily
ap_gnr_tenali,2024-06-20,4.83,36.1,69.3,0,nasa_power_daily
ap_gnr_tenali,2024-06-21,2.01,36.4,65.3,0,nasa_power_daily
ap_gnr_tenali,2024-06-22,1.98,34.0,74.3,0,nasa_power_daily
ap_gnr_tenali,2024-06-23,5.3,34.1,72.7,0,nasa_power_daily
ap_gnr_tenali,2024-06-24,5.46,35.1,71.3,0,nasa_power_daily
ap_gnr_tenali,2024-06-25,4.23,34.0,70.9,0,nasa_power_daily
ap_gnr_tenali,2024-06-26,25.22,33.3,71.6,0,nasa_power_daily
ap_gnr_tenali,2024-06-27,13.24,31.1,73.4,0,nasa_power_daily
ap_gnr_tenali,2024-06-28,6.02,36.1,64.6,0,nasa_power_daily
ap_gnr_tenali,2024-06-29,25.12,36.6,67.3,0,nasa_power_daily
ap_gnr_tenali,2024-06-30,2.28,32.4,75.4,0,nasa_power_daily
ap_gnr_tenali,2024-07-01,2.94,34.7,71.3,0,nasa_power_daily
ap_gnr_tenali,2024-07-02,0.41,36.0,63.9,0,nasa_power_daily
ap_gnr_tenali,2024-07-03,0.55,34.3,70.1,0,nasa_power_daily
ap_gnr_tenali,2024-07-04,3.38,33.8,74.3,0,nasa_power_daily
ap_gnr_tenali,2024-07-05,15.03,33.2,73.6,0,nasa_power_daily
ap_gnr_tenali,2024-07-06,12.25,31.4,78.4,0,nasa_power_daily
ap_gnr_tenali,2024-07-07,3.78,32.5,76.6,0,nasa_power_daily
ap_gnr_tenali,2024-07-08,3.41,32.3,78.2,0,nasa_power_daily
ap_gnr_tenali,2024-07-09,10.58,31.9,79.3,0,nasa_power_daily
ap_gnr_tenali,2024-07-10,2.16,32.8,77.7,0,nasa_power_daily
ap_gnr_tenali,2024-07-11,1.64,33.9,75.8,0,nasa_power_daily
ap_gnr_tenali,2024-07-12,13.68,33.5,74.8,0,nasa_power_daily
ap_gnr_tenali,2024-07-13,44.26,30.9,83.9,0,nasa_power_daily
ap_gnr_tenali,2024-07-14,8.22,31.3,83.5,0,nasa_power_daily
ap_gnr_tenali,2024-07-15,9.55,29.1,82.8,0,nasa_power_daily
ap_gnr_tenali,2024-07-16,10.69,34.6,75.8,0,nasa_power_daily
ap_gnr_tenali,2024-07-17,2.4,33.7,75.0,0,nasa_power_daily
ap_gnr_tenali,2024-07-18,13.59,31.8,80.8,0,nasa_power_daily
ap_gnr_tenali,2024-07-19,30.16,28.5,83.3,0,nasa_power_daily
ap_gnr_tenali,2024-07-20,14.12,29.5,82.2,0,nasa_power_daily
ap_gnr_tenali,2024-07-21,4.76,32.8,78.4,0,nasa_power_daily
ap_gnr_tenali,2024-07-22,0.24,34.0,74.3,0,nasa_power_daily
ap_gnr_tenali,2024-07-23,0.82,33.9,73.7,0,nasa_power_daily
ap_gnr_tenali,2024-07-24,0.14,33.2,73.8,0,nasa_power_daily
ap_gnr_tenali,2024-07-25,0.08,33.1,73.6,0,nasa_power_daily
ap_gnr_tenali,2024-07-26,3.18,33.2,73.8,0,nasa_power_daily
ap_gnr_tenali,2024-07-27,4.58,34.2,73.1,0,nasa_power_daily
ap_gnr_tenali,2024-07-28,2.52,34.2,74.0,0,nasa_power_daily
ap_gnr_tenali,2024-07-29,6.29,34.5,75.2,0,nasa_power_daily
ap_gnr_tenali,2024-07-30,6.4,31.4,81.6,0,nasa_power_daily
ap_gnr_tenali,2024-07-31,3.82,32.3,80.4,0,nasa_power_daily
ap_gnr_tenali,2024-08-01,3.88,31.0,84.3,0,nasa_power_daily
ap_gnr_tenali,2024-08-02,1.04,32.1,79.1,0,nasa_power_daily
ap_gnr_tenali,2024-08-03,0.66,34.0,76.0,0,nasa_power_daily
ap_gnr_tenali,2024-08-04,0.96,34.3,74.2,0,nasa_power_daily
ap_gnr_tenali,2024-08-05,1.55,33.0,75.3,0,nasa_power_daily
ap_gnr_tenali,2024-08-06,27.26,29.2,88.5,0,nasa_power_daily
ap_gnr_tenali,2024-08-07,8.9,29.1,85.9,0,nasa_power_daily
ap_gnr_tenali,2024-08-08,3.79,31.2,81.5,0,nasa_power_daily
ap_gnr_tenali,2024-08-09,0.73,33.1,79.0,0,nasa_power_daily
ap_gnr_tenali,2024-08-10,8.87,31.0,84.7,0,nasa_power_daily
ap_gnr_tenali,2024-08-11,2.94,32.8,81.5,0,nasa_power_daily
ap_gnr_tenali,2024-08-12,5.32,32.1,84.0,0,nasa_power_daily
ap_gnr_tenali,2024-08-13,0.68,32.2,84.8,0,nasa_power_daily
ap_gnr_tenali,2024-08-14,0.2,32.2,85.3,0,nasa_power_daily
ap_gnr_tenali,2024-08-15,0.15,31.8,85.3,0,nasa_power_daily
ap_gnr_tenali,2024-08-16,0.16,31.7,84.8,0,nasa_power_daily
ap_gnr_tenali,2024-08-17,2.51,31.7,85.6,0,nasa_power_daily
ap_gnr_tenali,2024-08-18,0.32,32.6,81.6,0,nasa_power_daily
ap_gnr_tenali,2024-08-19,2.74,31.9,86.2,0,nasa_power_daily
ap_gnr_tenali,2024-08-20,4.17,31.7,85.8,0,nasa_power_daily
ap_gnr_tenali,2024-08-21,2.78,31.2,84.3,0,nasa_power_daily
ap_gnr_tenali,2024-08-22,7.1,31.2,84.9,0,nasa_power_daily
ap_gnr_tenali,2024-08-23,6.55,30.4,85.4,0,nasa_power_daily
ap_gnr_tenali,2024-08-24,2.34,31.7,81.4,0,nasa_power_daily
ap_gnr_tenali,2024-08-25,0.79,34.4,75.8,0,nasa_power_daily
ap_gnr_tenali,2024-08-26,0.45,33.3,76.1,0,nasa_power_daily
ap_gnr_tenali,2024-08-27,3.16,32.4,78.8,0,nasa_power_daily
ap_gnr_tenali,2024-08-28,0.8,29.0,83.2,0,nasa_power_daily
ap_gnr_tenali,2024-08-29,11.68,30.2,83.6,0,nasa_power_daily
ap_gnr_tenali,2024-08-30,50.64,29.0,90.8,0,nasa_power_daily
ap_gnr_tenali,2024-08-31,119.87,28.6,92.4,0,nasa_power_daily
ap_gnr_tenali,2024-09-01,28.99,29.1,87.7,0,nasa_power_daily
ap_gnr_tenali,2024-09-02,4.24,30.7,84.0,0,nasa_power_daily
ap_gnr_tenali,2024-09-03,6.13,30.2,83.0,0,nasa_power_daily
ap_gnr_tenali,2024-09-04,15.99,29.6,89.0,0,nasa_power_daily
ap_gnr_tenali,2024-09-05,12.91,30.6,87.5,0,nasa_power_daily
ap_gnr_tenali,2024-09-06,16.55,30.5,88.9,0,nasa_power_daily
ap_gnr_tenali,2024-09-07,9.29,28.3,91.4,0,nasa_power_daily
ap_gnr_tenali,2024-09-08,17.72,27.9,90.8,0,nasa_power_daily
ap_gnr_tenali,2024-09-09,0.9,29.7,87.9,0,nasa_power_daily
ap_gnr_tenali,2024-09-10,0.44,30.9,84.1,0,nasa_power_daily
ap_gnr_tenali,2024-09-11,0.11,31.9,81.0,0,nasa_power_daily
ap_gnr_tenali,2024-09-12,0.07,32.3,81.0,0,nasa_power_daily
ap_gnr_tenali,2024-09-13,0.01,31.1,82.2,0,nasa_power_daily
ap_gnr_tenali,2024-09-14,0.06,30.3,84.8,0,nasa_power_daily
ap_gnr_tenali,2024-09-15,0.02,32.3,81.5,0,nasa_power_daily
ap_gnr_tenali,2024-09-16,0.02,31.4,82.3,0,nasa_power_daily
ap_gnr_tenali,2024-09-17,0.5,32.8,81.6,0,nasa_power_daily
ap_gnr_tenali,2024-09-18,0.06,32.5,78.7,0,nasa_power_daily
ap_gnr_tenali,2024-09-19,0.65,32.2,78.8,0,nasa_power_daily
ap_gnr_tenali,2024-09-20,1.44,30.7,82.8,0,nasa_power_daily
ap_gnr_tenali,2024-09-21,9.35,31.4,83.7,0,nasa_power_daily
ap_gnr_tenali,2024-09-22,1.3,30.4,86.7,0,nasa_power_daily
ap_gnr_tenali,2024-09-23,6.66,30.7,84.5,0,nasa_power_daily
ap_gnr_tenali,2024-09-24,16.43,31.3,86.2,0,nasa_power_daily
ap_gnr_tenali,2024-09-25,14.21,30.2,89.1,0,nasa_power_daily
ap_gnr_tenali,2024-09-26,3.77,30.6,86.0,0,nasa_power_daily
ap_gnr_tenali,2024-09-27,3.08,31.2,82.8,0,nasa_power_daily
ap_gnr_tenali,2024-09-28,1.32,30.9,84.3,0,nasa_power_daily
ap_gnr_tenali,2024-09-29,0.3,31.0,85.6,0,nasa_power_daily
ap_gnr_tenali,2024-09-30,0.07,31.4,83.2,0,nasa_power_daily
ap_gnr_tenali,2024-10-01,0.04,31.9,83.5,0,nasa_power_daily
ap_gnr_tenali,2024-10-02,1.61,32.5,83.4,0,nasa_power_daily
ap_gnr_tenali,2024-10-03,4.84,30.9,88.0,0,nasa_power_daily
ap_gnr_tenali,2024-10-04,1.31,31.7,82.4,0,nasa_power_daily
ap_gnr_tenali,2024-10-05,0.72,30.7,82.4,0,nasa_power_daily
ap_gnr_tenali,2024-10-06,2.46,31.4,81.5,0,nasa_power_daily
ap_gnr_tenali,2024-10-07,3.26,30.5,83.4,0,nasa_power_daily
ap_gnr_tenali,2024-10-08,3.0,29.7,87.3,0,nasa_power_daily
ap_gnr_tenali,2024-10-09,4.23,30.0,87.2,0,nasa_power_daily
ap_gnr_tenali,2024-10-10,11.9,29.4,89.1,0,nasa_power_daily
ap_gnr_tenali,2024-10-11,20.11,29.6,88.7,0,nasa_power_daily
ap_gnr_tenali,2024-10-12,12.03,30.0,87.8,0,nasa_power_daily
ap_gnr_tenali,2024-10-13,5.89,30.5,86.8,0,nasa_power_daily
ap_gnr_tenali,2024-10-14,37.7,27.7,92.2,0,nasa_power_daily
ap_gnr_tenali,2024-10-15,20.65,29.6,90.0,0,nasa_power_daily
ap_gnr_tenali,2024-10-16,13.84,29.5,92.3,0,nasa_power_daily
ap_gnr_tenali,2024-10-17,6.47,29.9,90.9,0,nasa_power_daily
ap_gnr_tenali,2024-10-18,4.92,30.8,87.3,0,nasa_power_daily
ap_gnr_tenali,2024-10-19,10.39,29.9,90.2,0,nasa_power_daily
ap_gnr_tenali,2024-10-20,9.38,29.6,89.7,0,nasa_power_daily
ap_gnr_tenali,2024-10-21,3.91,30.1,87.7,0,nasa_power_daily
ap_gnr_tenali,2024-10-22,0.69,30.5,84.0,0,nasa_power_daily
ap_gnr_tenali,2024-10-23,0.09,30.2,82.6,0,nasa_power_daily
ap_gnr_tenali,2024-10-24,0.0,30.8,81.8,0,nasa_power_daily
ap_gnr_tenali,2024-10-25,0.0,30.9,81.6,0,nasa_power_daily
ap_gnr_tenali,2024-10-26,0.05,30.9,83.9,0,nasa_power_daily
ap_gnr_tenali,2024-10-27,0.01,30.8,79.1,0,nasa_power_daily
ap_gnr_tenali,2024-10-28,0.0,31.2,71.4,0,nasa_power_daily
ap_gnr_tenali,2024-10-29,0.31,31.7,75.3,0,nasa_power_daily
ap_gnr_tenali,2024-10-30,4.51,30.8,83.6,0,nasa_power_daily
ap_gnr_tenali,2024-10-31,0.71,30.4,85.1,0,nasa_power_daily
ap_gnr_tenali,2024-11-01,0.71,30.6,82.7,0,nasa_power_daily
ap_gnr_tenali,2024-11-02,0.8,31.0,82.7,0,nasa_power_daily
ap_gnr_tenali,2024-11-03,0.55,30.2,82.8,0,nasa_power_daily
ap_gnr_tenali,2024-11-04,0.05,30.1,81.4,0,nasa_power_daily
ap_gnr_tenali,2024-11-05,0.04,30.2,79.1,0,nasa_power_daily
ap_gnr_tenali,2024-11-06,0.19,30.3,83.9,0,nasa_power_daily
ap_gnr_tenali,2024-11-07,0.09,30.2,85.2,0,nasa_power_daily
ap_gnr_tenali,2024-11-08,0.03,30.1,84.0,0,nasa_power_daily
ap_gnr_tenali,2024-11-09,0.0,30.0,82.6,0,nasa_power_daily
ap_gnr_tenali,2024-11-10,0.0,30.0,80.6,0,nasa_power_daily
ap_gnr_tenali,2024-11-11,0.31,29.5,78.7,0,nasa_power_daily
ap_gnr_tenali,2024-11-12,3.48,30.1,88.2,0,nasa_power_daily
ap_gnr_tenali,2024-11-13,7.34,29.6,88.4,0,nasa_power_daily
ap_gnr_tenali,2024-11-14,3.42,29.1,89.3,0,nasa_power_daily
ap_gnr_tenali,2024-11-15,1.29,28.8,89.2,0,nasa_power_daily
ap_gnr_tenali,2024-11-16,0.04,30.0,84.7,0,nasa_power_daily
ap_gnr_tenali,2024-11-17,0.04,28.6,84.3,0,nasa_power_daily
ap_gnr_tenali,2024-11-18,0.0,28.7,80.1,0,nasa_power_daily
ap_gnr_tenali,2024-11-19,0.0,27.9,79.7,0,nasa_power_daily
ap_gnr_tenali,2024-11-20,0.0,28.1,77.6,0,nasa_power_daily
ap_gnr_tenali,2024-11-21,0.0,28.2,76.2,0,nasa_power_daily
ap_gnr_tenali,2024-11-22,0.0,28.1,75.2,0,nasa_power_daily
ap_gnr_tenali,2024-11-23,0.01,29.0,79.8,0,nasa_power_daily
ap_gnr_tenali,2024-11-24,0.01,29.1,80.6,0,nasa_power_daily
ap_gnr_tenali,2024-11-25,0.01,28.5,81.5,0,nasa_power_daily
ap_gnr_tenali,2024-11-26,0.28,28.2,81.8,0,nasa_power_daily
ap_gnr_tenali,2024-11-27,0.02,27.4,77.4,0,nasa_power_daily
ap_gnr_tenali,2024-11-28,0.06,28.8,81.2,0,nasa_power_daily
ap_gnr_tenali,2024-11-29,1.97,29.0,87.6,0,nasa_power_daily
ap_gnr_tenali,2024-11-30,5.61,28.0,90.2,0,nasa_power_daily
ap_gnr_tenali,2024-12-01,4.0,29.3,88.9,0,nasa_power_daily
ap_gnr_tenali,2024-12-02,3.77,29.7,88.6,0,nasa_power_daily
ap_gnr_tenali,2024-12-03,3.07,29.7,88.1,0,nasa_power_daily
ap_gnr_tenali,2024-12-04,1.21,29.1,89.1,0,nasa_power_daily
ap_gnr_tenali,2024-12-05,3.79,28.9,89.9,0,nasa_power_daily
ap_gnr_tenali,2024-12-06,0.31,30.1,84.1,0,nasa_power_daily
ap_gnr_tenali,2024-12-07,0.0,30.5,78.7,0,nasa_power_daily
ap_gnr_tenali,2024-12-08,0.0,30.3,77.9,0,nasa_power_daily
ap_gnr_tenali,2024-12-09,0.0,30.1,79.4,0,nasa_power_daily
ap_gnr_tenali,2024-12-10,0.01,30.7,82.2,0,nasa_power_daily
ap_gnr_tenali,2024-12-11,0.06,29.5,82.3,0,nasa_power_daily
ap_gnr_tenali,2024-12-12,0.05,28.5,80.8,0,nasa_power_daily
ap_gnr_tenali,2024-12-13,0.0,28.3,77.1,0,nasa_power_daily
ap_gnr_tenali,2024-12-14,0.0,28.5,73.5,0,nasa_power_daily
ap_gnr_tenali,2024-12-15,0.0,28.2,72.7,0,nasa_power_daily
ap_gnr_tenali,2024-12-16,0.0,28.5,70.5,0,nasa_power_daily
ap_gnr_tenali,2024-12-17,0.82,25.9,75.4,0,nasa_power_daily
ap_gnr_tenali,2024-12-18,0.21,28.3,85.2,0,nasa_power_daily
ap_gnr_tenali,2024-12-19,0.78,30.8,84.6,0,nasa_power_daily
ap_gnr_tenali,2024-12-20,1.38,29.8,86.7,0,nasa_power_daily
ap_gnr_tenali,2024-12-21,0.19,30.8,81.7,0,nasa_power_daily
ap_gnr_tenali,2024-12-22,0.02,30.9,77.9,0,nasa_power_daily
ap_gnr_tenali,2024-12-23,1.49,30.0,80.1,0,nasa_power_daily
ap_gnr_tenali,2024-12-24,2.89,26.2,88.0,0,nasa_power_daily
ap_gnr_tenali,2024-12-25,2.66,30.2,86.2,0,nasa_power_daily
ap_gnr_tenali,2024-12-26,2.9,29.5,83.9,0,nasa_power_daily
ap_gnr_tenali,2024-12-27,0.24,29.6,80.4,0,nasa_power_daily
ap_gnr_tenali,2024-12-28,0.0,30.1,79.1,0,nasa_power_daily
ap_gnr_tenali,2024-12-29,0.0,30.8,78.1,0,nasa_power_daily
ap_gnr_tenali,2024-12-30,0.0,30.9,77.7,0,nasa_power_daily
ap_gnr_tenali,2024-12-31,0.0,30.4,79.4,0,nasa_power_daily
ap_gnr_tenali,2025-01-01,0.0,30.2,79.3,0,nasa_power_daily
ap_gnr_tenali,2025-01-02,0.0,29.7,76.4,0,nasa_power_daily
ap_gnr_tenali,2025-01-03,0.0,29.4,73.2,0,nasa_power_daily
ap_gnr_tenali,2025-01-04,0.0,29.1,74.9,0,nasa_power_daily
ap_gnr_tenali,2025-01-05,0.0,29.0,73.0,0,nasa_power_daily
ap_gnr_tenali,2025-01-06,0.0,29.5,70.3,0,nasa_power_daily
ap_gnr_tenali,2025-01-07,0.0,30.1,66.4,0,nasa_power_daily
ap_gnr_tenali,2025-01-08,0.0,29.6,69.3,0,nasa_power_daily
ap_gnr_tenali,2025-01-09,0.0,29.1,71.7,0,nasa_power_daily
ap_gnr_tenali,2025-01-10,0.01,29.1,71.0,0,nasa_power_daily
ap_gnr_tenali,2025-01-11,0.0,29.2,71.7,0,nasa_power_daily
ap_gnr_tenali,2025-01-12,0.01,30.2,70.5,0,nasa_power_daily
ap_gnr_tenali,2025-01-13,0.01,30.3,74.9,0,nasa_power_daily
ap_gnr_tenali,2025-01-14,0.0,30.4,74.1,0,nasa_power_daily
ap_gnr_tenali,2025-01-15,0.0,29.7,73.9,0,nasa_power_daily
ap_gnr_tenali,2025-01-16,0.0,29.4,70.7,0,nasa_power_daily
ap_gnr_tenali,2025-01-17,0.0,29.5,70.3,0,nasa_power_daily
ap_gnr_tenali,2025-01-18,0.0,29.7,69.7,0,nasa_power_daily
ap_gnr_tenali,2025-01-19,0.0,31.5,70.3,0,nasa_power_daily
ap_gnr_tenali,2025-01-20,0.0,31.0,72.6,0,nasa_power_daily
ap_gnr_tenali,2025-01-21,0.0,31.1,71.4,0,nasa_power_daily
ap_gnr_tenali,2025-01-22,0.0,30.6,75.3,0,nasa_power_daily
ap_gnr_tenali,2025-01-23,0.0,30.6,74.6,0,nasa_power_daily
ap_gnr_tenali,2025-01-24,0.0,31.0,74.1,0,nasa_power_daily
ap_gnr_tenali,2025-01-25,0.0,31.6,68.0,0,nasa_power_daily
ap_gnr_tenali,2025-01-26,0.0,31.9,64.9,0,nasa_power_daily
ap_gnr_tenali,2025-01-27,0.0,31.9,69.6,0,nasa_power_daily
ap_gnr_tenali,2025-01-28,0.0,31.4,70.2,0,nasa_power_daily
ap_gnr_tenali,2025-01-29,0.0,31.6,69.9,0,nasa_power_daily
ap_gnr_tenali,2025-01-30,0.0,31.6,65.5,0,nasa_power_daily
ap_gnr_tenali,2025-01-31,0.0,32.3,64.5,0,nasa_power_daily
ap_gnr_tenali,2025-02-01,0.0,32.6,70.4,0,nasa_power_daily
ap_gnr_tenali,2025-02-02,0.0,32.9,66.8,0,nasa_power_daily
ap_gnr_tenali,2025-02-03,0.0,34.2,59.1,0,nasa_power_daily
ap_gnr_tenali,2025-02-04,0.0,34.9,56.1,0,nasa_power_daily
ap_gnr_tenali,2025-02-05,0.0,34.8,55.6,0,nasa_power_daily
ap_gnr_tenali,2025-02-06,0.0,34.2,62.6,0,nasa_power_daily
ap_gnr_tenali,2025-02-07,0.0,34.4,61.5,0,nasa_power_daily
ap_gnr_tenali,2025-02-08,0.0,34.4,60.0,0,nasa_power_daily
ap_gnr_tenali,2025-02-09,0.0,33.1,70.4,0,nasa_power_daily
ap_gnr_tenali,2025-02-10,0.0,32.9,67.3,0,nasa_power_daily
ap_gnr_tenali,2025-02-11,0.0,33.7,61.8,0,nasa_power_daily
ap_gnr_tenali,2025-02-12,0.0,34.6,55.6,0,nasa_power_daily
ap_gnr_tenali,2025-02-13,0.0,35.6,58.1,0,nasa_power_daily
ap_gnr_tenali,2025-02-14,0.0,36.0,53.0,0,nasa_power_daily
ap_gnr_tenali,2025-02-15,0.0,35.7,49.7,0,nasa_power_daily
ap_gnr_tenali,2025-02-16,0.0,34.6,63.5,0,nasa_power_daily
ap_gnr_tenali,2025-02-17,0.0,33.8,65.1,0,nasa_power_daily
ap_gnr_tenali,2025-02-18,0.0,34.1,65.0,0,nasa_power_daily
ap_gnr_tenali,2025-02-19,0.0,34.6,62.9,0,nasa_power_daily
ap_gnr_tenali,2025-02-20,0.0,33.9,64.2,0,nasa_power_daily
ap_gnr_tenali,2025-02-21,0.0,34.3,62.7,0,nasa_power_daily
ap_gnr_tenali,2025-02-22,0.0,35.3,61.2,0,nasa_power_daily
ap_gnr_tenali,2025-02-23,0.0,36.4,58.2,0,nasa_power_daily
ap_gnr_tenali,2025-02-24,0.0,34.3,64.8,0,nasa_power_daily
ap_gnr_tenali,2025-02-25,0.0,34.7,63.4,0,nasa_power_daily
ap_gnr_tenali,2025-02-26,0.0,34.5,61.2,0,nasa_power_daily
ap_gnr_tenali,2025-02-27,0.0,34.6,61.8,0,nasa_power_daily
ap_gnr_tenali,2025-02-28,0.0,34.4,60.2,0,nasa_power_daily
ap_gnr_tenali,2025-03-01,0.0,35.2,57.8,0,nasa_power_daily
ap_gnr_tenali,2025-03-02,0.0,36.2,57.3,0,nasa_power_daily
ap_gnr_tenali,2025-03-03,0.0,37.6,55.4,0,nasa_power_daily
ap_gnr_tenali,2025-03-04,0.0,38.1,57.7,0,nasa_power_daily
ap_gnr_tenali,2025-03-05,0.0,38.2,53.6,0,nasa_power_daily
ap_gnr_tenali,2025-03-06,0.0,38.2,33.2,0,nasa_power_daily
ap_gnr_tenali,2025-03-07,0.0,36.2,59.1,0,nasa_power_daily
ap_gnr_tenali,2025-03-08,0.0,36.2,61.2,0,nasa_power_daily
ap_gnr_tenali,2025-03-09,0.0,34.5,64.9,0,nasa_power_daily
ap_gnr_tenali,2025-03-10,0.0,34.1,63.9,0,nasa_power_daily
ap_gnr_tenali,2025-03-11,0.0,35.6,64.4,0,nasa_power_daily
ap_gnr_tenali,2025-03-12,0.0,36.9,64.3,0,nasa_power_daily
ap_gnr_tenali,2025-03-13,0.0,38.1,61.8,0,nasa_power_daily
ap_gnr_tenali,2025-03-14,0.0,37.6,62.5,0,nasa_power_daily
ap_gnr_tenali,2025-03-15,0.0,36.8,62.5,0,nasa_power_daily
ap_gnr_tenali,2025-03-16,0.0,36.9,60.3,0,nasa_power_daily
ap_gnr_tenali,2025-03-17,0.0,36.7,63.8,0,nasa_power_daily
ap_gnr_tenali,2025-03-18,0.03,37.1,68.6,0,nasa_power_daily
ap_gnr_tenali,2025-03-19,0.04,35.2,70.7,0,nasa_power_daily
ap_gnr_tenali,2025-03-20,0.02,34.9,67.2,0,nasa_power_daily
ap_gnr_tenali,2025-03-21,0.0,35.2,65.0,0,nasa_power_daily
ap_gnr_tenali,2025-03-22,0.08,34.7,69.5,0,nasa_power_daily
ap_gnr_tenali,2025-03-23,0.23,35.3,67.6,0,nasa_power_daily
ap_gnr_tenali,2025-03-24,0.05,36.1,63.8,0,nasa_power_daily
ap_gnr_tenali,2025-03-25,0.01,36.9,58.5,0,nasa_power_daily
ap_gnr_tenali,2025-03-26,0.01,37.2,59.0,0,nasa_power_daily
ap_gnr_tenali,2025-03-27,0.0,39.2,55.5,0,nasa_power_daily
ap_gnr_tenali,2025-03-28,0.0,39.2,56.6,0,nasa_power_daily
ap_gnr_tenali,2025-03-29,0.0,38.8,57.0,0,nasa_power_daily
ap_gnr_tenali,2025-03-30,0.0,37.4,61.0,0,nasa_power_daily
ap_gnr_tenali,2025-03-31,0.0,35.8,61.3,0,nasa_power_daily
ap_gnr_tenali,2025-04-01,0.05,34.0,65.2,0,nasa_power_daily
ap_gnr_tenali,2025-04-02,0.9,35.5,60.9,0,nasa_power_daily
ap_gnr_tenali,2025-04-03,5.74,35.3,67.8,0,nasa_power_daily
ap_gnr_tenali,2025-04-04,3.02,37.2,61.1,0,nasa_power_daily
ap_gnr_tenali,2025-04-05,0.38,36.8,59.3,0,nasa_power_daily
ap_gnr_tenali,2025-04-06,0.68,37.6,59.3,0,nasa_power_daily
ap_gnr_tenali,2025-04-07,0.4,37.8,60.4,0,nasa_power_daily
ap_gnr_tenali,2025-04-08,0.93,37.0,63.0,0,nasa_power_daily
ap_gnr_tenali,2025-04-09,0.65,37.1,62.2,0,nasa_power_daily
ap_gnr_tenali,2025-04-10,0.67,35.8,61.9,0,nasa_power_daily
ap_gnr_tenali,2025-04-11,0.94,39.9,58.2,0,nasa_power_daily
ap_gnr_tenali,2025-04-12,0.38,40.7,56.1,0,nasa_power_daily
ap_gnr_tenali,2025-04-13,0.94,37.8,56.1,0,nasa_power_daily
ap_gnr_tenali,2025-04-14,1.71,37.5,59.1,0,nasa_power_daily
ap_gnr_tenali,2025-04-15,3.28,36.8,62.0,0,nasa_power_daily
ap_gnr_tenali,2025-04-16,5.68,34.8,68.5,0,nasa_power_daily
ap_gnr_tenali,2025-04-17,0.01,36.4,65.5,0,nasa_power_daily
ap_gnr_tenali,2025-04-18,0.01,36.6,66.8,0,nasa_power_daily
ap_gnr_tenali,2025-04-19,0.09,37.5,67.6,0,nasa_power_daily
ap_gnr_tenali,2025-04-20,0.2,37.4,66.7,0,nasa_power_daily
ap_gnr_tenali,2025-04-21,0.06,36.6,66.0,0,nasa_power_daily
ap_gnr_tenali,2025-04-22,0.0,36.6,67.6,0,nasa_power_daily
ap_gnr_tenali,2025-04-23,0.0,37.8,63.4,0,nasa_power_daily
ap_gnr_tenali,2025-04-24,0.0,37.3,63.2,0,nasa_power_daily
ap_gnr_tenali,2025-04-25,0.0,37.3,65.3,0,nasa_power_daily
ap_gnr_tenali,2025-04-26,0.45,37.4,65.4,0,nasa_power_daily
ap_gnr_tenali,2025-04-27,0.45,36.4,67.9,0,nasa_power_daily
ap_gnr_tenali,2025-04-28,0.17,37.3,62.5,0,nasa_power_daily
ap_gnr_tenali,2025-04-29,0.24,37.5,63.3,0,nasa_power_daily
ap_gnr_tenali,2025-04-30,0.94,37.3,64.2,0,nasa_power_daily
ap_gnr_tenali,2025-05-01,2.1,36.5,66.0,0,nasa_power_daily
ap_gnr_tenali,2025-05-02,2.12,36.2,67.5,0,nasa_power_daily
ap_gnr_tenali,2025-05-03,1.55,38.0,63.8,0,nasa_power_daily
ap_gnr_tenali,2025-05-04,5.62,36.0,66.3,0,nasa_power_daily
ap_gnr_tenali,2025-05-05,4.84,36.9,68.2,0,nasa_power_daily
ap_gnr_tenali,2025-05-06,1.03,36.6,65.3,0,nasa_power_daily
ap_gnr_tenali,2025-05-07,3.36,37.1,62.5,0,nasa_power_daily
ap_gnr_tenali,2025-05-08,3.2,35.9,66.8,0,nasa_power_daily
ap_gnr_tenali,2025-05-09,0.91,35.5,69.0,0,nasa_power_daily
ap_gnr_tenali,2025-05-10,1.04,36.3,67.3,0,nasa_power_daily
ap_gnr_tenali,2025-05-11,1.75,35.3,67.7,0,nasa_power_daily
ap_gnr_tenali,2025-05-12,0.58,37.7,62.8,0,nasa_power_daily
ap_gnr_tenali,2025-05-13,1.19,39.6,57.8,0,nasa_power_daily
ap_gnr_tenali,2025-05-14,2.76,36.8,63.0,0,nasa_power_daily
ap_gnr_tenali,2025-05-15,22.86,33.4,75.1,0,nasa_power_daily
ap_gnr_tenali,2025-05-16,5.91,35.1,73.9,0,nasa_power_daily
ap_gnr_tenali,2025-05-17,4.77,33.6,74.0,0,nasa_power_daily
ap_gnr_tenali,2025-05-18,9.28,32.5,77.7,0,nasa_power_daily
ap_gnr_tenali,2025-05-19,17.29,33.3,79.7,0,nasa_power_daily
ap_gnr_tenali,2025-05-20,15.07,31.5,86.4,0,nasa_power_daily
ap_gnr_tenali,2025-05-21,23.96,31.8,85.0,0,nasa_power_daily
ap_gnr_tenali,2025-05-22,2.81,31.8,79.4,0,nasa_power_daily
ap_gnr_tenali,2025-05-23,2.27,36.1,68.5,0,nasa_power_daily
ap_gnr_tenali,2025-05-24,20.49,33.5,78.6,0,nasa_power_daily
ap_gnr_tenali,2025-05-25,5.38,31.8,79.5,0,nasa_power_daily
ap_gnr_tenali,2025-05-26,1.95,31.6,78.2,0,nasa_power_daily
ap_gnr_tenali,2025-05-27,1.63,32.1,77.0,0,nasa_power_daily
ap_gnr_tenali,2025-05-28,1.01,33.5,75.3,0,nasa_power_daily
ap_gnr_tenali,2025-05-29,1.86,32.5,77.4,0,nasa_power_daily
ap_gnr_tenali,2025-05-30,9.64,31.4,79.0,0,nasa_power_daily
ap_gnr_tenali,2025-05-31,0.71,34.3,71.5,0,nasa_power_daily
ap_gnr_tenali,2025-06-01,0.0,37.8,59.0,0,nasa_power_daily
ap_gnr_tenali,2025-06-02,0.16,37.5,59.2,0,nasa_power_daily
ap_gnr_tenali,2025-06-03,0.11,37.4,60.5,0,nasa_power_daily
ap_gnr_tenali,2025-06-04,0.13,35.8,64.4,0,nasa_power_daily
ap_gnr_tenali,2025-06-05,0.19,37.8,61.5,0,nasa_power_daily
ap_gnr_tenali,2025-06-06,0.15,37.5,64.9,0,nasa_power_daily
ap_gnr_tenali,2025-06-07,2.64,35.5,67.7,0,nasa_power_daily
ap_gnr_tenali,2025-06-08,1.32,37.8,64.8,0,nasa_power_daily
ap_gnr_tenali,2025-06-09,1.01,35.0,67.6,0,nasa_power_daily
ap_gnr_tenali,2025-06-10,2.04,36.0,68.1,0,nasa_power_daily
ap_gnr_tenali,2025-06-11,16.66,30.0,83.2,0,nasa_power_daily
ap_gnr_tenali,2025-06-12,9.25,32.4,78.6,0,nasa_power_daily
ap_gnr_tenali,2025-06-13,2.89,32.4,78.0,0,nasa_power_daily
ap_gnr_tenali,2025-06-14,9.66,32.0,81.3,0,nasa_power_daily
ap_gnr_tenali,2025-06-15,3.54,30.4,78.5,0,nasa_power_daily
ap_gnr_tenali,2025-06-16,0.85,33.1,73.0,0,nasa_power_daily
ap_gnr_tenali,2025-06-17,0.5,35.9,66.0,0,nasa_power_daily
ap_gnr_tenali,2025-06-18,0.21,36.1,65.7,0,nasa_power_daily
ap_gnr_tenali,2025-06-19,0.04,35.4,65.4,0,nasa_power_daily
ap_gnr_tenali,2025-06-20,1.29,35.3,64.4,0,nasa_power_daily
ap_gnr_tenali,2025-06-21,1.14,35.7,64.6,0,nasa_power_daily
ap_gnr_tenali,2025-06-22,2.89,34.8,65.6,0,nasa_power_daily
ap_gnr_tenali,2025-06-23,3.6,34.8,65.4,0,nasa_power_daily
ap_gnr_tenali,2025-06-24,4.63,34.2,67.0,0,nasa_power_daily
ap_gnr_tenali,2025-06-25,4.47,32.7,69.5,0,nasa_power_daily
ap_gnr_tenali,2025-06-26,5.06,34.7,67.6,0,nasa_power_daily
ap_gnr_tenali,2025-06-27,0.57,35.4,66.1,0,nasa_power_daily
ap_gnr_tenali,2025-06-28,0.52,35.4,63.8,0,nasa_power_daily
ap_gnr_tenali,2025-06-29,3.06,34.2,65.6,0,nasa_power_daily
ap_gnr_tenali,2025-06-30,2.27,34.5,67.0,0,nasa_power_daily
ap_gnr_tenali,2025-07-01,5.3,34.8,67.0,0,nasa_power_daily
ap_gnr_tenali,2025-07-02,3.55,33.3,69.0,0,nasa_power_daily
ap_gnr_tenali,2025-07-03,1.62,35.6,67.5,0,nasa_power_daily
ap_gnr_tenali,2025-07-04,0.96,35.9,62.9,0,nasa_power_daily
ap_gnr_tenali,2025-07-05,0.36,35.5,61.0,0,nasa_power_daily
ap_gnr_tenali,2025-07-06,0.48,36.4,60.9,0,nasa_power_daily
ap_gnr_tenali,2025-07-07,2.0,34.8,63.1,0,nasa_power_daily
ap_gnr_tenali,2025-07-08,1.64,37.1,60.0,0,nasa_power_daily
ap_gnr_tenali,2025-07-09,3.58,36.0,64.9,0,nasa_power_daily
ap_gnr_tenali,2025-07-10,0.56,35.1,65.7,0,nasa_power_daily
ap_gnr_tenali,2025-07-11,10.09,33.9,70.8,0,nasa_power_daily
ap_gnr_tenali,2025-07-12,0.7,34.9,66.8,0,nasa_power_daily
ap_gnr_tenali,2025-07-13,0.18,33.2,68.3,0,nasa_power_daily
ap_gnr_tenali,2025-07-14,0.15,36.7,60.9,0,nasa_power_daily
ap_gnr_tenali,2025-07-15,0.7,35.6,63.0,0,nasa_power_daily
ap_gnr_tenali,2025-07-16,1.37,34.9,66.4,0,nasa_power_daily
ap_gnr_tenali,2025-07-17,7.22,33.5,75.6,0,nasa_power_daily
ap_gnr_tenali,2025-07-18,5.89,31.6,77.3,0,nasa_power_daily
ap_gnr_tenali,2025-07-19,2.02,35.1,69.0,0,nasa_power_daily
ap_gnr_tenali,2025-07-20,23.13,32.0,77.0,0,nasa_power_daily
ap_gnr_tenali,2025-07-21,38.64,30.5,85.6,0,nasa_power_daily
ap_gnr_tenali,2025-07-22,6.71,29.8,85.0,0,nasa_power_daily
ap_gnr_tenali,2025-07-23,9.52,30.5,82.7,0,nasa_power_daily
ap_gnr_tenali,2025-07-24,2.79,31.7,79.3,0,nasa_power_daily
ap_gnr_tenali,2025-07-25,9.36,31.1,82.9,0,nasa_power_daily
ap_gnr_tenali,2025-07-26,1.98,32.8,76.5,0,nasa_power_daily
ap_gnr_tenali,2025-07-27,0.06,34.0,69.8,0,nasa_power_daily
ap_gnr_tenali,2025-07-28,0.04,34.7,67.8,0,nasa_power_daily
ap_gnr_tenali,2025-07-29,0.15,35.0,65.7,0,nasa_power_daily
ap_gnr_tenali,2025-07-30,0.63,34.6,68.0,0,nasa_power_daily
ap_gnr_tenali,2025-07-31,0.65,34.9,69.8,0,nasa_power_daily
ap_gnr_tenali,2025-08-01,0.07,35.3,67.7,0,nasa_power_daily
ap_gnr_tenali,2025-08-02,1.12,33.7,72.2,0,nasa_power_daily
ap_gnr_tenali,2025-08-03,0.16,33.7,73.6,0,nasa_power_daily
ap_gnr_tenali,2025-08-04,0.53,33.0,76.1,0,nasa_power_daily
ap_gnr_tenali,2025-08-05,0.65,32.7,78.4,0,nasa_power_daily
ap_gnr_tenali,2025-08-06,0.7,32.4,77.7,0,nasa_power_daily
ap_gnr_tenali,2025-08-07,5.46,32.1,78.8,0,nasa_power_daily
ap_gnr_tenali,2025-08-08,5.71,31.3,81.6,0,nasa_power_daily
ap_gnr_tenali,2025-08-09,4.82,32.7,77.2,0,nasa_power_daily
ap_gnr_tenali,2025-08-10,11.93,29.5,83.5,0,nasa_power_daily
ap_gnr_tenali,2025-08-11,24.67,31.2,83.4,0,nasa_power_daily
ap_gnr_tenali,2025-08-12,51.61,29.5,88.2,0,nasa_power_daily
ap_gnr_tenali,2025-08-13,58.87,28.6,91.2,0,nasa_power_daily
ap_gnr_tenali,2025-08-14,3.86,31.2,82.9,0,nasa_power_daily
ap_gnr_tenali,2025-08-15,0.38,30.7,81.3,0,nasa_power_daily
ap_gnr_tenali,2025-08-16,2.8,29.9,86.1,0,nasa_power_daily
ap_gnr_tenali,2025-08-17,8.05,28.8,87.6,0,nasa_power_daily
ap_gnr_tenali,2025-08-18,8.09,30.1,84.2,0,nasa_power_daily
ap_gnr_tenali,2025-08-19,1.99,32.1,80.8,0,nasa_power_daily
ap_gnr_tenali,2025-08-20,0.08,32.1,78.0,0,nasa_power_daily
ap_gnr_tenali,2025-08-21,0.02,32.5,79.3,0,nasa_power_daily
ap_gnr_tenali,2025-08-22,0.17,31.3,80.7,0,nasa_power_daily
ap_gnr_tenali,2025-08-23,0.88,31.1,81.7,0,nasa_power_daily
ap_gnr_tenali,2025-08-24,0.27,32.9,78.5,0,nasa_power_daily
ap_gnr_tenali,2025-08-25,0.32,32.4,76.7,0,nasa_power_daily
ap_gnr_tenali,2025-08-26,6.9,30.6,82.0,0,nasa_power_daily
ap_gnr_tenali,2025-08-27,18.62,29.5,87.3,0,nasa_power_daily
ap_gnr_tenali,2025-08-28,11.4,31.1,83.0,0,nasa_power_daily
ap_gnr_tenali,2025-08-29,2.85,32.4,79.5,0,nasa_power_daily
ap_gnr_tenali,2025-08-30,2.78,31.8,81.2,0,nasa_power_daily
ap_gnr_tenali,2025-08-31,1.21,31.0,83.9,0,nasa_power_daily
ap_gnr_tenali,2025-09-01,8.37,30.0,86.9,0,nasa_power_daily
ap_gnr_tenali,2025-09-02,5.6,29.8,86.3,0,nasa_power_daily
ap_gnr_tenali,2025-09-03,2.79,30.5,85.4,0,nasa_power_daily
ap_gnr_tenali,2025-09-04,1.35,31.9,82.6,0,nasa_power_daily
ap_gnr_tenali,2025-09-05,0.52,32.7,77.5,0,nasa_power_daily
ap_gnr_tenali,2025-09-06,0.22,32.8,75.4,0,nasa_power_daily
ap_gnr_tenali,2025-09-07,0.35,32.0,78.4,0,nasa_power_daily
ap_gnr_tenali,2025-09-08,0.08,32.5,78.4,0,nasa_power_daily
ap_gnr_tenali,2025-09-09,0.73,32.2,80.9,0,nasa_power_daily
ap_gnr_tenali,2025-09-10,1.69,31.8,80.2,0,nasa_power_daily
ap_gnr_tenali,2025-09-11,12.86,30.1,85.6,0,nasa_power_daily
ap_gnr_tenali,2025-09-12,1.92,29.4,88.1,0,nasa_power_daily
ap_gnr_tenali,2025-09-13,14.62,30.6,85.3,0,nasa_power_daily
ap_gnr_tenali,2025-09-14,2.13,31.2,84.0,0,nasa_power_daily
ap_gnr_tenali,2025-09-15,1.4,31.6,82.2,0,nasa_power_daily
ap_gnr_tenali,2025-09-16,1.45,31.2,82.7,0,nasa_power_daily
ap_gnr_tenali,2025-09-17,12.24,30.3,86.0,0,nasa_power_daily
ap_gnr_tenali,2025-09-18,5.52,30.4,85.8,0,nasa_power_daily
ap_gnr_tenali,2025-09-19,11.75,31.1,83.0,0,nasa_power_daily
ap_gnr_tenali,2025-09-20,21.32,30.5,86.8,0,nasa_power_daily
ap_gnr_tenali,2025-09-21,7.88,30.4,86.5,0,nasa_power_daily
ap_gnr_tenali,2025-09-22,15.61,29.4,89.2,0,nasa_power_daily
ap_gnr_tenali,2025-09-23,3.19,29.7,87.0,0,nasa_power_daily
ap_gnr_tenali,2025-09-24,2.91,30.5,86.9,0,nasa_power_daily
ap_gnr_tenali,2025-09-25,6.74,30.0,86.9,0,nasa_power_daily
ap_gnr_tenali,2025-09-26,4.86,29.7,86.1,0,nasa_power_daily
ap_gnr_tenali,2025-09-27,2.18,30.5,85.9,0,nasa_power_daily
ap_gnr_tenali,2025-09-28,0.43,31.2,81.2,0,nasa_power_daily
ap_gnr_tenali,2025-09-29,0.69,31.6,81.1,0,nasa_power_daily
ap_gnr_tenali,2025-09-30,0.9,31.0,83.3,0,nasa_power_daily
ap_gnr_tenali,2025-10-01,3.62,30.0,87.2,0,nasa_power_daily
ap_gnr_tenali,2025-10-02,1.22,30.6,86.0,0,nasa_power_daily
ap_gnr_tenali,2025-10-03,0.31,31.5,83.8,0,nasa_power_daily
ap_gnr_tenali,2025-10-04,0.34,30.9,84.1,0,nasa_power_daily
ap_gnr_tenali,2025-10-05,7.23,29.9,84.7,0,nasa_power_daily
ap_gnr_tenali,2025-10-06,11.34,29.6,87.5,0,nasa_power_daily
ap_gnr_tenali,2025-10-07,1.64,30.7,83.1,0,nasa_power_daily
ap_gnr_tenali,2025-10-08,1.64,30.7,83.2,0,nasa_power_daily
ap_gnr_tenali,2025-10-09,6.34,30.4,84.8,0,nasa_power_daily
ap_gnr_tenali,2025-10-10,9.52,29.6,84.6,0,nasa_power_daily
ap_gnr_tenali,2025-10-11,7.45,29.9,84.5,0,nasa_power_daily
ap_gnr_tenali,2025-10-12,4.63,29.9,86.3,0,nasa_power_daily
ap_gnr_tenali,2025-10-13,10.61,30.0,84.9,0,nasa_power_daily
ap_gnr_tenali,2025-10-14,12.16,29.2,89.2,0,nasa_power_daily
ap_gnr_tenali,2025-10-15,2.15,30.6,85.0,0,nasa_power_daily
ap_gnr_tenali,2025-10-16,2.55,30.6,85.7,0,nasa_power_daily
ap_gnr_tenali,2025-10-17,2.32,30.6,83.9,0,nasa_power_daily
ap_gnr_tenali,2025-10-18,12.04,28.6,89.8,0,nasa_power_daily
ap_gnr_tenali,2025-10-19,10.35,28.1,90.7,0,nasa_power_daily
ap_gnr_tenali,2025-10-20,4.79,29.3,88.2,0,nasa_power_daily
ap_gnr_tenali,2025-10-21,10.96,29.1,90.6,0,nasa_power_daily
ap_gnr_tenali,2025-10-22,35.8,28.8,91.5,0,nasa_power_daily
ap_gnr_tenali,2025-10-23,22.39,29.6,88.2,0,nasa_power_daily
ap_gnr_tenali,2025-10-24,16.91,28.5,91.0,0,nasa_power_daily
ap_gnr_tenali,2025-10-25,2.13,29.5,88.3,0,nasa_power_daily
ap_gnr_tenali,2025-10-26,2.71,29.5,88.7,0,nasa_power_daily
ap_gnr_tenali,2025-10-27,26.68,27.9,92.9,0,nasa_power_daily
ap_gnr_tenali,2025-10-28,77.62,28.3,94.3,0,nasa_power_daily
ap_gnr_tenali,2025-10-29,20.42,29.7,88.2,0,nasa_power_daily
ap_gnr_tenali,2025-10-30,0.67,30.0,83.8,0,nasa_power_daily
ap_gnr_tenali,2025-10-31,0.0,30.4,80.8,0,nasa_power_daily
ap_gnr_tenali,2025-11-01,0.31,31.2,78.8,0,nasa_power_daily
ap_gnr_tenali,2025-11-02,2.29,31.6,82.5,0,nasa_power_daily
ap_gnr_tenali,2025-11-03,0.55,31.3,86.2,0,nasa_power_daily
ap_gnr_tenali,2025-11-04,11.29,29.4,86.5,0,nasa_power_daily
ap_gnr_tenali,2025-11-05,4.52,30.2,85.5,0,nasa_power_daily
ap_gnr_tenali,2025-11-06,0.9,30.3,82.8,0,nasa_power_daily
ap_gnr_tenali,2025-11-07,0.31,30.0,80.2,0,nasa_power_daily
ap_gnr_tenali,2025-11-08,0.17,29.1,80.0,0,nasa_power_daily
ap_gnr_tenali,2025-11-09,0.01,28.2,79.8,0,nasa_power_daily
ap_gnr_tenali,2025-11-10,0.05,28.4,78.0,0,nasa_power_daily
ap_gnr_tenali,2025-11-11,0.13,28.7,79.6,0,nasa_power_daily
ap_gnr_tenali,2025-11-12,0.0,29.3,82.1,0,nasa_power_daily
ap_gnr_tenali,2025-11-13,0.0,28.9,79.2,0,nasa_power_daily
ap_gnr_tenali,2025-11-14,0.0,27.2,75.0,0,nasa_power_daily
ap_gnr_tenali,2025-11-15,0.0,27.1,78.7,0,nasa_power_daily
ap_gnr_tenali,2025-11-16,0.0,27.1,78.9,0,nasa_power_daily
ap_gnr_tenali,2025-11-17,0.02,26.4,80.2,0,nasa_power_daily
ap_gnr_tenali,2025-11-18,0.09,27.8,82.5,0,nasa_power_daily
ap_gnr_tenali,2025-11-19,0.01,27.4,79.9,0,nasa_power_daily
ap_gnr_tenali,2025-11-20,0.03,28.5,83.2,0,nasa_power_daily
ap_gnr_tenali,2025-11-21,0.36,29.5,88.8,0,nasa_power_daily
ap_gnr_tenali,2025-11-22,0.04,29.2,87.6,0,nasa_power_daily
ap_gnr_tenali,2025-11-23,0.05,28.2,87.9,0,nasa_power_daily
ap_gnr_tenali,2025-11-24,0.01,29.0,84.4,0,nasa_power_daily
ap_gnr_tenali,2025-11-25,0.0,28.0,81.3,0,nasa_power_daily
ap_gnr_tenali,2025-11-26,0.0,27.6,80.2,0,nasa_power_daily
ap_gnr_tenali,2025-11-27,0.0,27.5,82.2,0,nasa_power_daily
ap_gnr_tenali,2025-11-28,0.01,26.9,81.2,0,nasa_power_daily
ap_gnr_tenali,2025-11-29,0.44,28.3,85.5,0,nasa_power_daily
ap_gnr_tenali,2025-11-30,3.99,27.1,88.4,0,nasa_power_daily
ap_gnr_tenali,2025-12-01,1.47,25.5,89.5,0,nasa_power_daily
ap_gnr_tenali,2025-12-02,2.21,26.1,89.4,0,nasa_power_daily
ap_gnr_tenali,2025-12-03,2.57,27.6,89.0,0,nasa_power_daily
ap_gnr_tenali,2025-12-04,0.78,27.9,85.7,0,nasa_power_daily
ap_gnr_tenali,2025-12-05,0.01,26.8,82.7,0,nasa_power_daily
ap_gnr_tenali,2025-12-06,0.02,27.4,80.1,0,nasa_power_daily
ap_gnr_tenali,2025-12-07,0.0,26.6,83.0,0,nasa_power_daily
ap_gnr_tenali,2025-12-08,0.0,26.7,81.2,0,nasa_power_daily
ap_gnr_tenali,2025-12-09,0.0,27.1,77.4,0,nasa_power_daily
ap_gnr_tenali,2025-12-10,0.0,27.1,79.5,0,nasa_power_daily
ap_gnr_tenali,2025-12-11,0.0,27.1,76.4,0,nasa_power_daily
ap_gnr_tenali,2025-12-12,0.0,26.8,69.8,0,nasa_power_daily
ap_gnr_tenali,2025-12-13,0.0,27.1,73.3,0,nasa_power_daily
ap_gnr_tenali,2025-12-14,0.0,27.3,78.7,0,nasa_power_daily
ap_gnr_tenali,2025-12-15,0.0,27.6,78.4,0,nasa_power_daily
ap_gnr_tenali,2025-12-16,0.0,28.0,80.0,0,nasa_power_daily
ap_gnr_tenali,2025-12-17,0.0,27.8,81.5,0,nasa_power_daily
ap_gnr_tenali,2025-12-18,0.0,27.8,77.3,0,nasa_power_daily
ap_gnr_tenali,2025-12-19,0.0,27.2,70.6,0,nasa_power_daily
ap_gnr_tenali,2025-12-20,0.0,27.1,74.8,0,nasa_power_daily
ap_gnr_tenali,2025-12-21,0.0,27.6,76.1,0,nasa_power_daily
ap_gnr_tenali,2025-12-22,0.0,27.1,79.1,0,nasa_power_daily
ap_gnr_tenali,2025-12-23,0.0,27.5,77.7,0,nasa_power_daily
ap_gnr_tenali,2025-12-24,0.0,27.6,76.0,0,nasa_power_daily
ap_gnr_tenali,2025-12-25,0.0,27.5,75.0,0,nasa_power_daily
ap_gnr_tenali,2025-12-26,0.0,27.9,73.3,0,nasa_power_daily
ap_gnr_tenali,2025-12-27,0.0,27.9,70.8,0,nasa_power_daily
ap_gnr_tenali,2025-12-28,0.0,28.1,73.8,0,nasa_power_daily
ap_gnr_tenali,2025-12-29,0.0,28.2,74.9,0,nasa_power_daily
ap_gnr_tenali,2025-12-30,0.0,28.4,79.3,0,nasa_power_daily
ap_gnr_tenali,2025-12-31,0.0,28.9,79.6,0,nasa_power_daily
